{
  "article_url": "https://andylee.pro/wp/?p=3786",
  "title": "知名書法家金一如先生提筆贈字",
  "content": "<p><a href=\"https://andylee.pro/wp/wp-content/uploads/2016/09/IMG_2987.jpg\"><img alt=\"img_2987\" class=\"alignnone size-full wp-image-3785\" decoding=\"async\" fetchpriority=\"high\" height=\"2448\" sizes=\"(max-width: 3264px) 100vw, 3264px\" src=\"https://andylee.pro/wp/wp-content/uploads/2016/09/IMG_2987.jpg\" srcset=\"https://andylee.pro/wp/wp-content/uploads/2016/09/IMG_2987.jpg 3264w, https://andylee.pro/wp/wp-content/uploads/2016/09/IMG_2987-300x225.jpg 300w, https://andylee.pro/wp/wp-content/uploads/2016/09/IMG_2987-768x576.jpg 768w, https://andylee.pro/wp/wp-content/uploads/2016/09/IMG_2987-1024x768.jpg 1024w, https://andylee.pro/wp/wp-content/uploads/2016/09/IMG_2987-640x480.jpg 640w\" width=\"3264\"/></a></p>\n<p>非常感謝高齡八十七歲的知名書法家金一如先生提筆贈字，幾個月前從台灣帶回到美國，找了許久才找到適合製作字畫框架的地方，加上製作耗時，到現在才製作好掛到牆上。金先生老人家，以一手好字聞名，台灣連續好幾任立法院長重要的題字，都是出自他的手裡。金先生老人家已經封筆多時，這次為了我而特意再次開封寫字，實在非常感謝！</p>\n<p>大的那幅字，是傷寒雜病論六經提綱：<br/>\n太陽之為病，脈浮，頭項強痛而惡寒。<br/>\n陽明之為病，胃家實是也。<span class=\"text_exposed_show\"><br/>\n少陽之為病，口苦，咽乾，目眩也。<br/>\n太陰之為病，腹滿而吐，食不下，自利益甚，時腹自痛，若下之，必胸下結鞕。<br/>\n少陰之為病，脈微細，但欲寐也。<br/>\n厥陰之為病，消渴，氣上撞心，心中疼熱，饑而不欲食，食則吐蚘，下之利不止。</span></p>\n<p><a href=\"https://andylee.pro/wp/wp-content/uploads/2016/09/IMG_2950-e1475098661655.jpg\"><img alt=\"img_2950\" class=\"alignnone size-full wp-image-3784\" decoding=\"async\" height=\"3264\" sizes=\"(max-width: 2448px) 100vw, 2448px\" src=\"https://andylee.pro/wp/wp-content/uploads/2016/09/IMG_2950-e1475098661655.jpg\" srcset=\"https://andylee.pro/wp/wp-content/uploads/2016/09/IMG_2950-e1475098661655.jpg 2448w, https://andylee.pro/wp/wp-content/uploads/2016/09/IMG_2950-e1475098661655-225x300.jpg 225w, https://andylee.pro/wp/wp-content/uploads/2016/09/IMG_2950-e1475098661655-768x1024.jpg 768w\" width=\"2448\"/></a></p>",
  "article_time": "2016年09月28日 14:58",
  "comments": [
    {
      "id": "c877d3a49a00556f8b7cb0dacaf5704a",
      "author": "山林雾霭",
      "time": "2016年10月01日 15:43",
      "content": "<p>珍品！读着写得如此隽美的六经提纲真是享受！谢谢李医师的分享！</p>",
      "level": 0,
      "highlight": false,
      "children": []
    },
    {
      "id": "9d64395bda55fed7d2462f9689b810d0",
      "author": "医学僧",
      "time": "2017年02月26日 03:49",
      "content": "<p>这字写得漂亮，我转走了~</p>",
      "level": 0,
      "highlight": false,
      "children": []
    }
  ],
  "page": 43,
  "order": 8,
  "filename": "data\\page43\\page43_order7_8078fe5df424de8211c95539a2ceb079.json"
}