{
  "article_url": "https://andylee.pro/wp/?p=3865",
  "title": "FM 96.1 : 七公分卵巢囊腫，三個月內變三公分－針灸加中藥的威力",
  "content": "<!--[if lt IE 9]><script>document.createElement('audio');</script><![endif]-->\n<audio class=\"wp-audio-shortcode\" controls=\"controls\" id=\"audio-3865-1\" preload=\"none\" style=\"width: 100%;\"><source src=\"https://andylee.pro/wp/wp-content/uploads/2016/10/Drcase_20161004_510-546pm_31m31s_converted.mp3?_=1\" type=\"audio/mpeg\"/><a href=\"https://andylee.pro/wp/wp-content/uploads/2016/10/Drcase_20161004_510-546pm_31m31s_converted.mp3\">https://andylee.pro/wp/wp-content/uploads/2016/10/Drcase_20161004_510-546pm_31m31s_converted.mp3</a></audio>\n<p>美國部隊使用針灸治療痛症已行之有年，而加州公立戒毒所在更早之前就開始利用針灸治療，使用針灸治療能大幅減少醫療成本，對病患本身的副作用也達到最低，即便現在中醫還沒成為主流醫學，但已逐漸被廣泛運用，連奧運場上都能看見中醫的足跡，中醫的美好遠景指日可待。</p>\n<p>節氣的轉變逐漸逼近冬季，冬季容易遇到手腳冰涼的現象，而這些現象與心臟息息相關，女性朋友的身上也容易衍生出子宮肌瘤、卵巢囊腫的問題。在三個月前，一名三十五歲女士，西醫確診一邊卵巢有七公分囊腫，在這三個月的觀察期，病患尋求中醫的協助，在三個月之後西醫ＭＲＩ複查，婦產科醫師確診囊腫已縮小至三公分以下，已在西醫的安全範圍值內不必開刀，但是在中醫的健康標準，患者還是不及格，可以繼續服藥將健康恢復及格。</p>\n<p>一般卵巢單側囊腫有一定的規律可循，例如：月經的單數或偶數周期不規律，這是中西醫都用來判斷的依據，再者，中醫經由患者的少腹疼痛、手腳冰冷等問題，能夠判斷病患可能是心陽不足，造成小腸火源不足，無法將熱能傳至手腳或是溫暖子宮，導致寒積現象，衍生出子宮肌瘤、卵巢囊腫的問題。</p>\n<p>婦科疾病，以中醫的角度來看，絕大部分與患者心陽不足有關，當女性乳水充盈之際，心陽將乳水推向子宮，而子宮受熱於小腸，將乳水蒸煮化為經血由子宮排出，而絕大部分心陽不足來自於後天的影響，如營養不足、熬夜、運動不夠等，都會導致心陽及心血不足，平時應留意。</p>\n<p>案例一：李女士，女兒二十六歲，月經量少、經期長、周期不定，已有數年之久，想請問李　醫師如何解決？</p>\n<p>女孩在青春期，月經周期一般為二十八天，這種情況來說，應該是心陽不足，少腹瘀積有關，可能來自於飲食冰涼，生活壓力，中醫治療並不難，需盡早就診；西醫則會使用避孕藥來調整月經，看似解決表面問題，實則造成心陽更虛弱。</p>\n<p>案例二：王女士，血糖、膽固醇稍高，平時飲食運動都有注意，偶爾服用中藥，但效果不明顯，想請問李　醫師解決之道？</p>\n<p>絕大多數華人，膽固醇過高與肝臟較為相關，而膽固醇高與飲食沒有直接的關係，通常與常期熬夜、或是肝臟先天較為衰弱，而肝不好會間接影響脾臟，脾臟參與血液中糖分的代謝，中醫會由肝脾方面下手，來治療這位病患的徵狀。</p>\n<p>案例三：楊女士，近日腦中時常聽到低頻聲音作響，想請問李　醫師原因？</p>\n<p>患者覺得耳鳴聲在腦中作響，絕大多數這種腦鳴現象與肝、腎兩臟有關，雖然是急性發生但治療起來比慢性容易，建議盡快找尋信賴的中醫師治療。</p>\n<p><strong>（語音檔案由FM96.1電台提供，文章摘錄自語音檔案內容，部分文字略有異同，敬請見諒。）</strong></p>",
  "article_time": "2016年10月04日 17:02",
  "comments": [
    {
      "id": "b4f8867672d92505cec7696ec81b995b",
      "author": "Janie Wong",
      "time": "2020年03月29日 02:51",
      "content": "<p>李醫師, 請問卵巢畸胎瘤可透過服中藥和針灸治療縮小嗎?</p>",
      "level": 0,
      "highlight": false,
      "children": [
        {
          "id": "42f023e1946ae1b763fefbca9218f97f",
          "author": "李宗恩",
          "time": "2020年03月29日 20:34",
          "content": "<p>應該可以，但還是得看個例。</p>",
          "level": 1,
          "highlight": true,
          "children": []
        }
      ]
    }
  ],
  "page": 43,
  "order": 3,
  "filename": "data\\page43\\page43_order2_13c11f46e162355609f2705b91b23d74.json"
}