{
  "article_url": "https://andylee.pro/wp/?p=12623",
  "title": "遠程看診注意事項",
  "content": "<p>我並不喜歡遠程看診，遠程看診問題很多，中醫望聞問切的資訊蒐集及檢查，非常受到限制，影像和聲音受到視頻儀器的大幅影響，味道、脈診、部位及穴位按壓診斷、針灸治療等等更不用說。即使問診，病人及家屬也常常一問三不知，甚至彼此及前後的陳述互相衝突。更何況問診的項目何其之多，當面看診時，會從望聞切三診中得到問診的靈感，少了望聞切，問診也變成了抓大方向，許多蛛絲馬跡也就煙消雲散。不僅如此，病人在當地買藥，中藥材的品質讓人擔憂，甚至病人盲目聽從當地中藥店，有意或無意下更換某些中藥材，等等各式各樣的問題，有些還真是出人意外，匪夷所思。</p>\n<p>幾年前，世界各地新冠疫情大爆發，明明中醫可以快速有效治癒，西醫卻束手無策，導致上百萬人病逝。2020年一月底，我遠程指導大陸學生及協助看診下，短短一週左右讓新冠重症病人轉陰治癒，雖然非常欣慰，但也帶來了很大的壓力。我指導河南通許人民醫院的抗疫事蹟，被中央電視台、新華社、人民日報大幅報導後，世界各地疫區的醫生及病人，不斷發訊息給診所，希望我遠程指導及看診。在擋不住的壓力下，我遠程指導各地醫生，也為各地新冠病人遠程看診。新冠疫情稍有減緩後，各地的病人繼續發訊息給診所，既然新冠可以遠程看診，為什麼其它疾病不能遠程看診？所言並非沒有道理，因此，在更大的壓力下，我開始了我並不喜歡的遠程看診。</p>\n<p>然而，遠程看診依然有許多問題，使得診所不得不制定嚴格的規定，我很早就想寫篇文章來討論，減少診所同仁得一再向病人說明及解釋的負擔：</p>\n<p>（1）為什麼非美國地區遠程看診要等候一年左右？當面看診及診所中藥材嚴格把關，才是對病人真正負責的態度，遠程看診是不得已的妥協辦法。同時，診所位於美國加州，我們得優先照顧美國國內的病人，這是我們原本創辦診所的方向。因此，診所目前只開放四分之一左右的看診名額給非美國地區的遠程看診，雖然中國大陸的遠程看診病人較其它地區多，診所有許多不同國家及地區的遠程看診病人。即使診所盡可能提早安排急重症病患看診，在等候看診名單上的急重症病人依然很多。你說你母親病重危急，為什麼診所不能提前安插緊急看診？因為每位等候看診的急重症病人，都是人家的父母、配偶、小孩，得對得起他們。而強行增加我每週看診的病人數量，會大幅減低我花在每位病人上的時間及心思，以前曾經嘗試過，換來的是部分病人的看診品質降低，而我自己不但精疲力盡，也會對一些思緒混亂的病人失去耐心。因此，診所強烈建議，非急重症病患不要預約遠程看診，與其等候大半年，也耽誤其他急重症病患看診，不如自己戒掉沈迷手機、菸酒、熬夜等壞習慣，生活飲食正常，適度運動，反而對你有更大的幫助。</p>\n<p>（2）為什麼非美國地區遠程看診的費用，比當面看診高出許多？基於遠程看診的許多問題，病人常常需要我們更多的協助，遠程看診一次，病人郵件往返七八次，甚至一二十次，問某味藥材如何如何、吃了辣的食物拉肚子、能不能喝茶等等一堆問題，甚至明明是治療慢性關節炎，中間感冒了，也發郵件來診所，希望診所能幫忙看一下感冒！處理這些問題，花費我個人及診所同仁很多的時間及精力，往往超過當面看診病人的三四倍。不過，這裡還是得特別強調，中國大陸有許多所謂的名醫及大師，他們看診費用遠高於我們診所，甚至還強迫一次向他們購買三到六個月的中藥材，相比之下，有不少中國大陸的病人告訴我們，以診所療效而言，我們是公道及物美價廉的！</p>\n<p>（3）為什麼看診事宜，一律使用電子郵件(info@youngQi.com)，或直接電話(US 650-917-2355)和診所前台聯絡，不能使用微信？我們遠程病人遍及世界各地，每個地區有他們自己喜歡使用的軟件程序及方式，我們無法一一滿足，微信也只是中國大陸地區適用為主。同時，電子郵件依然是全世界最通用也最容易保存檔案的方式，也是美國法律認可的文件往來方式。使用及查閱電子郵件，是病人的責任，如果病人不熟悉電子郵件，得自己想辦法，這就好像你只會說法文，而不會說中文或英文，看診時你得自己找翻譯人員，診所沒有義務提供法語翻譯員。</p>\n<p>（4）在新病人來函詢問看診事宜時，診所前台都會告知病人診所各項規定。病人有責任仔細看清楚診所規定，一旦和診所約診，代表病人同意診所所有規定，包括填寫看診表格、身份證件、預約方式、改期及取消的規定、費用、付費方式等等。譬如，只能使用國際通用的信用卡或PayPal付款，不接受微信轉帳，診所在美國加州，不是在中國大陸，微信轉帳只適用於中國大陸。又譬如，遠程看診改期或取消，必須在三個工作日前提出，未即時提出或惡意缺席，一律收取全額費用，因為你不僅僅浪費了我們的時間，也耽誤其他急需看診的病人，診所也將永久拒絕惡意缺席的病人。如果無法接受診所所有看診規定，或者自己不看清楚診所規定，請不要預約看診。如果情緒或心智有問題，無法有效與診所溝通，請安排一位親朋好友參與，協助病人處理所有看診相關事宜。</p>\n<p>（5）預約看診時間到時，病人得主動上線等侯，並發短訊說明病人姓名及看診時間。診所以前使用世界通用的Skype來視訊看診，然而，中國大陸地區很多病人不會下載及使用Skype，診所同仁花太多時間教導他們，相比之下，教導其它地區病人下載及使用微信視訊，還省下很多時間，因此，診所不得已改成微信視訊看診。不過，診所嚴格規定，微信只用於視訊看診，不得使用微信聯絡前台，更不得在視訊看診時間外發微信打擾我。為什麼？除了上述使用電子郵件的規定外，病人發微信打擾我，即使我有時間及精力處理，也無法有效連結微信訊息及病人病歷，我也無法記住昨天半夜哪個病人說了什麼事情，反而耽誤的病人病情。</p>\n<p>為什麼我在繁忙之中，特意寫一篇遠程看診注意事項？絕大多數的遠程看診病人，都非常配合診所，也非常有禮貌，一年中還是會遇到一兩位不講理、態度惡劣的遠程看診病人，最近就有這麼一位。</p>\n<p>這位三十出頭，中國大陸的遠程病人，三四個月前排到了初診。初診之後，病人請求安排複診，診所三個月前發電子郵件通知他，幫他安排上週複診。病人收到電郵，還回覆希望加入提前看診的等侯名單。病人複診前，診所發電郵提醒他看診時間，因為診所電郵系統可以得知對方收到電郵後是否有點閱，確定這位病人點閱打開電郵後，沒有收到任何回覆，也沒有收到按照規定得遞交的回診單。看診時間到，病人沒有按照規定上線等侯，診所不得已用微信提醒他看診時間到了，病人遲遲不回應，等看診時段快過了，才用微信回覆說沒有要複診，要求診所退款。</p>\n<p>一般情況下，如果病人真的有什麼不得已的原因而無法準時看診，診所會盡可能通融，譬如把這次看診繳交的費用，換到下一次看診時使用。然而，這位病人態度十分惡劣，三個月前就已經按照他的請求安排複診，如果改變心意或有時間衝突，他有三個月的時間可以取消或改期，而即時收到看診提醒電郵也不回覆或要求取消，自己不負責任，態度惡劣地說沒有答應要複診，還怪罪診所沒有使用微信提醒他複診時間。</p>\n<p>診所前台很客氣地和他解釋，並重新提醒他診所規定，這些都是病人一開始約診時就該搞清楚的，如果不能遵守，就不要約診。這位病人明明自己不負責任，卻不知自我檢討，不斷發電郵及微信來罵診所，說是網路騙局、不勞而獲等等，行為非常惡劣。這本來是件小事，我不需要放在心上，然而，診所同仁非常辛勞，沒有理由要他們承受這樣的謾罵，我有責任保護及安撫他們。因此，我決定在百忙之中，即使已經好久沒有討論醫案了，我也得先寫一篇遠程看診注意事項！</p>\n<p>總之，無論當面看診或遠程看診，診所都有診所的規定，也會在病人看診前說明清楚，包括申報保險，那是診所額外對病人的協助，並不是診所的義務及責任，診所可以單方面決定是否為某位病人申報保險。病人自己有責任理解及記住診所規定，如果無法接受任何一項規定，無論是費用、取消規定、或是聯絡方式等等，請勿約診。我們要把時間和精力花在真正需要幫助的病人上，而不是花費在處理態度惡劣、不負責任的病人行為上。當然，如果你有情志問題，或者情緒受到外界打擊，無法正常處理看診事宜，我們還是願意盡心盡力幫忙，請你找一位親朋好友做你的代理人，讓看診更加順暢及有效果。</p>",
  "article_time": "2025年01月19日 14:42",
  "comments": [
    {
      "id": "3d6df9d151a8d74a8b681bb488cb5983",
      "author": "臭宝",
      "time": "2025年01月19日 23:13",
      "content": "<p>这里每天发生着各种奇葩的低素质事件，李教授不必为此浪费精力，Wish you happiness every day</p>",
      "level": 0,
      "highlight": false,
      "children": [
        {
          "id": "4d6394d80e312a8f4b87046d9322a5c0",
          "author": "李宗恩",
          "time": "2025年01月25日 15:20",
          "content": "<p>謝謝你的祝福</p>",
          "level": 1,
          "highlight": true,
          "children": [
            {
              "id": "5578228f152fbc638c6b273109422b85",
              "author": "太阳是我的女神",
              "time": "2025年01月27日 06:35",
              "content": "<p>李医生好：）非常感谢你的分享，听了一个视频又看到这篇随笔，受益匪浅。恰好有一点事，以我角度看可以回馈，也可能你已拥有是我不能观察得知，还是冒昧请你一阅：听视频时，感到你发音方式较为耗费，不知是否讲完会有较多疲累感？佛及几大宗教，都有四禅八定，请试一试入门，可以静心、放松，包括自然地切到一个更轻松的讲座方式，以作保养。<br/>\n网络真好。你真好。再次感谢分享。☺️</p>",
              "level": 2,
              "highlight": false,
              "children": [
                {
                  "id": "83efd43147a7f11edaf59897e68793ef",
                  "author": "李宗恩",
                  "time": "2025年02月03日 13:02",
                  "content": "<p>謝謝你告訴我。</p>",
                  "level": 3,
                  "highlight": true,
                  "children": []
                }
              ]
            },
            {
              "id": "9615992d9cdc6c5e48f7799c6966c151",
              "author": "太阳是我的女神",
              "time": "2025年01月27日 06:40",
              "content": "<p>哎，不是这一篇。关于爱出爱返的自然能量式解释那篇。在那儿回覆网页说不行，因此粘贴到这篇下了。</p>",
              "level": 2,
              "highlight": false,
              "children": []
            },
            {
              "id": "6893bbcd95b4230961af79431dbd85ec",
              "author": "cmj",
              "time": "2025年03月12日 04:23",
              "content": "<p>怎么才能在网上看诊，我母亲是在严重，先是新馆中毒也算是很严重，后来去了看中医，开了清半夏15g，黄芩20g，黄连10g，干姜30g，红参15g，炙甘草15g，大枣15g，黑顺片30g，桂枝20g，柴胡20g，白芍30g，炒枳实15g，龙骨30给，牡蛎30g严重的很，这些是一次的量吃了14天。之后还吃了别的中药，现在很严重，怎么才能挂上您的号呢？</p>",
              "level": 2,
              "highlight": false,
              "children": [
                {
                  "id": "18a23627d8354d97a3d4ff199a34f590",
                  "author": "李宗恩",
                  "time": "2025年03月17日 13:59",
                  "content": "<p>這個網頁不是寫了診所聯絡方式嗎？你可以發郵件給診所info@youngQi.com</p>",
                  "level": 3,
                  "highlight": true,
                  "children": []
                }
              ]
            },
            {
              "id": "92eae45b8c168d62eb2c279116f5792e",
              "author": "cmj",
              "time": "2025年03月12日 04:24",
              "content": "<p>怎么才能在网上看诊，我母亲是在严重，先是新馆中毒也算是很严重，后来去了看中医，开了清半夏15g，黄芩20g，黄连10g，干姜30g，红参15g，炙甘草15g，大枣15g，黑顺片30g，桂枝20g，柴胡20g，白芍30g，炒枳实15g，龙骨30给，牡蛎30g严重的很，这些是一次的量吃了14天。之后还吃了别的中药，现在很严重，怎么样才能挂上您的号呢？</p>",
              "level": 2,
              "highlight": false,
              "children": [
                {
                  "id": "18b958e03af5c435402fe3165d7cdc6e",
                  "author": "李宗恩",
                  "time": "2025年03月17日 13:59",
                  "content": "<p>同樣的問題，不要重複留言。</p>",
                  "level": 3,
                  "highlight": true,
                  "children": []
                }
              ]
            }
          ]
        }
      ]
    },
    {
      "id": "399da526290e212da590e306faaba887",
      "author": "jianghao",
      "time": "2025年01月20日 12:04",
      "content": "<p>本人每天都翻看李医生的网站。同时我也是远程看诊患者之一。相信李医生的医术 医德并不需要我来说明。本人患病多年。国内求医多处，中西医。 在没有联系到李医生之前也有幸接触倪海厦老师的学生有过几人，效果甚微。直到遇到李医生让我明白了什么才是中医。什么才是对人类真正解除病痛的医学。 李医生 一边看诊还有传承大任，明明可以不用远程看诊，费时还费力。但还是帮助了我以及我和一样求医无果受病痛折磨的人。负责人的说，李医生拯救的不只是我，而是我和我的家庭。还有和我一样的家庭。 而且我求诊期间诊所的小樱女士和其他前台工作人员都特别耐心和友好的帮助以及安慰。  今天看到这样的事情发生我很难过。请李医生一定要保重身体。</p>",
      "level": 0,
      "highlight": false,
      "children": [
        {
          "id": "b7dd9a2e03f07adedaedf725e752c510",
          "author": "邓文正",
          "time": "2025年01月21日 14:57",
          "content": "<p>小樱是优秀有耐心并且很温柔贴心的人，看来大家都有同感，哈哈哈</p>",
          "level": 1,
          "highlight": false,
          "children": []
        },
        {
          "id": "3cb07a54eb6b6246a681ac1ded627f14",
          "author": "李宗恩",
          "time": "2025年01月25日 15:21",
          "content": "<p>謝謝你的支持及鼓勵。</p>",
          "level": 1,
          "highlight": true,
          "children": []
        }
      ]
    },
    {
      "id": "32488562a6c3a4ca256438665c380e26",
      "author": "过江之鲫",
      "time": "2025年01月20日 12:12",
      "content": "<p>李医师辛苦了，最近曾站在您的角度思考，想不到李医师就发文章了。是啊，诚如所言，远程看诊是无奈之举，希望未来李医师准备充足了之后能够教导大批好学生，这样就可以帮助更多人了。</p>",
      "level": 0,
      "highlight": false,
      "children": [
        {
          "id": "70586f6a2802cf1b18a1ba2b0c070049",
          "author": "李宗恩",
          "time": "2025年01月25日 15:22",
          "content": "<p>謝謝你的支持及鼓勵。</p>",
          "level": 1,
          "highlight": true,
          "children": []
        }
      ]
    },
    {
      "id": "38f514398f1e8e6255116c3d2e77dfba",
      "author": "过江之鲫",
      "time": "2025年01月20日 12:31",
      "content": "<p>我最近也遇到一件无奈的事，老爸在老家一个人，那个病又无法支持他外出求医，他自己也不懂这些东西，我在网络平台求诊两位医师，言能否支持远程视频问诊，换来的是沉默。（平台支持打字描述，不支持视频）虽替他们着想，同时自己也好无奈。希望自己能够学有所成吧，这样就能够不求人了。</p>",
      "level": 0,
      "highlight": false,
      "children": []
    },
    {
      "id": "3b75c1d70a95e90a034e305c782acfea",
      "author": "韩广荣",
      "time": "2025年01月20日 01:28",
      "content": "<p>同意您的观点，像您说的，临床治疗除了高超的医术还有正确的策略与运营。啥样的患者都有，自己做好就可以，另外望李老师多加保重身体啊！</p>",
      "level": 0,
      "highlight": false,
      "children": [
        {
          "id": "7e7b00018b2e7e8330160bbeed349e73",
          "author": "李宗恩",
          "time": "2025年01月25日 15:22",
          "content": "<p>謝謝你的關心。</p>",
          "level": 1,
          "highlight": true,
          "children": []
        }
      ]
    },
    {
      "id": "73b43bf0051d70aa4f521a2e04679850",
      "author": "吴吉顺",
      "time": "2025年01月20日 03:08",
      "content": "<p>说出了广大中医的心声 是正确的且正常的做法</p>",
      "level": 0,
      "highlight": false,
      "children": []
    },
    {
      "id": "cbae6a97f3ef7808f48494b96d7cdbfa",
      "author": "玉平",
      "time": "2025年01月20日 04:50",
      "content": "<p>老师，希望您有空讲讲关于视网膜脱落的案例，身边有几个人得了这种病，基本都是所谓的糖尿病并发症，想多了解这方面的知识   谢谢</p>",
      "level": 0,
      "highlight": false,
      "children": [
        {
          "id": "22b7ac6e8294367afaf46a5ad777f799",
          "author": "古中医学者",
          "time": "2025年01月21日 17:57",
          "content": "<p>糖尿病有并发症吗？换句话说糖尿是病吗？还是西医的无能，控糖化学药物的肝肾损伤！倪师说的一句话“牛牵到北京还是牛”，关于很多病症，倪师网站上都有论述，还是你看的不够。</p>",
          "level": 1,
          "highlight": false,
          "children": []
        },
        {
          "id": "ca09b48c6cd58213a334813229f31cd3",
          "author": "李宗恩",
          "time": "2025年01月25日 15:25",
          "content": "<p>少玩手機是第一步。</p>",
          "level": 1,
          "highlight": true,
          "children": []
        }
      ]
    },
    {
      "id": "05b5fb79cd183d8fa91f046a5cbe80c6",
      "author": "杨学锐",
      "time": "2025年01月20日 17:54",
      "content": "<p>李老师，辛苦了，感谢您一直以来的付出。</p>",
      "level": 0,
      "highlight": false,
      "children": [
        {
          "id": "deeef1a2716467850a1af18c5ca52240",
          "author": "李宗恩",
          "time": "2025年01月25日 15:26",
          "content": "<p>謝謝</p>",
          "level": 1,
          "highlight": true,
          "children": []
        }
      ]
    },
    {
      "id": "6d525f69d16b283632d66a9a2b5652c5",
      "author": "Dking",
      "time": "2025年01月20日 18:49",
      "content": "<p>应所共知</p>",
      "level": 0,
      "highlight": false,
      "children": []
    },
    {
      "id": "1c72142a17799a2bb7fafd3826c3b1aa",
      "author": "孙沐川",
      "time": "2025年01月21日 01:52",
      "content": "<p>请问李医师，活血化淤的药：川芎、丹皮、桃仁、红花、三七这些有什么区别吗？还有动物类的药物像穿山甲、蜈蚣之类的应该什么时候使用？</p>",
      "level": 0,
      "highlight": false,
      "children": [
        {
          "id": "4570d0c41e7a606c670af6d59be76916",
          "author": "李宗恩",
          "time": "2025年01月25日 15:27",
          "content": "<p>這些是中藥基礎知識，你可以上網查詢，或者買本中藥基礎的書籍來研讀。</p>",
          "level": 1,
          "highlight": true,
          "children": []
        }
      ]
    },
    {
      "id": "b44375760a04ebfc27f17a1968ffc3eb",
      "author": "古中医学者",
      "time": "2025年01月21日 17:12",
      "content": "<p>引用郭生白先生的名言“人人皆知医，天下无枉死，小病自己医，大病好商量”“生民无病，天下无医”</p>",
      "level": 0,
      "highlight": false,
      "children": []
    },
    {
      "id": "a632d5ddbbb6c3939aa0033735006a3c",
      "author": "王长乐",
      "time": "2025年01月21日 23:10",
      "content": "<p>李博士，您好！<br/>\n有一个疑问一直很困扰，麻烦请教您一下。<br/>\n一个长年便秘的病人，用大黄25克，可以保证每天一次大便。用大承气汤也可以每日一次大便（大黄可以减到15克）。<br/>\n从药简力专的原则，用大黄就足够，但是厚朴，枳实，芒硝，也有利于病人更好的排便，以及回复大肠蠕动。<br/>\n选择大承气汤，还是选择药简力专的只用大黄，如果是您的话，您会怎么考虑呢？<br/>\n根据病人长年便秘（30多年），大肠蠕动应该不会很好，所以我个人更倾向于用厚朴，枳实的大承气汤。更有利于病人，大肠的回复。</p>",
      "level": 0,
      "highlight": false,
      "children": [
        {
          "id": "5359c4ba6ac8655960090ea9190556a7",
          "author": "王长乐",
          "time": "2025年01月23日 17:19",
          "content": "<p>补足：从病人单用大黄25克，和大承气汤（大黄15克，芒硝，厚朴，枳实）后的效果上反馈，病人觉得排便时间（都是早上7点左右），都很顺畅。<br/>\n         但是大黄只是单纯的推大便，厚朴，枳实，可以宽大小肠，增加蠕动，应该可以改善几十年便秘的肠道环境，对于永久解决便秘问题，大承气汤可能更合适。</p>",
          "level": 1,
          "highlight": false,
          "children": [
            {
              "id": "242b132ecc0ac50304255a6e54a9f1b7",
              "author": "李宗恩",
              "time": "2025年01月25日 15:34",
              "content": "<p>我不在網上針對個案一一討論。</p>",
              "level": 2,
              "highlight": true,
              "children": []
            }
          ]
        },
        {
          "id": "e2290a8807f350d596a6efb2e5603f61",
          "author": "李宗恩",
          "time": "2025年01月25日 15:31",
          "content": "<p>每個病人情況不一樣。</p>",
          "level": 1,
          "highlight": true,
          "children": []
        }
      ]
    },
    {
      "id": "9d5147748a3cf17bfbd6bcb6f4801ee1",
      "author": "可为",
      "time": "2025年01月22日 05:42",
      "content": "<p>李医师辛苦了，面对无理之人最好方式只能拉黑不予理睬，远程看诊确实很多不足与无奈。之前留言有幸得到李医师指点，小儿双眼眼红，分泌物多，您建议关注脾家，1月7日服用小建中汤加五苓散后双眼红减退分泌物减少，第三天后眼红分泌物几乎没有，变为正常的双眼，但双手腕背部开始长出很多红疹，很痒，第四天改小建中汤加五苓散加麻黄、银花、连翘、杏仁后5天手腕红疹转黑，到现在无再发，又转小建中汤加五苓散巩固，但到1月18日眼睛又开始有点反复，主要右眼开始有一点分泌物，奇怪现象：白天上午起床到下午16时左右双眼正常，16时开始右眼就会有一些分泌物，如果没有分泌物眼就不会红，18时吃完晚饭会最严重，但比之前相比已经好转很多，希望有缘能得到更多建议。</p>",
      "level": 0,
      "highlight": false,
      "children": [
        {
          "id": "d4a8eedbcf8b121f058b64fe75bda655",
          "author": "李宗恩",
          "time": "2025年01月25日 15:32",
          "content": "<p>謝謝你的分享，要孩子少玩手機。</p>",
          "level": 1,
          "highlight": true,
          "children": []
        }
      ]
    },
    {
      "id": "8d3fa20f4fca4cf3a923ecbda5b1dd64",
      "author": "jin",
      "time": "2025年01月22日 17:51",
      "content": "<p>李医师明明可以不用这样辛苦远程看诊，其实真的会牵扯到很大的精力投入，但让我们这样四处寻医无果的人看到了曙光，毕竟绝大多数看诊的病人还是非常非常非常珍惜每次看诊的机会，我其实就是李医生说的那种，因为各种原因对家人身体情况没有观察到很细致，看诊的时候让医生一头雾水，现在这里向李医生说声抱歉，因为远程限制了很多判断的手段，李医生也好像是被束缚住了手脚，没有办法全面运用望闻问切各种方法，但就是这样李医生还有诊所仍在竭力帮助每一位病患，没有什么高调的夸赞，只有真心希望李医生保重身体，帮助到更多身有病痛的人，实践您大医的宏愿，也感谢诊所的各位工作人员！</p>",
      "level": 0,
      "highlight": false,
      "children": [
        {
          "id": "71dd93c36d69a08befaaf6f9d8a3c6c7",
          "author": "李宗恩",
          "time": "2025年01月25日 15:33",
          "content": "<p>謝謝你的分享，也謝謝你的支持及鼓勵。</p>",
          "level": 1,
          "highlight": true,
          "children": []
        },
        {
          "id": "a863601f4a1d38c466a0f66e9504ae24",
          "author": "王子wei",
          "time": "2025年03月25日 17:42",
          "content": "<p>是的，多少人因为宗恩老师远程看诊重获新生生活看见了曙光，竟然还有人不珍惜这种机会，真的太可恨了这种人</p>",
          "level": 1,
          "highlight": false,
          "children": []
        }
      ]
    },
    {
      "id": "75a057d11b5cd670d90954489ba47857",
      "author": "czc",
      "time": "2025年01月23日 11:36",
      "content": "<p>明明中医在新冠期间付出巨大贡献，却被世人埋没，老百姓普遍都认为新冠是西医治好的，大陆内地拍了部名为中国医生的电影，把中医污蔑的淋漓尽致，可悲又气愤。替默默无闻的李博士与所有为疫情付出的中医师致敬。</p>",
      "level": 0,
      "highlight": false,
      "children": [
        {
          "id": "db1215d531e71d7a42ccf363af86c57a",
          "author": "李宗恩",
          "time": "2025年01月25日 15:33",
          "content": "<p>謝謝你的支持及鼓勵。</p>",
          "level": 1,
          "highlight": true,
          "children": []
        },
        {
          "id": "07647a53fb3ccc088e3878bdca681a4b",
          "author": "太阳是我的女神",
          "time": "2025年02月02日 05:10",
          "content": "<p>只能这么安慰自己了：这七十几年来，中医远不是最惨的。皇帝嘛，没办法。</p>",
          "level": 1,
          "highlight": false,
          "children": []
        }
      ]
    },
    {
      "id": "c084db594c8deb92d319f563c1182b55",
      "author": "裘松茂",
      "time": "2025年01月25日 06:41",
      "content": "<p>谢谢李老师(医生)以及团队，通过等候时间我能知道有多少病人需要得到帮助，也知道团队精力有限，感谢团队给予我们这样的看诊机会，虽然我也是等候其中之一，在这里我还是呼吁大家，能把症状提前整理出来就尽量用本子记下来，不要让病人老想着自己身体有病，多让她开心，保持愉快，不要生气，改变饮食习惯，不买添加剂的食品，锻炼八部金刚功，也是对我们自己身体负责，也是为了看诊的时候对问诊负责</p>",
      "level": 0,
      "highlight": false,
      "children": [
        {
          "id": "da629a2497d1f0134b8e29df23ca961d",
          "author": "李宗恩",
          "time": "2025年01月25日 15:43",
          "content": "<p>謝謝你的分享。</p>",
          "level": 1,
          "highlight": true,
          "children": []
        }
      ]
    },
    {
      "id": "b3ab812169ff03649631a7785d29bd51",
      "author": "知守",
      "time": "2025年01月27日 02:09",
      "content": "<p>来自deepseek的检索：</p>\n<p>李宗恩是中医经方大师倪海厦的指定传人，以其在中医治疗重症、急症及复杂疾病方面的卓越临床疗效而闻名。以下是他的简介：</p>\n<p>### 背景与教育<br/>\n1. **学术背景**：李宗恩拥有斯坦福大学电机工程博士学位和加州大学伯克利分校MBA学位。他原本在高科技企业担任管理人和投资人，后因父亲罹患肝癌而转向医学领域，师从倪海厦学习中医。<br/>\n2. **中医传承**：作为倪海厦的指定学术传人，李宗恩致力于传承倪海厦的中医经方思想，并在临床实践中取得了显著成效。</p>\n<p>### 临床与教学<br/>\n1. **临床专长**：李宗恩擅长使用经方中医治疗重症及急症，包括肿瘤、白血病、免疫系统疾病、心脑血管疾病等。他还治愈了许多神经与精神科疾病，如癫痫、中风、焦虑症等。<br/>\n2. **教学与推广**：他受邀在中国医药大学、广州中医药大学等机构进行教学演讲，并担任国际医药大学博士院博士生导师。他还参与推动中国国务院的“西医转中医”政策，指导多家医院的中医培训。</p>\n<p>### 科技与医学结合<br/>\n李宗恩致力于将高科技与中医结合，是中医大数据分析及人工智能化的早期推动者之一。他曾担任斯坦福大学访问学者，并在台湾工业研究院和北京市政府担任医疗资讯专家顾问。</p>\n<p>### 个人影响<br/>\n1. **国际影响力**：李宗恩帮助过来自世界各地的病人，包括知名企业家、政治家和演艺界人士。他的临床疗效和教学成果在国际上广受认可。<br/>\n2. **传承倪海厦思想**：他不仅继承了倪海厦的医术，还致力于将其思想传播至全球，特别是在英文教学和儿童中医启蒙方面。</p>\n<p>### 其他贡献<br/>\n李宗恩还积极参与中医在新冠疫情中的应用研究，推动了中医治疗新冠肺炎的临床实践，进一步证明了中医在急重症治疗中的价值。</p>\n<p>李宗恩以其深厚的学术背景、卓越的临床能力和对中医传承的贡献，成为当代中医领域的重要人物。</p>",
      "level": 0,
      "highlight": false,
      "children": [
        {
          "id": "5115d9c7801fda62fc6bb6bbc325c5d5",
          "author": "李宗恩",
          "time": "2025年02月03日 13:02",
          "content": "<p>謝謝你的轉告，不過，DeepSeek和其它類似的人工智能，目前只是整理搜尋到的資料，然而，許多資料是錯誤的，因此，他們產生的結果也往往不可靠。</p>",
          "level": 1,
          "highlight": true,
          "children": []
        }
      ]
    },
    {
      "id": "95af0ff2481f4c38c4958037586eb378",
      "author": "中医爱好者",
      "time": "2025年01月27日 21:45",
      "content": "<p>李博士，您好！<br/>\n请问您一下，如果病人做了3~5个支架，之后再用中药治疗的话，会不会血管弹性恢复后，导致支架松动 或者 脱落呢？</p>",
      "level": 0,
      "highlight": false,
      "children": [
        {
          "id": "98a3eff392aac270188771c49e76835f",
          "author": "李宗恩",
          "time": "2025年02月03日 13:05",
          "content": "<p>一般情況下不會。</p>",
          "level": 1,
          "highlight": true,
          "children": []
        }
      ]
    },
    {
      "id": "51b69cda8f80857f4d315fbb68436420",
      "author": "陸仁賈",
      "time": "2025年01月27日 23:57",
      "content": "<p>我是覺得李醫師應該取消遠程看診, 把心力花在訓練大陸中醫師上會比較好, 既然病家都能等上三個月看診, 坐高鐵or飛機在境內看病不是更快速有效? 問題也能得到即時的反饋</p>",
      "level": 0,
      "highlight": false,
      "children": [
        {
          "id": "d076ac9bfb03b450d85d29df2e6b1fc2",
          "author": "邓文正",
          "time": "2025年01月28日 14:09",
          "content": "<p>我建议你不要给建议，我建议你家里有人生病，也不要找李医生。坐高铁三个小时去外省治疗。</p>",
          "level": 1,
          "highlight": false,
          "children": []
        }
      ]
    },
    {
      "id": "039b90c3fba9555d8a742891f75b2e51",
      "author": "黄子聪",
      "time": "2025年01月28日 08:30",
      "content": "<p>今天是除夕夜中国的大年夜，祝李师新年快乐，身体健康！我及家人都预约了您的远程看诊，如您文中所说的，我等都算不上是重症，但我还是坚持要找您看诊，即使要再等久一点我也是要等（我已经等一年了），我在国内找过很多中医师看诊，都很失望，往往是原本的问题没解决，又治出了新的问题！远程看诊真的很难，在此呼吁大家多学一些中医知识，尤其是倪师和李师的视频，自己能看清症状分清症状，不但能减轻医生看诊的压力，还能提高看诊的准备性！最后，请李师及诊所的同仁们不要为了一些恶劣的病人而烦恼，多多保重身体，新年快乐！</p>",
      "level": 0,
      "highlight": false,
      "children": [
        {
          "id": "72a34a71d41e0997a4ad75644d765682",
          "author": "李宗恩",
          "time": "2025年02月03日 13:06",
          "content": "<p>新年快樂！謝謝你的分享！</p>",
          "level": 1,
          "highlight": true,
          "children": []
        }
      ]
    },
    {
      "id": "de0dbcf65b34dfedbd59b797f20e4e00",
      "author": "白栩仰",
      "time": "2025年01月28日 18:52",
      "content": "<p>李老師您辛苦了，您已經做的夠多了，其實不需要做過多的解釋，中醫界有您這樣的醫師是患者以及學生們的福氣，倪老師已經圓夢。<br/>\n學生在2022年5月21日開始系統自學倪老師視頻課程，之後放下所有工作于2023年3月21日開始臨床跟診學習至今，除孩子假期外不曾間斷，計劃臨床跟診學習至少五年。倪老師的課程讓我認識了真正的中醫，李老師您的網站則帶我逐步深入；這個過程很辛苦，低谷期身心煎熬，每當走不動的時候就會看看您的那篇【如何學習中醫臨床看診】，【六經的開、樞、闔】和【淺談陰陽】以及音視頻和醫案經常反復觀看，回過頭再看倪老師的課程時每次都有不一樣的收穫！<br/>\n學生本不是天資聰慧之人，能力非常有限，每天清晨給倪老師上香之後誦讀一遍《金剛經》和《心經》；各種能量的加持下最近半年感覺進步很快，从看診中看到了明顯效果，从“連連看”慢慢進入了系統思考，逐步登上了擂臺，雖然級別很低很低，但我真的很開心，學習中醫是一輩子的事情，有您們這樣的老師帶路是學生們的福氣！<br/>\n李老師，今天是大年初一，祝您新年快樂！拋開煩惱，保重身體，天天開心！</p>",
      "level": 0,
      "highlight": false,
      "children": [
        {
          "id": "c8297a6e5665cffc1a13fd519c63e19d",
          "author": "李宗恩",
          "time": "2025年02月03日 14:25",
          "content": "<p>新年快樂！謝謝你的分享！</p>",
          "level": 1,
          "highlight": true,
          "children": []
        },
        {
          "id": "d5ea76d489fca33da36a54082a3593f2",
          "author": "中医传承人",
          "time": "2025年08月14日 01:32",
          "content": "<p>希望能跟你沟通下，我现在也面临着同样的问题，真的很想传承中医，为下半辈子做一些有意义的事情，内心很纠结</p>",
          "level": 1,
          "highlight": false,
          "children": []
        }
      ]
    },
    {
      "id": "19643842815c15cd9cbd8323858f39c5",
      "author": "夏至",
      "time": "2025年01月28日 20:06",
      "content": "<p>祝李医师全家新年快乐！天天开心！！大吉大利！！！</p>",
      "level": 0,
      "highlight": false,
      "children": [
        {
          "id": "b817e7485d3f2bbbf2f53344815bac92",
          "author": "李宗恩",
          "time": "2025年02月03日 14:25",
          "content": "<p>新年快樂！</p>",
          "level": 1,
          "highlight": true,
          "children": []
        }
      ]
    },
    {
      "id": "ae2a96c517d23fdb80275dedb35c8b8a",
      "author": "桂枝汤",
      "time": "2025年02月18日 02:19",
      "content": "<p>斗米恩，升米仇。为他好，并且一直联系他，还这种态度。真拿自己当根葱了。</p>",
      "level": 0,
      "highlight": false,
      "children": [
        {
          "id": "a04cd4f7798eae87a105288f684fcfad",
          "author": "王子wei",
          "time": "2025年03月25日 17:30",
          "content": "<p>是啊，诊所能发信息联系他就很给面子了，太把自己当回事了，多少人等宗恩老师都等不来呢，</p>",
          "level": 1,
          "highlight": false,
          "children": []
        }
      ]
    },
    {
      "id": "faf88d9d628d899acaca9b4b0f02161f",
      "author": "水晶",
      "time": "2025年03月05日 05:45",
      "content": "<p>李医生不知道您了解不了解胡希恕先生。这位是几十年前北京经方家里的大师级人物。他留下来的只有伤寒论金匮要略讲座录屏，希望您可以了解下。</p>",
      "level": 0,
      "highlight": false,
      "children": [
        {
          "id": "9d5d856ececd87c90ca553b2041f53f9",
          "author": "李宗恩",
          "time": "2025年03月08日 07:54",
          "content": "<p>你應該不會認為我沒有研讀過胡希恕老前輩的書吧？</p>",
          "level": 1,
          "highlight": true,
          "children": []
        }
      ]
    },
    {
      "id": "9a63787276b19580db25ecb5c6c81464",
      "author": "水晶",
      "time": "2025年03月05日 05:47",
      "content": "<p>在哔哩哔哩这个网站可以搜索到</p>",
      "level": 0,
      "highlight": false,
      "children": []
    },
    {
      "id": "8e6b4343120134c4a6fa18e49aed9c12",
      "author": "桂枝",
      "time": "2025年03月07日 17:34",
      "content": "<p>感谢您的远程看诊帮助了很多人，远程意味着无法对面上手，更何况病人自述的总有偏颇，劳您费神了。几年前曾因长久的情志问题想过预约远程，然人无法回到过去纵然解决问题也改变不了今时处境，遂放弃。</p>",
      "level": 0,
      "highlight": false,
      "children": [
        {
          "id": "8836877247cfcbedc7143957513addf0",
          "author": "李宗恩",
          "time": "2025年03月08日 08:02",
          "content": "<p>謝謝你的支持及鼓勵。</p>",
          "level": 1,
          "highlight": true,
          "children": []
        }
      ]
    },
    {
      "id": "020d94587a459e63a59244ccdce15341",
      "author": "Alena",
      "time": "2025年03月23日 18:56",
      "content": "<p>李医师辛苦了，我提个小小的建议吧，把远程看诊合约单独拟定一个电子合同，给到需要看诊的病人并附上电子签名。这个建议其实不是我想出来的，而是我从一些书籍中学来的。<br/>\n我曾读过《卡内基自传》和《本杰明富兰克林自传》，我记得富兰克林在为他的哥哥做印刷工作的时候，只要是涉及责任和利益的事情，无论大小，都会拟定一个合同，双方都会签署自己的名字。这样无论在工作中发生任何经济纠纷，都不会引起尖锐的冲突或者矛盾。</p>",
      "level": 0,
      "highlight": false,
      "children": [
        {
          "id": "c88777b5c69ef7dd6575863aa8b17ac6",
          "author": "李宗恩",
          "time": "2025年03月30日 09:33",
          "content": "<p>遠程聯絡診所時，都已經說明清楚，一旦病人預約遠程看診時，就代表法律上接受診所列出來的遠程看診規定，包括取消得在三個工作日之前等等。同時，病人也得事先填寫初診文件，在上面簽名，所以，你建議的電子簽名，診所已經執行多年。</p>",
          "level": 1,
          "highlight": true,
          "children": []
        }
      ]
    },
    {
      "id": "ad11144afe5a712bf65d656d829ab5d7",
      "author": "Huang",
      "time": "2025年05月02日 21:54",
      "content": "<p>李医生您好！我在中国大陆，至亲胰腺癌转肝，晚期，怕是等不到一年。想求教您有在中国大陆或别处中医朋友的诊所推荐或建议吗？至亲得此绝症才深感中医之伟大，倪师开枝散叶之伟大，如今有一线生机，还望李医生指点一条明路，不甚感激！</p>",
      "level": 0,
      "highlight": false,
      "children": [
        {
          "id": "e859205ac41d1c6eb8a09d1c4c5de21b",
          "author": "李宗恩",
          "time": "2025年05月04日 07:59",
          "content": "<p>不清楚。</p>",
          "level": 1,
          "highlight": true,
          "children": [
            {
              "id": "98c774a3ade94dd170b240cbb9138a7b",
              "author": "Huang",
              "time": "2025年05月04日 08:38",
              "content": "<p>谢谢李博士的回复。无论如何您的诊所和您所做的工作都为许多患者提供了一线生机，令人景仰和敬佩。剩下的交给天意，或许至亲能挺到看诊之时。</p>",
              "level": 2,
              "highlight": false,
              "children": []
            }
          ]
        }
      ]
    },
    {
      "id": "79a58ae903b6e38f3ca51e821234c055",
      "author": "南京患妥瑞症孩子的妈妈",
      "time": "2025年06月04日 23:44",
      "content": "<p>尊敬的李医师您好：我是中国大陆江苏省南京市的一个患抽动症孩子的妈妈，我今天非常兴奋，我终于找到您的网站了，您还可以远程看诊，我看到了曙光。我的女儿今年17岁，4年前被诊断多动症，抽动症，还有焦虑症，我四处求医，都没有效果，孩子已经陆陆续续喝了近3年的中药，江苏省中医院，各大专家，前前后后看了近10位中医，都效果甚微。看着孩子天天不停的点头，做鬼脸，舌头不停的动来动去，不停的舔嘴唇，不停的眨眼睛，眼皮也会动，喜欢不停的摸眼毛，右胳膊也抽，刷牙的时候，右腿也抽，情绪低落，我心痛无比，一度抑郁。现在孩子已经休学在家，不能正常上学。孩子月经每次都推迟10天左右，睡眠也不好，入睡困难，中途夜里3点左右也会醒一次，中午无论多困都睡不着午觉，大便也不好，吃中药前3天左右一次大便，挑食，有时候夜尿也多，手脚出汗，额头热，手脚冷，人非常疲惫，没有力气，孩子自己描述，她从小到大不是在亢奋，就是很低落，连玩都玩不动。孩子说肚子感觉很紧，穿什么裤子都感觉勒的难受，内裤都提不上来，孩子还会走来走去，重复听音乐，两眼无神，总是感觉紧张，初中同学还给她起了一个外号叫小紧张，对做任何事情都提不起兴趣，不喜欢晴天，喜欢阴天，喜欢下雨天，她说下雨天感觉比较平静。不喜欢和别人交流，还会自言自语，各种怪动作，重复各种怪动作，喉咙还有嗯嗯的声音，咬牙齿，吸肚子。背上第七椎压痛厉害，去年还头疼，感觉恶心，我看了倪老师的视频，给孩子吃了1个星期的吴茱萸汤，孩子的头疼和恶心的症状现在没有了。我看了李医师的视频，这个叫妥瑞症，小建中汤，酸枣仁汤加白术，茯苓，葛根。明明没有拉肚子的药，孩子吃了一直拉肚子，我就把白术和葛根拿走了，就不拉肚子了。生半夏我不敢放，怕把握不好，孩子更虚了。孩子抽动有所改善，也比以前听话一些。好在李医师现在可以远程看诊，孩子还有其他的问题，最好李医师系统的诊断，您说远程看诊需要等待1年左右，我愿意等，无论多久，只要能约到您看诊就可以，我今天晚上等先生下班到家就提交预约邮件，我们全家等待您诊所的回复。今天晚上我终于可以睡个好觉了，我找到能看好病的中医了，自从孩子生病以来，我就睡不好觉了，经常入睡困难，一度惊醒。一不小心，唠唠叨叨写了这么多，实在是孩子生病这么多年，求医心切，忘谅解。多有打扰，不好意思。最后祝福李医师心想事成，万事如意！期盼佳音！</p>",
      "level": 0,
      "highlight": false,
      "children": [
        {
          "id": "fb20bce4143c28a873adf26b7b42327c",
          "author": "李宗恩",
          "time": "2025年06月24日 11:41",
          "content": "<p>診所前台會處理你的郵件。</p>",
          "level": 1,
          "highlight": true,
          "children": [
            {
              "id": "ad3d87eb032a966b657f9ca4f5643efc",
              "author": "南京患妥瑞症孩子的妈妈求助",
              "time": "2025年06月26日 21:04",
              "content": "<p>感谢李医师的回复，我已经预约了，在等待看诊名单中。笔记本和手机都放房间，夜里都是开机的，邮件开启了提醒功能，生怕错过一个邮件，准备工作都做好了，希望尽早看诊，让孩子早日回归课堂完成学业。祝福李医师心想事成，万事如意！</p>",
              "level": 2,
              "highlight": false,
              "children": []
            }
          ]
        }
      ]
    },
    {
      "id": "442ab418685b94f2d2866862bf3ed735",
      "author": "南京患妥瑞症孩子的妈妈求助",
      "time": "2025年06月05日 03:18",
      "content": "<p>尊敬的李医师您好：我是中国大陆江苏省南京市的一个患抽动症孩子的妈妈，我今天非常兴奋，我终于找到您的网站了，您还可以远程看诊，我看到了曙光。我的女儿今年17岁，4年前被诊断多动症，抽动症，还有焦虑症，我四处求医，都没有效果，孩子已经陆陆续续喝了近3年的中药，江苏省中医院，各大专家，前前后后看了近10位中医，都效果甚微。看着孩子天天不停的点头，做鬼脸，舌头不停的动来动去，不停的舔嘴唇，不停的眨眼睛，眼皮也会动，喜欢不停的摸眼毛，右胳膊也抽，刷牙的时候，右腿也抽，情绪低落，我心痛无比，一度抑郁。现在孩子已经休学在家，不能正常上学。孩子月经每次都推迟10天左右，睡眠也不好，入睡困难，中途夜里3点左右也会醒一次，中午无论多困都睡不着午觉，大便也不好，吃中药前3天左右一次大便，挑食，有时候夜尿也多，手脚出汗，额头热，手脚冷，人非常疲惫，没有力气，孩子自己描述，她从小到大不是在亢奋，就是很低落，连玩都玩不动。孩子说肚子感觉很紧，穿什么裤子都感觉勒的难受，内裤都提不上来，孩子还会走来走去，重复听音乐，两眼无神，总是感觉紧张，初中同学还给她起了一个外号叫小紧张，对做任何事情都提不起兴趣，不喜欢晴天，喜欢阴天，喜欢下雨天，她说下雨天感觉比较平静。不喜欢和别人交流，还会自言自语，各种怪动作，重复各种怪动作，喉咙还有嗯嗯的声音，咬牙齿，吸肚子。背上第七椎压痛厉害，去年还头疼，感觉恶心，我看了倪老师的视频，给孩子吃了1个星期的吴茱萸汤，孩子的头疼和恶心的症状现在没有了。我看了李医师的视频，这个叫妥瑞症，小建中汤，酸枣仁汤加白术，茯苓，葛根。明明没有拉肚子的药，孩子吃了一直拉肚子，我就把白术和葛根拿走了，就不拉肚子了，但是大便变成一天3-4次。生半夏我不敢放，怕把握不好，孩子更虚了。孩子抽动有所改善，也比以前听话一些，睡眠还是不行。好在李医师现在可以远程看诊，孩子还有其他的问题，最好李医师系统的诊断，您说远程看诊需要等待1年左右，我愿意等，无论多久，只要能约到您看诊就可以，我今天晚上等先生下班到家就提交预约邮件，我们全家等待您诊所的回复。今天晚上我终于可以睡个好觉了，我找到能看好病的中医了，自从孩子生病以来，我就睡不好觉了，经常入睡困难，一度惊醒。一不小心，唠唠叨叨写了这么多，实在是孩子生病这么多年，求医心切，忘谅解。多有打扰，不好意思。最后祝福李医师心想事成，万事如意！期盼佳音！</p>",
      "level": 0,
      "highlight": false,
      "children": []
    },
    {
      "id": "aaae0480b2cdea6e45046352f3fad84b",
      "author": "南京患妥瑞症孩子的妈妈求助",
      "time": "2025年06月05日 03:23",
      "content": "<p>不好意思，李医师，误以为没发成功，重复发送了一遍。</p>",
      "level": 0,
      "highlight": false,
      "children": []
    },
    {
      "id": "f466335b075627bdcde7a75164fe2570",
      "author": "chr1234",
      "time": "2025年07月10日 05:27",
      "content": "<p>在使用高品质药材以及要确保诊所正常运做和工作人员收入的情况下，较高额的诊费和药费或许是难以避免的。但在诊所收入充足的情况下，或许可以考虑制定费用减免的政策，为低收入的人提供诊费和药费的减免。这不仅是让贫困的人有机会得到治疗，也能避免中医成为“精英医学”（专门为高收入群体服务的医学）。</p>",
      "level": 0,
      "highlight": false,
      "children": [
        {
          "id": "7ad6045d7f1621b2aa8f19694189fd96",
          "author": "天城",
          "time": "2025年07月10日 18:56",
          "content": "<p>您可以先自己捐助一笔资金用于此事项</p>",
          "level": 1,
          "highlight": false,
          "children": []
        },
        {
          "id": "fc45494f21c2546ca2fe4e4d022dcf7c",
          "author": "天城",
          "time": "2025年07月10日 19:02",
          "content": "<p>不要慷他人之慨</p>",
          "level": 1,
          "highlight": false,
          "children": []
        }
      ]
    },
    {
      "id": "d82c1db270683270227fccf9bb56b996",
      "author": "风",
      "time": "2025年07月13日 07:21",
      "content": "<p>尊敬的李医师你好！能推一下国内你认为可以的中医师给我们吗？</p>",
      "level": 0,
      "highlight": false,
      "children": [
        {
          "id": "7e19a0829aad748c97cc1ba8195947c0",
          "author": "李宗恩",
          "time": "2025年07月18日 19:14",
          "content": "<p>賢不薦醫，病人得自己做功課。</p>",
          "level": 1,
          "highlight": true,
          "children": [
            {
              "id": "855e24c5aec184757567742a9f96226b",
              "author": "风",
              "time": "2025年07月28日 15:42",
              "content": "<p>感谢！</p>",
              "level": 2,
              "highlight": false,
              "children": []
            }
          ]
        }
      ]
    }
  ],
  "page": 3,
  "order": 8,
  "filename": "data\\page3\\page3_order8_7188d97c60d37c809c992644363a42eb.json",
  "timestamp": 1756266828.4264925
}