{
  "article_url": "https://andylee.pro/wp/?p=13483",
  "title": "新加坡教學演講視頻",
  "content": "<p>主辦單位剛剛把這次演講的視頻發給我，有興趣的讀者可以觀看。</p>\n<p><a href=\"https://1drv.ms/v/c/3757afc80d42525b/EbUZGMaUa9FHoApCtZL5PacBSHXXq9FAHyDq6iZQCTDv1Q?e=7mgb8h\">https://1drv.ms/v/c/3757afc80d42525b/EbUZGMaUa9FHoApCtZL5PacBSHXXq9FAHyDq6iZQCTDv1Q?e=7mgb8h</a></p>\n<p><a href=\"https://www.facebook.com/classicmedicine/videos/2238341619872685\">https://www.facebook.com/classicmedicine/videos/2238341619872685</a></p>",
  "article_time": "2024年12月10日 10:06",
  "comments": [
    {
      "id": "fbf8ad88fab3e89d8cef845d408b4aa8",
      "author": "大狮兄",
      "time": "2024年12月10日 19:36",
      "content": "<p>李老师，这个视频好像观看不了我试过多种观看方法都加载不出来。谢谢！</p>",
      "level": 0,
      "highlight": false,
      "children": [
        {
          "id": "e06ecd6122cca24ed4888bcab39db56e",
          "author": "李宗恩",
          "time": "2024年12月10日 20:42",
          "content": "<p>可能大陸網路封鎖，你得自己想辦法翻牆。</p>",
          "level": 1,
          "highlight": true,
          "children": [
            {
              "id": "ae27322f78784bcdb40e9b8c8443da0e",
              "author": "王乾臣",
              "time": "2024年12月10日 21:56",
              "content": "<p>用梯子了也不行，我多试试吧 如果有跟我一样的进不去的同学麻烦也分享下。谢谢李老师！</p>",
              "level": 2,
              "highlight": false,
              "children": [
                {
                  "id": "e5221afaa4669218be50c62675f3c7c5",
                  "author": "一壶酒",
                  "time": "2024年12月10日 22:29",
                  "content": "<p>你既然都用梯子了，你直接访问Facebook不就完了吗？</p>",
                  "level": 3,
                  "highlight": false,
                  "children": []
                },
                {
                  "id": "20099c0e937d6bf959bb0c92d7ced3d7",
                  "author": "刘艳",
                  "time": "2024年12月10日 23:14",
                  "content": "<p>有的微信公众号可以看了。寻方中医。</p>",
                  "level": 3,
                  "highlight": false,
                  "children": []
                },
                {
                  "id": "ed0fb81aeaead5fefe03e86116ed8090",
                  "author": "出師未捷身先死",
                  "time": "2024年12月10日 23:33",
                  "content": "<p>請在手機應用商店下載臉書Facebook應用，註冊賬號後關注李宗恩的賬號-當張仲景遇上史丹佛，然後就可以順利觀看其上傳的演講視頻</p>",
                  "level": 3,
                  "highlight": false,
                  "children": []
                },
                {
                  "id": "047b0962277b8634c79a8e6a1da1a0e5",
                  "author": "周则浩",
                  "time": "2024年12月11日 12:23",
                  "content": "<p>搜索微信公众号“寻方中医”，有这个视频分享。</p>",
                  "level": 3,
                  "highlight": false,
                  "children": []
                },
                {
                  "id": "c08314f27b21a881951c4243dce8b40c",
                  "author": "嘉乐",
                  "time": "2024年12月11日 12:45",
                  "content": "<p>哔哩哔哩有人转发啦</p>",
                  "level": 3,
                  "highlight": false,
                  "children": []
                },
                {
                  "id": "6dfe77cfa9ef0253ecc782feef770f07",
                  "author": "嘉乐",
                  "time": "2024年12月11日 12:46",
                  "content": "<p>哔哩哔哩已经有人转发啦</p>",
                  "level": 3,
                  "highlight": false,
                  "children": []
                },
                {
                  "id": "1a71a66a400742b4039422ab8b5b8c62",
                  "author": "飞飞飞",
                  "time": "2024年12月11日 12:54",
                  "content": "<p>bilibili有人把李宗恩医师的视频发出了，很精彩</p>",
                  "level": 3,
                  "highlight": false,
                  "children": []
                },
                {
                  "id": "eb0a97985970fac4c1485b96e8982bf9",
                  "author": "杨学锐",
                  "time": "2024年12月11日 01:40",
                  "content": "<p>微信公众号寻方中医转载了李老师的视频，可以直接观看</p>",
                  "level": 3,
                  "highlight": false,
                  "children": []
                },
                {
                  "id": "1ae1ae798e336a9914dc3cf61eb78189",
                  "author": "chr1234",
                  "time": "2024年12月11日 05:53",
                  "content": "<p>已经有人转载到bilibili了</p>",
                  "level": 3,
                  "highlight": false,
                  "children": []
                },
                {
                  "id": "ee01558867d2a4974d0dcc274c342d0e",
                  "author": "WJJ（王嘉俊）",
                  "time": "2024年12月11日 06:22",
                  "content": "<p>去Facebook看</p>",
                  "level": 3,
                  "highlight": false,
                  "children": []
                }
              ]
            },
            {
              "id": "523ad529ba4ebc1183099fcb44949eac",
              "author": "吾炫",
              "time": "2025年01月04日 08:38",
              "content": "<p>您好李老师，请问舌头两侧上下有淤血，淤血出现五年后心脏出现早搏和干体力活乏力，这种情况的淤血和那些病有关，谢谢</p>",
              "level": 2,
              "highlight": false,
              "children": [
                {
                  "id": "4b26d5b6893101b308f9de98e5a6e7c8",
                  "author": "李宗恩",
                  "time": "2025年01月10日 15:19",
                  "content": "<p>你的問題很浮泛，好像問五年前摔倒，現在會有什麼問題一樣。</p>",
                  "level": 3,
                  "highlight": true,
                  "children": [
                    {
                      "id": "dc7aaa7b177c58e7850bc64f1b8d316b",
                      "author": "吾炫",
                      "time": "2025年01月23日 09:40",
                      "content": "<p>谢谢李老师，舌头两边淤血，一般是哪些地方或者经络出现问题，才呈现在舌头两侧形成黑色的淤血块，看了好多中医，都找不到方向，谢谢李老师解惑，</p>",
                      "level": 4,
                      "highlight": false,
                      "children": []
                    }
                  ]
                }
              ]
            },
            {
              "id": "e9b05de30cb4bdd83b0cd05acc499977",
              "author": "小小徐",
              "time": "2025年01月08日 09:57",
              "content": "<p>李医生，葛根汤里的葛根是用粉葛根还是柴葛根呀</p>",
              "level": 2,
              "highlight": false,
              "children": [
                {
                  "id": "8dde2b5498bd787519060d3ae2d1526d",
                  "author": "一壶酒",
                  "time": "2025年01月08日 20:59",
                  "content": "<p>李博士在此网站回答过，意思是：<br/>\n初学者或者经验不足者建议使用粉葛，因为柴葛有些人吃了会不舒服，需要有其他的考虑。</p>",
                  "level": 3,
                  "highlight": false,
                  "children": []
                },
                {
                  "id": "840d0ea8d0d3d2e3d5f96c788fb046aa",
                  "author": "李宗恩",
                  "time": "2025年01月10日 15:33",
                  "content": "<p>大多用粉葛，一些病人對柴葛有不同的反應。</p>",
                  "level": 3,
                  "highlight": true,
                  "children": [
                    {
                      "id": "d7972f20b44f58ca3f8b33f665fe02ba",
                      "author": "徐彤",
                      "time": "2025年03月27日 21:45",
                      "content": "<p>请问李医生，怎么预约远程看诊</p>",
                      "level": 4,
                      "highlight": false,
                      "children": []
                    },
                    {
                      "id": "862b6cd547548b4d98f1fb897c518407",
                      "author": "李宗恩",
                      "time": "2025年03月30日 10:03",
                      "content": "<p>聯絡診所info@youngQi.com。網頁上不是已經寫明診所聯絡方式嗎？為什麼不自己先查詢？</p>",
                      "level": 4,
                      "highlight": true,
                      "children": []
                    }
                  ]
                }
              ]
            },
            {
              "id": "2f5434538e039b4942a7194aa3224ecb",
              "author": "himeka",
              "time": "2025年01月11日 16:56",
              "content": "<p>李医师，请问ADHD怎么治疗?还有房事过度，这两个有影响吗？</p>",
              "level": 2,
              "highlight": false,
              "children": [
                {
                  "id": "0ff6cd749c73552f6cc59fe6c5d92daf",
                  "author": "李宗恩",
                  "time": "2025年01月13日 10:23",
                  "content": "<p>中醫不是按照西醫病名來治療，以前也討論過，你可以在頁面上查詢。</p>",
                  "level": 3,
                  "highlight": true,
                  "children": []
                }
              ]
            },
            {
              "id": "025b74d6dbb8e71a3b7fc6bf877d1bb0",
              "author": "123",
              "time": "2025年01月18日 08:04",
              "content": "<p>李老师您好，治疗麻疹不能发汗，也不能用吐下，只用透表法，您能讲讲这个治疗方向吗，还有您在透表时一般选用什么药？用经方的麻桂类的轻剂量可不可以</p>",
              "level": 2,
              "highlight": false,
              "children": [
                {
                  "id": "554ad60c06a8bd95587ff251a8e4fe0b",
                  "author": "李宗恩",
                  "time": "2025年01月25日 15:16",
                  "content": "<p>為什麼不能用汗法？每個病人情況不一樣，不是什麼病名就不能使用什麼治療方式，辨證論治。</p>",
                  "level": 3,
                  "highlight": true,
                  "children": [
                    {
                      "id": "fc2164d4c9759db206d77dbecd125888",
                      "author": "123",
                      "time": "2025年01月30日 20:59",
                      "content": "<p>多谢李老师回复，国内一个中医老师，提到麻疹发汗会造成血中津液缺失，使血液循环变慢，导致血中毒素排不出来，所以选用的是辛凉透表法，用的是银花，连翘，牛蒡子来加减，所以我来问问您可不可以用麻桂轻剂量来取代这些药来达到透表的效果</p>",
                      "level": 4,
                      "highlight": false,
                      "children": []
                    },
                    {
                      "id": "a2acbc14d774b0d6191244f686f6b404",
                      "author": "李宗恩",
                      "time": "2025年02月03日 14:44",
                      "content": "<p>那是沒有拿捏好發汗的程度，以及病人其它方面的問題。麻疹，臨床上很常使用葛根湯加減，也常用麻杏薏甘湯加減，換句話說，為什麼不能用麻黃來發汗呢？</p>",
                      "level": 4,
                      "highlight": true,
                      "children": []
                    }
                  ]
                }
              ]
            },
            {
              "id": "2874ce070e12536cf535cd45397f3731",
              "author": "悠然",
              "time": "2025年03月11日 10:45",
              "content": "<p>李医生，你的网站是什么，哔哩哔哩发布的网站，好像不对。</p>",
              "level": 2,
              "highlight": false,
              "children": [
                {
                  "id": "c67cba32082d11cbcfbc5381389120c3",
                  "author": "李宗恩",
                  "time": "2025年03月17日 13:58",
                  "content": "<p>DrLee.us,或andylee.pro</p>",
                  "level": 3,
                  "highlight": true,
                  "children": []
                }
              ]
            }
          ]
        },
        {
          "id": "6653ce68a057e9ab04c699fb6a414f2c",
          "author": "嘉乐",
          "time": "2024年12月11日 12:46",
          "content": "<p>哔哩哔哩有人转发啦</p>",
          "level": 1,
          "highlight": false,
          "children": []
        },
        {
          "id": "c3c615e3e18e05963e51904d56514c63",
          "author": "徐",
          "time": "2024年12月11日 18:23",
          "content": "<p>苹果用户没有问题！</p>",
          "level": 1,
          "highlight": false,
          "children": [
            {
              "id": "3cb9c6d2fd81e74207105d96739e8a1d",
              "author": "Pheal",
              "time": "2024年12月19日 11:59",
              "content": "<p>李宗恩老师您好，可否听听您对转基因食品安全性的看法。</p>",
              "level": 2,
              "highlight": false,
              "children": [
                {
                  "id": "c07628124db071eb8cf356773eb64e02",
                  "author": "李宗恩",
                  "time": "2025年01月10日 10:39",
                  "content": "<p>人類隨便改變食物的基因，有很大的潛在危險，因為無法知道十年二十年、一代再下一代會不會出什麼問題，雖然機率可能很小，一旦出問題，可以是很大的問題。</p>",
                  "level": 3,
                  "highlight": true,
                  "children": []
                }
              ]
            }
          ]
        }
      ]
    },
    {
      "id": "c553a0a753415507b792c0b5b7712b40",
      "author": "wongyi",
      "time": "2024年12月10日 22:25",
      "content": "<p>谢谢亲爱的李博士~真精彩！！！我们会加油的~</p>",
      "level": 0,
      "highlight": false,
      "children": []
    },
    {
      "id": "7d32731b289e045be6ca9dd7e33366e8",
      "author": "和年",
      "time": "2024年12月10日 22:36",
      "content": "<p>微信、B站：【寻方中医】（孙鸿师兄的）会把李宗恩博士的视频放出来，这样中国内地就方便了</p>",
      "level": 0,
      "highlight": false,
      "children": [
        {
          "id": "4451371285bafee084ccbf2180c10476",
          "author": "一壶酒",
          "time": "2024年12月11日 14:31",
          "content": "<p>寻访中医原来是孙鸿啊！</p>",
          "level": 1,
          "highlight": false,
          "children": []
        },
        {
          "id": "254479b8e642a281e98dbe1bcdefa1bf",
          "author": "一壶酒",
          "time": "2024年12月11日 14:32",
          "content": "<p>这真是一个天大的好消息啊，这回大家可以知道在哪里买正宗的江油附子了。</p>",
          "level": 1,
          "highlight": false,
          "children": []
        }
      ]
    },
    {
      "id": "411870614ace85b3daf3e6196fab34fd",
      "author": "和年",
      "time": "2024年12月10日 22:38",
      "content": "<p>刚【寻方中医】微信、B站 已经把李宗恩博士的视频 发布了</p>",
      "level": 0,
      "highlight": false,
      "children": []
    },
    {
      "id": "06223480dd943086c7f39c872fa68015",
      "author": "Ashley",
      "time": "2024年12月10日 22:56",
      "content": "<p>原本用手機看，網頁雖然打開了，但影片沒辦法播放，想說改用電腦開開看應該比較好，但只播了不到60秒就停了（在這60秒內定格好幾次），重覆開網頁好幾次都是這樣，看到左上角有下載的按鍵，想說下載後再來看，結果也是下載不了（人在台灣）</p>",
      "level": 0,
      "highlight": false,
      "children": []
    },
    {
      "id": "dbf0744983ff21ee861b57c88d8adeef",
      "author": "cau",
      "time": "2024年12月10日 23:01",
      "content": "<p>哔哩哔哩有人更新了 id寻方中医 你一搜就能看到</p>",
      "level": 0,
      "highlight": false,
      "children": []
    },
    {
      "id": "f4516fc4ae94e30a0d2cc352645548e8",
      "author": "已忘言",
      "time": "2024年12月10日 23:08",
      "content": "<p>国内的同学可以关注“寻方中医”公众号或B站账号（似乎是孙鸿先生创办的），上面已经转载了李博士的演讲视频。</p>",
      "level": 0,
      "highlight": false,
      "children": []
    },
    {
      "id": "822f931f5bd07628783e4c9951a6694f",
      "author": "身未动、心已远",
      "time": "2024年12月10日 23:10",
      "content": "<p>太帅啦！太帅啦！太帅啦！理性中带着人性的温暖，可惜时间太短了，没听过瘾。</p>",
      "level": 0,
      "highlight": false,
      "children": []
    },
    {
      "id": "22c7f5f4d79cc0f28ccf5c7276ac5755",
      "author": "骏",
      "time": "2024年12月10日 23:59",
      "content": "<p>复制链接到迅雷APP,可以下载以及观看</p>",
      "level": 0,
      "highlight": false,
      "children": []
    },
    {
      "id": "03c533decf6d97015e341c5bce6dc348",
      "author": "骏",
      "time": "2024年12月11日 12:16",
      "content": "<p>手机迅雷APK可以观看</p>",
      "level": 0,
      "highlight": false,
      "children": []
    },
    {
      "id": "3e82ca2ce377ad82556a04673ca25b23",
      "author": "王彦强",
      "time": "2024年12月11日 12:37",
      "content": "<p>李医师，最近淘了本哈佛大学馆藏的汤液本草影印版，您现在用哪个邮箱呀！</p>",
      "level": 0,
      "highlight": false,
      "children": [
        {
          "id": "dbefaa197f3852d2329e60f5c1202b9a",
          "author": "黄种人",
          "time": "2024年12月11日 19:16",
          "content": "<p>可以发我一份吗？lishi_hzj@foxmail.com，非常感谢!</p>",
          "level": 1,
          "highlight": false,
          "children": [
            {
              "id": "a3b15759d2dcf687c1912c8b54c0ffb8",
              "author": "王彦强",
              "time": "2024年12月11日 23:32",
              "content": "<p>可以，共同学习。</p>",
              "level": 2,
              "highlight": false,
              "children": [
                {
                  "id": "606bd26f5755c166bb2a899ebadd4860",
                  "author": "polarbear",
                  "time": "2024年12月20日 18:18",
                  "content": "<p>感恩王老师，求一份 <a href=\"mailto:413330154@qq.com\">413330154@qq.com</a></p>",
                  "level": 3,
                  "highlight": false,
                  "children": []
                },
                {
                  "id": "78590a7b766c456f46723bd53fcd2373",
                  "author": "变迁",
                  "time": "2025年01月13日 02:04",
                  "content": "<p>我也想要一份, 学习一下. 非常感谢 <a href=\"mailto:767019879@qq.com\">767019879@qq.com</a></p>",
                  "level": 3,
                  "highlight": false,
                  "children": []
                }
              ]
            }
          ]
        },
        {
          "id": "1bd5c49ee88652d2e4c12d95352aa77c",
          "author": "李宗恩",
          "time": "2024年12月12日 13:15",
          "content": "<p><a href=\"mailto:info@youngQi.com\">info@youngQi.com</a></p>",
          "level": 1,
          "highlight": true,
          "children": [
            {
              "id": "1b9b61de16e2a4e16561ae0eb5f69680",
              "author": "王彦强",
              "time": "2024年12月18日 17:17",
              "content": "<p>想买古画，结果发来全是中医古籍，一张字画也没有，钱也白花了。里面还有本图解八十一难，还有本奥地利图书馆藏的万病回春，都是图片不好平道一起。</p>",
              "level": 2,
              "highlight": false,
              "children": [
                {
                  "id": "f0298a0f72788d0606557de62de3af61",
                  "author": "变迁",
                  "time": "2025年01月13日 02:12",
                  "content": "<p>感恩分享，我也想要一份  <a href=\"mailto:767019879@qq.com\">767019879@qq.com</a></p>",
                  "level": 3,
                  "highlight": false,
                  "children": []
                },
                {
                  "id": "29efde55afbe83a58f0b05cafb464b70",
                  "author": "吾炫",
                  "time": "2025年02月01日 09:02",
                  "content": "<p>感恩分享，麻烦发我一份，谢谢。386922372@qq.com</p>",
                  "level": 3,
                  "highlight": false,
                  "children": []
                }
              ]
            }
          ]
        },
        {
          "id": "77a0bd726c49039b30097305083907a1",
          "author": "David",
          "time": "2024年12月12日 15:03",
          "content": "<p>我也想要一份, 学习一下. 非常感谢!<br/>\n<a href=\"mailto:davidszu@gmail.com\">davidszu@gmail.com</a></p>",
          "level": 1,
          "highlight": false,
          "children": []
        },
        {
          "id": "58dc31a4267084208cfaa7ac5ec9683d",
          "author": "骏",
          "time": "2024年12月12日 19:32",
          "content": "<p><a href=\"mailto:355545548@qq.com\">355545548@qq.com</a>, 发我一份，谢谢</p>",
          "level": 1,
          "highlight": false,
          "children": []
        },
        {
          "id": "425978fc29e2af6e19ae43dd5bf97df3",
          "author": "王彦强",
          "time": "2024年12月12日 21:05",
          "content": "<p>已经发给大家，共同学习</p>",
          "level": 1,
          "highlight": false,
          "children": [
            {
              "id": "e92511f8ec3b670be5da45368893f58e",
              "author": "思齐",
              "time": "2025年01月02日 17:15",
              "content": "<p>感恩分享，我也想要一份，1504781442@qq.com</p>",
              "level": 2,
              "highlight": false,
              "children": []
            },
            {
              "id": "19ff219b6e76d2fece46c97092eedd39",
              "author": "吾炫",
              "time": "2025年01月04日 07:32",
              "content": "<p>帮忙发一份，谢谢<br/>\n<a href=\"mailto:386922372@qq.com\">386922372@qq.com</a></p>",
              "level": 2,
              "highlight": false,
              "children": []
            }
          ]
        },
        {
          "id": "4c8191161164e68c22a5616c8a2ba79a",
          "author": "小宇宙",
          "time": "2024年12月13日 17:35",
          "content": "<p><a href=\"mailto:53513456@qq.com\">53513456@qq.com</a>,谢谢分享</p>",
          "level": 1,
          "highlight": false,
          "children": []
        },
        {
          "id": "2757a70406d297360f68d92f7079159c",
          "author": "大师兄",
          "time": "2024年12月14日 03:31",
          "content": "<p>麻烦发我一份，谢谢。1119245659@qq.com</p>",
          "level": 1,
          "highlight": false,
          "children": []
        },
        {
          "id": "d7157fc4abc5567e6f3bc481f37cb23c",
          "author": "过江之鲫",
          "time": "2024年12月14日 04:30",
          "content": "<p>有劳老哥，535394567@qq.com谢谢</p>",
          "level": 1,
          "highlight": false,
          "children": []
        },
        {
          "id": "a27b4b6bc2befd337247956400280ec9",
          "author": "lkk",
          "time": "2024年12月14日 04:51",
          "content": "<p>冒昧的向您提出分享這份資料，還請您多包涵!感謝您!郵箱；lkk.khs@msa.hinet.net</p>",
          "level": 1,
          "highlight": false,
          "children": [
            {
              "id": "bd0cecd60abdaeecd135e9d2249a7e45",
              "author": "lkk",
              "time": "2024年12月16日 03:38",
              "content": "<p>收到了。感謝您分享!</p>",
              "level": 2,
              "highlight": false,
              "children": []
            }
          ]
        },
        {
          "id": "b7d7532981e8d88bf594a26d4a496e69",
          "author": "送你座帆船",
          "time": "2024年12月16日 08:29",
          "content": "<p><a href=\"mailto:3182385885@qq.com\">3182385885@qq.com</a>     感谢您的分享</p>",
          "level": 1,
          "highlight": false,
          "children": []
        },
        {
          "id": "3421ae033665be9b465076f91b66661f",
          "author": "R",
          "time": "2024年12月16日 18:46",
          "content": "<p>请问能发给我一份吗？非常感谢！<br/>\n<a href=\"mailto:ruiqing369@gmail.com\">ruiqing369@gmail.com</a></p>",
          "level": 1,
          "highlight": false,
          "children": []
        },
        {
          "id": "956e87fd877ee7b6ec4dd4a3b433f39e",
          "author": "青",
          "time": "2024年12月16日 23:29",
          "content": "<p>老哥可以发一份吗734460361@qq.com</p>",
          "level": 1,
          "highlight": false,
          "children": []
        },
        {
          "id": "712478aa87d8b7b31992cdf216f818bb",
          "author": "归雁",
          "time": "2024年12月18日 19:00",
          "content": "<p>可以发我一份学习下吗？谢谢！421234884@qq.com</p>",
          "level": 1,
          "highlight": false,
          "children": []
        },
        {
          "id": "cb8ce6fd56d86ada44e343be5e431989",
          "author": "黄小方",
          "time": "2024年12月18日 19:42",
          "content": "<p>可以分享一份吗？谢谢fore2002@126.com</p>",
          "level": 1,
          "highlight": false,
          "children": []
        },
        {
          "id": "e4c829b7305beeab29e9dd9234878fef",
          "author": "鲍勃",
          "time": "2024年12月19日 06:03",
          "content": "<p>感恩，麻烦给我一份，27312865@qq.com</p>",
          "level": 1,
          "highlight": false,
          "children": []
        },
        {
          "id": "733c0134f75f404f6ef2fd317627f804",
          "author": "Pheal",
          "time": "2024年12月20日 10:14",
          "content": "<p>向兄长求一份学习，万分感谢！<br/>\n<a href=\"mailto:582719296@qq.com\">582719296@qq.com</a></p>",
          "level": 1,
          "highlight": false,
          "children": [
            {
              "id": "97ecef867117370a8bdfe9a633dab239",
              "author": "送你座帆船",
              "time": "2024年12月31日 04:22",
              "content": "<p>帮他发给你了</p>",
              "level": 2,
              "highlight": false,
              "children": [
                {
                  "id": "54c39f50bf8d4c95d42a1686c4f4be59",
                  "author": "吾炫",
                  "time": "2025年01月23日 09:45",
                  "content": "<p>向兄长求一份学习，万分感谢，386922372@qq.com</p>",
                  "level": 3,
                  "highlight": false,
                  "children": []
                }
              ]
            }
          ]
        },
        {
          "id": "1b4326259f3c23c303da604433b05f94",
          "author": "天天",
          "time": "2024年12月22日 05:07",
          "content": "<p>你好，也求一份，先谢了。934864266@qq.com</p>",
          "level": 1,
          "highlight": false,
          "children": [
            {
              "id": "25056a608de4de82c4e19b3ab8497105",
              "author": "送你座帆船",
              "time": "2024年12月31日 04:21",
              "content": "<p>帮他发给你了</p>",
              "level": 2,
              "highlight": false,
              "children": []
            }
          ]
        },
        {
          "id": "d1b1f40fbace2c3b6dec55643ba61d62",
          "author": "wt",
          "time": "2024年12月29日 17:34",
          "content": "<p>冒昧打扰，能发一分给我吗 <a href=\"mailto:306629601@qq.com\">306629601@qq.com</a></p>",
          "level": 1,
          "highlight": false,
          "children": [
            {
              "id": "2116430b2516c0770cf45c9a8b4ef915",
              "author": "送你座帆船",
              "time": "2024年12月31日 04:19",
              "content": "<p>帮他发给你了</p>",
              "level": 2,
              "highlight": false,
              "children": [
                {
                  "id": "89bf3600e9222f2ac8afd7b66a115d4d",
                  "author": "CCC",
                  "time": "2025年01月08日 09:21",
                  "content": "<p>能发一分给我吗<br/>\n<a href=\"mailto:mcleo1414-bbb0@yahoo.com\">mcleo1414-bbb0@yahoo.com</a></p>",
                  "level": 3,
                  "highlight": false,
                  "children": []
                },
                {
                  "id": "e23a0b29a6e86fe259ca1947ef3d100c",
                  "author": "渣",
                  "time": "2025年01月09日 03:22",
                  "content": "<p>老师可以给我也发一份嘛<br/>\n<a href=\"mailto:2752255876@qq.com\">2752255876@qq.com</a></p>",
                  "level": 3,
                  "highlight": false,
                  "children": [
                    {
                      "id": "8e32a09d3f8b515b3fe5ee082f0694d4",
                      "author": "愿得一人心",
                      "time": "2025年01月14日 20:04",
                      "content": "<p><a href=\"mailto:823047251@qq.com\">823047251@qq.com</a>麻烦发一份，谢谢！</p>",
                      "level": 4,
                      "highlight": false,
                      "children": []
                    }
                  ]
                }
              ]
            }
          ]
        },
        {
          "id": "e679a68694e1b457a5ca2209278908ad",
          "author": "方正",
          "time": "2025年02月12日 16:48",
          "content": "<p>王医生，可以发一份给我吗，非常感谢。16432992@qq.com</p>",
          "level": 1,
          "highlight": false,
          "children": []
        }
      ]
    },
    {
      "id": "975c7d9e8f14aaa423d51728e906de3e",
      "author": "杨学锐",
      "time": "2024年12月11日 01:36",
      "content": "<p>非常感谢李老师的无私教学！</p>",
      "level": 0,
      "highlight": false,
      "children": []
    },
    {
      "id": "99c64d75402e629f9b185c64ab804820",
      "author": "骏",
      "time": "2024年12月11日 03:33",
      "content": "<p>大家可以用手机迅雷Apk观看，看到1:12分，中间有个西药hack。</p>",
      "level": 0,
      "highlight": false,
      "children": []
    },
    {
      "id": "054cec7e8980c12c8f8c9bff72d78dee",
      "author": "臭宝",
      "time": "2024年12月11日 05:52",
      "content": "<p>李博士这次讲的慷慨激昂，相比之前风格更显中医风范！</p>",
      "level": 0,
      "highlight": false,
      "children": []
    },
    {
      "id": "e84e27b911870d78e5b776abba6e15c5",
      "author": "一壶酒",
      "time": "2024年12月11日 14:34",
      "content": "<p>这回李博士刻意压了语速吧，开的1.25倍观看无压力。</p>",
      "level": 0,
      "highlight": false,
      "children": []
    },
    {
      "id": "d594a4c9cda16e5b332fa7e660e8be24",
      "author": "和年",
      "time": "2024年12月11日 19:05",
      "content": "<p>看到李博士薪火相传的力量~传承的榜样，以前视频语速相对会快，我也是开1.25倍速，语速正好</p>",
      "level": 0,
      "highlight": false,
      "children": []
    },
    {
      "id": "a42cf0fc4caf87262f0c0be7f6be6540",
      "author": "小宇宙",
      "time": "2024年12月11日 20:03",
      "content": "<p>正确的知识传回中国大陆，一定要壮大起来，避免被国内的所谓的大师们掩盖，抵制，封杀。感谢李师的的无私</p>",
      "level": 0,
      "highlight": false,
      "children": [
        {
          "id": "7d36cc71f2e8532c2d0b5d7c2aa6ec26",
          "author": "一壶酒",
          "time": "2024年12月12日 02:35",
          "content": "<p>李博士千万要注意人身安全啊！</p>",
          "level": 1,
          "highlight": false,
          "children": []
        }
      ]
    },
    {
      "id": "6422f2df7f4662e33b272cb78f3be833",
      "author": "君荷",
      "time": "2024年12月12日 12:08",
      "content": "<p>刚刚在哔哩哔哩观看完李老师的演讲视频，太精彩了！非常感恩李老师在弘扬传统中医文化之路上所付出的一切！<br/>\n治好病的医生说话！</p>",
      "level": 0,
      "highlight": false,
      "children": []
    },
    {
      "id": "000203d935e55012d6876cd0ef406583",
      "author": "青山",
      "time": "2024年12月12日 12:54",
      "content": "<p>感谢老师</p>",
      "level": 0,
      "highlight": false,
      "children": []
    },
    {
      "id": "f6bab980f9c2945ce62c0d41948a01d9",
      "author": "chr1234",
      "time": "2024年12月13日 19:12",
      "content": "<p>请问李医师是否还记得与线粒体和癌症细胞核的那个研究的相关资料的网站或者网址，我花了些时间做research论文，搜到了很多与线粒体与癌症的相关讯息，其中的论文虽然有指出线粒体与癌症的相关性，不过还是扯回到了基因突变，即线粒体dna的基因突变，因此想了解下你演讲提及的研究的具体信息。以下是我research到的其中两篇http://www.biomedicine.org.tw/Upload/07_%E7%B2%92%E7%B7%9A%E9%AB%94%E8%88%87%E7%99%8C%E7%97%87.pdfhttps://pmc.ncbi.nlm.nih.gov/articles/PMC9910000/</p>",
      "level": 0,
      "highlight": false,
      "children": [
        {
          "id": "9627187dc0c03b1c0abcab2c2f4bf683",
          "author": "天空",
          "time": "2024年12月18日 15:48",
          "content": "<p>關於粒線體和細胞核的實驗或許可以參考這篇：https://pmc.ncbi.nlm.nih.gov/articles/PMC4493566/</p>\n<p>李醫師在演講中提到，粒線體的表現和「濕」有關，而陽氣的透達可以改變濕的環境，從而改變粒線體和癌細胞的表現， 是否可以請李醫師就這方面多說一點呢？</p>\n<p>在某個回覆裡，李醫師也提到體溫的熱不是心臟摩擦產生的，假如體溫的熱是粒線體產生的，那麼在濕很重甚或陰實的環境裏，粒線體的呼吸作用所生成的能量/熱是不是就不容易流動出去為身體所用，所以產生局部的熱？可以這樣理解腫瘤周圍的熱嗎（陽不入陰的反逆現象），還有濕熱？ 心陽/陽氣的真正意義又是什麼呢？（不是心臟產生的熱，但還是一種能量，可以把熱帶到它該去的地方，但寒濕會阻隔它）</p>\n<p>中醫和西醫的概念放在一起討論會讓各自的脈絡更混亂嗎？還是有另一種理解方式可以將兩者整合起來，在臨床上有這個必要嗎？</p>",
          "level": 1,
          "highlight": false,
          "children": [
            {
              "id": "ba118013a3e823ecfd8ec72e0d0750d4",
              "author": "chr1234",
              "time": "2024年12月20日 03:19",
              "content": "<p>谢谢你，我是想给我的其他朋友分享而已，免得被说没有依据，胡说八道</p>",
              "level": 2,
              "highlight": false,
              "children": [
                {
                  "id": "1c2410a825acecb6e5fd42900f66b74c",
                  "author": "天空",
                  "time": "2024年12月21日 09:42",
                  "content": "<p>這篇整理得不錯，會比上面那篇原始的research paper容易理解很多。至於我亂想的部份，就不用太在意：）<br/>\n<a href=\"https://www.ctee.com.tw/news/20240327700004-430905\" rel=\"nofollow ugc\">https://www.ctee.com.tw/news/20240327700004-430905</a></p>",
                  "level": 3,
                  "highlight": false,
                  "children": []
                }
              ]
            },
            {
              "id": "2af23be35c0ecb95f84a20f87650da1f",
              "author": "李宗恩",
              "time": "2025年01月10日 10:31",
              "content": "<p>粒線體和新陳代謝有很大的關聯，而中醫的濕，是該回收而沒有回收的物質，和新陳代謝有直接的關聯。臨床上，並不需要這樣的理論連結，而是為了讓人們理解，即使用現代醫學的觀點來看，中醫也不是天馬行空的玄學。</p>",
              "level": 2,
              "highlight": true,
              "children": [
                {
                  "id": "c3848458c31f6728c4796591bd4291b1",
                  "author": "天空",
                  "time": "2025年01月10日 14:56",
                  "content": "<p>謝謝李醫師的回答，明白了。另外我之前我把李醫師說的“體溫的熱不是心臟摩擦產生的”誤解為“心臟不會產生熱”了。但其實李醫師是指心臟大部份的熱是以其他方式產生的對嗎？（i.e.心肌細胞裡的粒線體產生能量讓心肌搏動，但只有少數化為動能，其他的化為熱）。所以心陽依舊包含熱。</p>",
                  "level": 3,
                  "highlight": false,
                  "children": [
                    {
                      "id": "a064201c278f7e73bd6d8801c35557e8",
                      "author": "李宗恩",
                      "time": "2025年01月10日 16:03",
                      "content": "<p>不是。身體的熱能不是心臟摩擦產生的，也不是從心臟內產生的，而是全身新陳代謝的過程中，物質轉化而產生能量。中醫認為心臟為君火，比較正確的說法是，心臟為全身血液循環的關鍵，而血液把各種物質運送到身體各處，因此心臟為整個身體能量的核心樞紐。換句話說，心陽包括潛在的熱，並非直接的熱能。</p>",
                      "level": 4,
                      "highlight": true,
                      "children": []
                    },
                    {
                      "id": "3ec46aee584a326bed99a769a6e74abc",
                      "author": "天空",
                      "time": "2025年01月10日 17:43",
                      "content": "<p>李醫師，謝謝您的解釋，是的，我明白身體的熱能是全身的新陳代謝產生的。我只是想表達，全身的新陳代謝當中也包括心肌細胞的新陳代謝/物質轉化能量，和它所產生的熱（https://pmc.ncbi.nlm.nih.gov/articles/PMC5509874/）。所以身體的熱既有心臟的熱也有身體各個部位產生的熱，只是我不知道在功能上它們是否有所不同，應該是有所不同所以才有心陽的說法。也因此我才會想弄清楚心臟是否產生熱或其他形式的精微能量，因為它是中醫生理病理的源頭能量。假如心陽潛在的熱只是血液裡的物質，那不就只有陰了嗎？</p>",
                      "level": 4,
                      "highlight": false,
                      "children": []
                    },
                    {
                      "id": "623edc9b75ffbc270149d4c6c5527ce1",
                      "author": "李宗恩",
                      "time": "2025年01月10日 20:02",
                      "content": "<p>心肌運動產生的熱能，遠遠不足維持人體體溫，你引用的這篇論文，並不是解釋人體體溫的主要來源。中醫生理學中，心臟也不是「源頭能量」，中醫生理學解釋的很清楚，營養、空氣等在人體內轉化成各種「氣」，成為體內的能量來源。心陽是一個觀念，一種能量把物資送到人體各處，就好像卡車載運系統，把煤炭送到各個城鎮，讓各戶人家可以燒煤取暖。這個很多卡車到處跑的現象，即是能量的表現，至於那些煤炭算是貨物呢？還是這個卡車系統的一部分？那只是看你怎麼解釋這個系統如何運作，實際上是不可分的。如果所謂的心陽就可以代表整個能量的運作，那麼為什麼需要有心血、心陰呢？換句話說，中醫的陰陽是不可分的，能量的儲存和運輸得靠物質，物質的改變得靠能量，你在哪個層面去切割兩者，只是為了方便解釋及理解。拿現代物理學來做個不完全恰當的比喻，所謂物質的分子，你在哪個層面去切割物質和能量？你說夸克是物質嗎？其實再往細微看，還是能量的表現。</p>",
                      "level": 4,
                      "highlight": true,
                      "children": []
                    },
                    {
                      "id": "90e00bc87872ff0dc4ccf1f5dd92b1ff",
                      "author": "天空",
                      "time": "2025年01月10日 20:37",
                      "content": "<p>謝謝李醫師，是的，這篇文章只是說明心臟也會產生熱，並不是要解釋體溫的主要來源。謝謝您用心解釋了這麼多，我會好好去理解消化。</p>",
                      "level": 4,
                      "highlight": false,
                      "children": []
                    },
                    {
                      "id": "b99b89982736a7f2e6e2aeddfd0a3afa",
                      "author": "天空",
                      "time": "2025年02月10日 10:07",
                      "content": "<p>李醫師您好，我只想說一聲，回頭再讀「傷寒論」讀到關於桂枝、炙甘草作為陽藥vs白芍作爲陰藥對心臟/動脈血液的輸出vs靜脈血液回流的作用，我可以理解您說的心陽是一種能量把物資送到人體各處的概念了。心陽其實有好幾個組成（component)。謝謝老師！</p>",
                      "level": 4,
                      "highlight": false,
                      "children": []
                    }
                  ]
                }
              ]
            }
          ]
        },
        {
          "id": "674adda2e09e5fb69af2087218e88c60",
          "author": "李宗恩",
          "time": "2025年01月10日 09:56",
          "content": "<p>你可以從諾貝爾獎得主Otto Warburg開始查起。</p>",
          "level": 1,
          "highlight": true,
          "children": []
        }
      ]
    },
    {
      "id": "5d5fd7ddf648524c7f0fbedc057144c0",
      "author": "Ada",
      "time": "2024年12月13日 22:14",
      "content": "<p>谢谢李医生，获益良多，很精彩！</p>",
      "level": 0,
      "highlight": false,
      "children": []
    },
    {
      "id": "1227860339134d4c39672f06fd9c71e9",
      "author": "dhshdhjs",
      "time": "2024年12月14日 05:57",
      "content": "<p>老师，想请问下我们骨骼由于长时间出现不良姿势导致的各种侧弯，倾斜s弯……等等；这类骨骼想要纠正他回到原来的姿态可以每一天都矫一些正吗，而每次矫正都会造成骨骼咔嚓响一下。这种会对将来的骨骼造成影响吗？因为争议声太大了，想听听李老师的建议！谢谢</p>",
      "level": 0,
      "highlight": false,
      "children": [
        {
          "id": "8d933e2d6441932cfc178e0a38090b6c",
          "author": "李宗恩",
          "time": "2025年01月10日 09:59",
          "content": "<p>骨骼校正，是把錯位的地方搬回來，不一定能治好病根，譬如肝血不能潤筋，兩邊筋的拉力不對稱，骨骼校正後，還是會再把它拉彎。</p>",
          "level": 1,
          "highlight": true,
          "children": []
        }
      ]
    },
    {
      "id": "5c9055bbd0a3f5267efcf2415c861e72",
      "author": "缠迷学医",
      "time": "2024年12月16日 15:52",
      "content": "<p>老师您好，请问肠梗阻可用败酱吗？</p>",
      "level": 0,
      "highlight": false,
      "children": [
        {
          "id": "0451d6dca8670714e911af8f84579779",
          "author": "李宗恩",
          "time": "2025年01月10日 10:23",
          "content": "<p>沒有辨證論治，如何知道某個單味藥是否有用？</p>",
          "level": 1,
          "highlight": true,
          "children": []
        }
      ]
    },
    {
      "id": "1a248508a740c8ae9f1de7bbd256b003",
      "author": "一壶酒",
      "time": "2024年12月18日 12:48",
      "content": "<p>现在到冬天了，不少人又安排上附子当归羊肉汤等含有附子的药膳了。<br/>\n请问李博士，药膳比如附子当归羊肉汤是入口后完全没有麻的感觉   好，还是有微微麻口的感觉好？就这个问题众说纷纭，持两种观点的人也都实践过，都有亲身经历。请李博士解惑，谢谢！</p>",
      "level": 0,
      "highlight": false,
      "children": [
        {
          "id": "cc775b2aa6c1f4755415974a7243f1f8",
          "author": "一壶酒",
          "time": "2024年12月18日 19:23",
          "content": "<p>李博士的直播中已经说了多次，方剂中附子的量，倪师几乎不会超过9克；然后煎药的方法是附子和其他药同煎、不锈钢锅全程大火、开盖煎一个小时。</p>\n<p>家常做附子当归羊肉汤的时候，附子的量大家普遍放得都很多，有用干的生附片的，放几十克下去；有用鲜附子去皮以后直接切片的，使用普通大小的鲜附子达到了五六个、七八个的。</p>\n<p>因为也不知道几个人吃，也不知道几顿吃完，也不知道到底煮多大一锅汤。所以评判准则经常是用舌头舔一下汤或者是在嘴里放几秒钟再吐掉看看嘴麻不麻。</p>\n<p>所以这里就产生了争议，有人说嘴微微麻刚刚好，有人说不能有一点麻、要没有麻的感觉才行。众说纷纭，莫衷一是。</p>",
          "level": 1,
          "highlight": false,
          "children": []
        },
        {
          "id": "48935722801463de774046822b1fa640",
          "author": "李宗恩",
          "time": "2025年01月10日 10:26",
          "content": "<p>每個人味覺反應不一樣，不需要執著在麻不麻上面。</p>",
          "level": 1,
          "highlight": true,
          "children": []
        }
      ]
    },
    {
      "id": "c90ce93c9995ee833434fc112aafc2a8",
      "author": "黄小方",
      "time": "2024年12月18日 19:38",
      "content": "<p>可以分享一份吗？谢谢fore2002@126.com</p>",
      "level": 0,
      "highlight": false,
      "children": []
    },
    {
      "id": "4e75fd18419b24e3ea0b91823a833efa",
      "author": "鲍勃",
      "time": "2024年12月19日 06:02",
      "content": "<p>感恩，麻烦给我一份，27312865@qq.com</p>",
      "level": 0,
      "highlight": false,
      "children": []
    },
    {
      "id": "b5d800bc0b36ba0aff9f7e5ceb34db36",
      "author": "wt",
      "time": "2024年12月19日 20:26",
      "content": "<p>李医生您好，请问微信公众号上 寻方中医 是真实的倪师弟子吗？我在上面挂号了，上面也有徐光右医生的号，我没有挂到</p>",
      "level": 0,
      "highlight": false,
      "children": [
        {
          "id": "249f92782f413918e1e85481772ebc42",
          "author": "李宗恩",
          "time": "2025年01月10日 12:57",
          "content": "<p><a href=\"https://andylee.pro/wp/?p=12407\" rel=\"ugc\">https://andylee.pro/wp/?p=12407</a></p>",
          "level": 1,
          "highlight": true,
          "children": []
        }
      ]
    },
    {
      "id": "75776ab0eac4efd08709961fc3f185de",
      "author": "yasuo",
      "time": "2024年12月20日 20:27",
      "content": "<p>已经第一时间看完，感谢分享。请问李博士下次什么时候回来通许人民医院呢？不知道没有中医前置学历能否通过其他方式学习获得行医资格证书</p>",
      "level": 0,
      "highlight": false,
      "children": [
        {
          "id": "f60c813b9a019f840503877a2ba7a6c0",
          "author": "潇航",
          "time": "2024年12月21日 05:14",
          "content": "<p>有其他途径，你具体得去国家中医网去咨询,岐黄那边也有讲解。</p>",
          "level": 1,
          "highlight": false,
          "children": []
        },
        {
          "id": "89583f952667d8cda658625a45b24b8b",
          "author": "送你座帆船",
          "time": "2024年12月21日 09:40",
          "content": "<p>专长考试</p>",
          "level": 1,
          "highlight": false,
          "children": [
            {
              "id": "f88b695c80bf2bedb7b7d6eb8509583c",
              "author": "一壶酒",
              "time": "2024年12月21日 22:27",
              "content": "<p>申请专长考试是有条件的，这个条件其实就是yasuo所说的所问的，不具备那个条件，正常途径是不能报专长考试的。</p>",
              "level": 2,
              "highlight": false,
              "children": []
            }
          ]
        },
        {
          "id": "07b390fb9aac5198c732b6c12f30ffd4",
          "author": "李宗恩",
          "time": "2025年01月10日 12:58",
          "content": "<p>我不清楚中國大陸的醫療法規</p>",
          "level": 1,
          "highlight": true,
          "children": []
        }
      ]
    },
    {
      "id": "290c1486781cc1f924f6c22c1e40d76a",
      "author": "桂枝",
      "time": "2024年12月20日 23:26",
      "content": "<p>李医生您好，从您分享和以前想出来的有一点猜想，不知道对不对<br/>\n类似 阴阴阴，阴不断产生的阳在上面走 让阴阴阴有联系，同时拉着阳把能量带到阴里去。有阴不够，阳进不去，阴拉不住，产生的阳少了，阳不走了等等可能。<br/>\n如果阴放不出来阳了 成了 阴 无 阴 ，阳就要绕道，阳不够，那阴中间缺的更多要绕更远的道路所以就堵住了，成了实。强阳，就像是以通为补，补阳阴自回的道理一样，强行让阳进去把阴联系起来。<br/>\n人最后是阴不够，阳也不动了。</p>",
      "level": 0,
      "highlight": false,
      "children": [
        {
          "id": "b968113c3526b6a81501e2133d19ee42",
          "author": "李宗恩",
          "time": "2025年01月10日 13:21",
          "content": "<p>我不確定你的意思是什麼。</p>",
          "level": 1,
          "highlight": true,
          "children": []
        }
      ]
    },
    {
      "id": "20d2657ebd568ac6c38fd9d4e69eeafc",
      "author": "dhshdhjs",
      "time": "2024年12月23日 17:54",
      "content": "<p>老师，腱鞘囊肿 里面挤出来胶状透明物后会舒服些，这也算中医认为的湿吗？</p>",
      "level": 0,
      "highlight": false,
      "children": [
        {
          "id": "cf31ac891da09b796e1ef2d05331446c",
          "author": "李宗恩",
          "time": "2025年01月10日 13:32",
          "content": "<p>看情況，也可能是正常的組織液。</p>",
          "level": 1,
          "highlight": true,
          "children": []
        }
      ]
    },
    {
      "id": "1fd02c24ea264e0a047955cb9058dd88",
      "author": "王长乐",
      "time": "2024年12月23日 19:52",
      "content": "<p>李博士，您好。<br/>\n麻烦请问您一下，<br/>\n因为藏红花比较贵，很多中医都用新疆红花代替藏红花开方。新疆红花能否代替等量的藏红花呢？或者新疆红花加重，可以代替藏红花呢？</p>",
      "level": 0,
      "highlight": false,
      "children": [
        {
          "id": "375405d476c66c9fcb1171bfadda120f",
          "author": "李宗恩",
          "time": "2025年01月10日 13:33",
          "content": "<p>通常用川紅花來代替，除非特殊情況，效果還不錯。</p>",
          "level": 1,
          "highlight": true,
          "children": []
        }
      ]
    },
    {
      "id": "b432f906b0f348ae5e5d1e25edb60f0f",
      "author": "身未动、心已远",
      "time": "2024年12月24日 12:42",
      "content": "<p>宗恩老师您好！《桂枝芍药知母汤》可以治某一类疗糖尿病为什么啊？是不是血管里面的水分不够，是被湿占领了，所以才用这个思路去除血管里的风寒湿，然后水（阴自回）。因为倪师之前说血管里面水不够，所以测得血糖高。</p>",
      "level": 0,
      "highlight": false,
      "children": [
        {
          "id": "d30863fe02e14edb8ead87714b9a79cf",
          "author": "送你座帆船",
          "time": "2024年12月31日 03:56",
          "content": "<p>糖尿病有很多原因，桂枝芍药知母汤这只是其中的一种。我的意思是你要整体来看，不是为什么桂枝芍药知母汤能治疗糖尿病，而是这一种糖尿病为什么会用到桂枝芍药知母汤。</p>",
          "level": 1,
          "highlight": false,
          "children": []
        },
        {
          "id": "042a4b31892331829cb32585247917eb",
          "author": "李宗恩",
          "time": "2025年01月10日 13:59",
          "content": "<p>並非如此，而倪老師的這個比喻，也不完全正確。</p>",
          "level": 1,
          "highlight": true,
          "children": [
            {
              "id": "8241d7d64d8778bb91df501539ade899",
              "author": "身未动、心已远",
              "time": "2025年01月10日 17:00",
              "content": "<p>谢谢李老师！</p>",
              "level": 2,
              "highlight": false,
              "children": []
            }
          ]
        }
      ]
    },
    {
      "id": "23cbc48232dac15587f1480f0454a1bf",
      "author": "肖豆",
      "time": "2024年12月26日 02:49",
      "content": "<p>李医生，您好！为什么感冒时，当出现一只眼睛流眼泪，一边鼻孔流鼻水的症状。这种情况下，吃桂枝汤没什么效果？可以指导一下用药吗？平时感冒单纯流鼻水怕冷，吃桂枝汤就有用。非常感谢。</p>",
      "level": 0,
      "highlight": false,
      "children": [
        {
          "id": "65d2f85727c6e33713832cc896484a3e",
          "author": "李宗恩",
          "time": "2025年01月10日 14:02",
          "content": "<p>代表你並不了解中醫如何治療外感，只是拿症狀對於方劑。建議你好好研讀以前關於外感及新冠的文章。</p>",
          "level": 1,
          "highlight": true,
          "children": []
        }
      ]
    },
    {
      "id": "9e265b2590f6a352e1f1e32a807303be",
      "author": "徐坚正",
      "time": "2024年12月26日 03:56",
      "content": "<p>老师，之前看到一个一案，是用泽泻一味药（30克），就治好了咽痛、发热、脉沉细这样一个病例，但是有点不太理解，这里的作用机制是什么？</p>",
      "level": 0,
      "highlight": false,
      "children": [
        {
          "id": "e34750b5cd7d8b06b66995439c584033",
          "author": "李梁",
          "time": "2025年01月06日 05:01",
          "content": "<p>哪里？</p>",
          "level": 1,
          "highlight": false,
          "children": []
        },
        {
          "id": "6034f747f8aa3b7034d42ca3370f4981",
          "author": "李宗恩",
          "time": "2025年01月10日 14:03",
          "content": "<p>你的問題很奇怪，完全不知道病人的情況，就只問澤瀉為什麼能治好，這不是學習中醫的方法。</p>",
          "level": 1,
          "highlight": true,
          "children": []
        }
      ]
    },
    {
      "id": "cfc89243abd05cce41e83be5c9f15281",
      "author": "娃哈哈",
      "time": "2024年12月27日 19:46",
      "content": "<p>李医生家惠中医里汉唐药丸可以买吗</p>",
      "level": 0,
      "highlight": false,
      "children": [
        {
          "id": "806b789b444360da05261323901729c5",
          "author": "李宗恩",
          "time": "2025年01月10日 14:22",
          "content": "<p>不清楚</p>",
          "level": 1,
          "highlight": true,
          "children": []
        }
      ]
    },
    {
      "id": "d07bc5e29be528bc24d135d0156c2577",
      "author": "王子wei",
      "time": "2024年12月29日 04:07",
      "content": "<p>分享一个我的人生故事：我2006年出生在一个普通离异家庭，我有很疼爱我的爷爷奶奶和妈妈，我爷爷生过两个男孩但是都夭折了，所以我爷爷只有一个女儿我是我家里唯一的男孩。<br/>\n后来我慢慢长大，但是命运开始转折，在我幼儿园的时候由于扁桃体发炎，经常发烧打吊针，连续打了十几天不见好我的妈妈便带我去医院切除了扁桃体，这是我命运的转折。<br/>\n后来读小学的时候我开始染上了手淫的坏习惯，喝饮料，玩手机，打游戏，后来患上了阑尾炎家里人也不知道怎么办只好带我去切除了阑尾。<br/>\n到了初中和高中就经常熬夜，非常叛逆，在高中读了一个学期就退学了，熬夜玩手机打游戏从未停止。<br/>\n在我2020年14岁的时候就出现了频尿腰疼，我的爷爷奶奶和我的母亲都非常担心，带我打吊针，带我吃中药，带我去医院检查，到处碰壁都治疗无效，后面在一个民间郎中治好了频尿。<br/>\n到了2022年便出现了一些眼疲劳，不易入睡的症状，到2023年出现皮肤病家里人也到处带我治疗2023年下半年频尿再次复发，这次上天没有眷顾我，吃了几个月的中药都无效，无数次想要自杀都被家里人拦住，家里人也很沮丧崩溃。<br/>\n看着自己的爷爷奶奶与亲人我开始醒悟，后悔，心痛，我开始禁欲开始早睡早起性格变得沉稳，我给家里人带来温暖，帮爷爷奶奶干农活自己打工赚了点钱就给他们买烟买酒给他们花钱，体会到了他们的不易，也终于明白了他们对我的期望，我觉得自己是一个罪恶的人，我想好好赎罪起码能对得起自己年老的爷爷奶奶与亲人。<br/>\n由于自己身体不太好，吃饭就会感觉肚子很胀，吸气感觉左边上面不通畅，眼睛疲劳，然后伴有喝水不解渴的症状，等等一些问题……<br/>\n为了自己的亲人为了自己，我没有像以前那样灰头丧气，现在而是想办法去解决问题，去年有幸了解到了倪师，和宗恩老师的视频，我已经预约了看诊正在排队中。</p>\n<p>我的文笔并不好在这里分享我的经历，希望我的经历能帮助到需要的人，<br/>\n我很感激倪师与宗恩老师感谢中医，谢谢你们谢谢感谢 谢谢。</p>",
      "level": 0,
      "highlight": false,
      "children": [
        {
          "id": "5834ca097bfc0342dcbda62d88638d3d",
          "author": "韩广荣",
          "time": "2024年12月30日 01:28",
          "content": "<p>加油！上天眷顾你，让你认识倪师和李师！</p>",
          "level": 1,
          "highlight": false,
          "children": []
        },
        {
          "id": "318786cf6d60d9b3187438c12c569ee5",
          "author": "大狮兄",
          "time": "2024年12月30日 07:27",
          "content": "<p>加油！</p>",
          "level": 1,
          "highlight": false,
          "children": []
        },
        {
          "id": "3cf5fbd169ae1d0542536c83f7bba709",
          "author": "李宗恩",
          "time": "2025年01月10日 14:23",
          "content": "<p>謝謝你的分享。</p>",
          "level": 1,
          "highlight": true,
          "children": []
        }
      ]
    },
    {
      "id": "6d981f35ea16c180f5c4f816e856ba57",
      "author": "一壶酒",
      "time": "2024年12月31日 03:37",
      "content": "<p>2025年即将到来，让我们满怀希望，迎接新的一年。<br/>\n祝李博士、阳气诊所工作人员以及访问李博士网站的朋友们所愿皆所成，多喜乐、长安宁！</p>",
      "level": 0,
      "highlight": false,
      "children": [
        {
          "id": "f7756f7635dfbf18d4dbe7e6cc3a6d5c",
          "author": "李宗恩",
          "time": "2025年01月10日 14:23",
          "content": "<p>謝謝你的祝福！</p>",
          "level": 1,
          "highlight": true,
          "children": []
        }
      ]
    },
    {
      "id": "057a2af3f5c45bc6d89a54d0aaef3246",
      "author": "邓文正",
      "time": "2024年12月31日 07:58",
      "content": "<p>Y ou bring hope and health to all,<br/>\nO pening doors for those who call.<br/>\nU nder your care, we all thrive,<br/>\nN ever before have we felt so alive.<br/>\nG oing forward, reaching new heights,<br/>\nQ uick to heal and shine bright lights.<br/>\nI n every heart, you leave a mark,<br/>\nC are and kindness, lighting the dark.<br/>\nL iving your mission, strong and true,<br/>\nI nspiring confidence in all you do.<br/>\nN ever settling, always progressing,<br/>\nI n your clinic, success is blessing.<br/>\nC ontinuing to grow, with each new day.</p>\n<p>Wishing YoungQi Clinic success and prosperity in all your endeavors!<br/>\n\t\t\t\t\t\t\t\t——邓文正 于 2024/12/31 星期二  23：57</p>",
      "level": 0,
      "highlight": false,
      "children": [
        {
          "id": "7e35961b644bcc5a74ebe74c061e2f0b",
          "author": "李宗恩",
          "time": "2025年01月10日 14:24",
          "content": "<p>謝謝你的祝福！</p>",
          "level": 1,
          "highlight": true,
          "children": []
        }
      ]
    },
    {
      "id": "5aac710840012bfcc332de09586eb2bf",
      "author": "离中虚",
      "time": "2024年12月31日 15:58",
      "content": "<p>新年快乐</p>",
      "level": 0,
      "highlight": false,
      "children": [
        {
          "id": "e534b0612f1c82102d99291a1699b5dd",
          "author": "李宗恩",
          "time": "2025年01月10日 14:25",
          "content": "<p>新年快樂！</p>",
          "level": 1,
          "highlight": true,
          "children": []
        }
      ]
    },
    {
      "id": "d7b70758f68039d476ba984702a74fca",
      "author": "杨学锐",
      "time": "2024年12月31日 16:48",
      "content": "<p>李老师，新年快乐！</p>",
      "level": 0,
      "highlight": false,
      "children": [
        {
          "id": "64973ab55ffbca800dbd25ce036f0997",
          "author": "李宗恩",
          "time": "2025年01月10日 14:25",
          "content": "<p>新年快樂！</p>",
          "level": 1,
          "highlight": true,
          "children": []
        }
      ]
    },
    {
      "id": "d88357abff48125a039d14bdcdc9418c",
      "author": "韩广荣",
      "time": "2025年01月01日 18:11",
      "content": "<p>同祝愿李博士，李老师！一起为了梦想，目标，加油！</p>",
      "level": 0,
      "highlight": false,
      "children": [
        {
          "id": "5af7936e57fb92a094acb5b1e04454ba",
          "author": "李宗恩",
          "time": "2025年01月10日 14:28",
          "content": "<p>謝謝你的祝福！</p>",
          "level": 1,
          "highlight": true,
          "children": []
        }
      ]
    },
    {
      "id": "109a466670a8a080e8c58d88b7b6c58e",
      "author": "听明",
      "time": "2025年01月02日 18:05",
      "content": "<p>你好，李医师，冒昧打扰，倪师说过，学问是把天下的道理化繁为简一通百通，此人方可称为大学问家，请赐教最简单的，子午流注，希望您做成视频能帮助全天下的人，子午流注找穴位，微信小程序搜索就行，直接查询，但还没确定准不准，希望传授点经验给普通人，因为一针治疗是最最简单的了，希望教会大家掌握，功德无量，不知有何见解，诚请帮助，本人也是年轻时乱吃东西，手脚冰凉，身体有小疾困扰，体瘦，不知何以治之。</p>",
      "level": 0,
      "highlight": false,
      "children": [
        {
          "id": "14f85dc0d6632a2c4bc0398072f0810b",
          "author": "李宗恩",
          "time": "2025年01月10日 14:30",
          "content": "<p>道理簡單，不代表執行步驟簡單。譬如，我們說公司成功最重要的關鍵是誠信，然而，如果只有誠信，沒有好的產品、行銷、管理等等，公司一樣會倒閉。所以，不要把事情過度簡化，甚至過度神話。</p>",
          "level": 1,
          "highlight": true,
          "children": []
        }
      ]
    },
    {
      "id": "a6abb10cc7825dd11f30be7e6a781b7e",
      "author": "骏",
      "time": "2025年01月03日 17:59",
      "content": "<p>李醫生您好；肺結節是否可按肺部腫瘤來處理？倪師在金匱肺篇教學部分，也只提到腫瘤。看過您之前的視頻，採用芩桂朮甘湯+五苓散，外加麥冬，杏仁潤肺，生半夏，南星去痰。這裡是否可以使用皂莢，桔梗，紫參，桃仁，丹皮，茜草，製鱉甲，牡蠣，外加清肝補腎。除去肺比較嬌貴外還得考慮病人年齡，病人身體是否能扛住。</p>",
      "level": 0,
      "highlight": false,
      "children": [
        {
          "id": "12110003e166e5907c5fc904a5febc5d",
          "author": "李宗恩",
          "time": "2025年01月10日 14:31",
          "content": "<p>每個病人情況不一樣，你可以這樣思考，但還是得看病人其它方面的情況。</p>",
          "level": 1,
          "highlight": true,
          "children": []
        }
      ]
    },
    {
      "id": "a35af7867adcf97da5a099afa8107025",
      "author": "夏至",
      "time": "2025年01月03日 20:51",
      "content": "<p>李宗恩医师，您好，请问微信公众号“寻方中医”是不是倪海厦老师的弟子办的？因为他们说是倪海厦老师的弟子，还卖药看诊。</p>",
      "level": 0,
      "highlight": false,
      "children": [
        {
          "id": "57515456a0c6ab2a989de3d589a0810d",
          "author": "送你座帆船",
          "time": "2025年01月04日 06:54",
          "content": "<p>是，但不代表疗效</p>",
          "level": 1,
          "highlight": false,
          "children": [
            {
              "id": "afa9050a29a3dc8eaed2dd83213cf0af",
              "author": "夏至",
              "time": "2025年01月04日 22:57",
              "content": "<p>不是问诊，是问一下他家的附子是不是江油中坝附子。</p>",
              "level": 2,
              "highlight": false,
              "children": [
                {
                  "id": "be73ba81a201646f534f48b2c566045c",
                  "author": "一壶酒",
                  "time": "2025年01月05日 16:17",
                  "content": "<p>告诉你个方法，使用微信小程序“企查查”去搜索“江油中坝”“江油致泰”“寻方”，然后你看公司的股东和高管。</p>",
                  "level": 3,
                  "highlight": false,
                  "children": []
                },
                {
                  "id": "d940f84cebda674066feb21915bded0d",
                  "author": "一壶酒",
                  "time": "2025年01月05日 16:18",
                  "content": "<p>不是。<br/>\n另外树挪死，人挪活。呵呵呵</p>",
                  "level": 3,
                  "highlight": false,
                  "children": []
                }
              ]
            }
          ]
        },
        {
          "id": "066db86b0f8ef3eb105ba9d5877e34cd",
          "author": "李宗恩",
          "time": "2025年01月10日 15:10",
          "content": "<p>孫鴻創辦的，上面有部分是倪老師學生，其他不確定，然而，是不是倪老師學生並非重點，https://andylee.pro/wp/?p=12407</p>",
          "level": 1,
          "highlight": true,
          "children": []
        }
      ]
    },
    {
      "id": "47061e13759c01e2715fdfd4cea23327",
      "author": "黄子聪",
      "time": "2025年01月04日 20:03",
      "content": "<p>李师您好，鼻山根发青往往是代表着有寒，如果寒去掉了青色会去掉吗？还是说只是变淡呢？</p>",
      "level": 0,
      "highlight": false,
      "children": [
        {
          "id": "0618b8c684121d7acf7ae6add13fd8ad",
          "author": "李宗恩",
          "time": "2025年01月10日 15:25",
          "content": "<p>可以去掉</p>",
          "level": 1,
          "highlight": true,
          "children": []
        }
      ]
    },
    {
      "id": "e019c008516c151d80c98436d6e7029b",
      "author": "过江之鲫",
      "time": "2025年01月06日 04:29",
      "content": "<p>李博士您好，我是个“书房派”目前处于初级看书阶段。今天和一群群友讨论自己之前的伤寒发烧骨节烦疼，后面吃了某种中成药好了里面有麻、膏类药物，有位群友看过您养儿育女必备中医知识这本书，他引用里面您讲解的023页感冒，假如孩子没有流汗皮肤表面热热干干，中医通常把这种情况叫做“表实”，这个时候就得让他发汗，一般我们会使用[麻黄汤]。如果伴随全身肌肉酸痛，以及背部、颈部、后头不舒服等，可以麻黄与葛根两味药并用，改成[葛根汤]。   另外一位群友则说伤寒论原文以及倪海厦老师都是体疼麻黄。    我的答案呢则是麻、葛有功效相通的地方也有不同的地方，权衡一下侧重，如果以颈项不舒服更多的则用葛根汤，反之则麻黄汤可以。当然这两方子有各自的应用，这里只讨论伤寒骨节烦疼这一点。   嗯具体情况，具体分析。这种脱离现实的讨论把一个病的一个症剥离出来讨论也不知道可不可以。故而过来请教一下您</p>",
      "level": 0,
      "highlight": false,
      "children": [
        {
          "id": "249daee2649fc943587976966d4da809",
          "author": "古中医学者",
          "time": "2025年01月07日 23:04",
          "content": "<p>多学习，少发表，发表前确认真的弄懂证机和药性药理，尊重自己也是尊重他人。</p>",
          "level": 1,
          "highlight": false,
          "children": []
        },
        {
          "id": "b301d38dfd7652cbe4d81f1e519e8283",
          "author": "李宗恩",
          "time": "2025年01月10日 15:26",
          "content": "<p>我不確定你的疑問是什麼。</p>",
          "level": 1,
          "highlight": true,
          "children": [
            {
              "id": "293d8e17e921b1f67f2aaea77000c8a9",
              "author": "过江之鲫",
              "time": "2025年01月11日 04:54",
              "content": "<p>简单地说就是有一年冬天吹到风感冒发烧整条膀胱经酸疼，没胃口、半夜感觉被子特别重。而我根据书里条文骨节烦疼，认为应该吃麻黄汤。[当时吃了一种中成药里面有麻黄石膏，后面退烧了]另一位群友看了您的书养儿育女必备中医知识023页那段话，认为该吃葛根汤。请问李医师是不是两个方剂都可以取效</p>",
              "level": 2,
              "highlight": false,
              "children": [
                {
                  "id": "9df6c65cf9b31580b2bd9886344605be",
                  "author": "李宗恩",
                  "time": "2025年01月13日 10:22",
                  "content": "<p>病人不會照書生病，一般感冒，常常看到病人介於麻黃湯和葛根湯之間，兩者都會有些效果，端看你想從哪個角度開始治療。</p>",
                  "level": 3,
                  "highlight": true,
                  "children": []
                }
              ]
            }
          ]
        }
      ]
    },
    {
      "id": "cec4844077f2690145d4ccf60f7c12f2",
      "author": "细辛",
      "time": "2025年01月06日 16:53",
      "content": "<p>请教李老师,对于小孩子无法做呼吸测试判断痰在哪里,除了听诊器听，拍片看，还有什么好方法判断痰在哪里吗</p>",
      "level": 0,
      "highlight": false,
      "children": [
        {
          "id": "a6e485dee6ff51a900fc1e9c9d3c8a38",
          "author": "李宗恩",
          "time": "2025年01月10日 15:27",
          "content": "<p>以前不是講過用呼吸測試的方法嗎？</p>",
          "level": 1,
          "highlight": true,
          "children": []
        }
      ]
    },
    {
      "id": "c1e6bc6abb6506beb72b6ec19b3b2230",
      "author": "东方",
      "time": "2025年01月06日 17:43",
      "content": "<p>李医师，那个电视广播还更新吗？</p>",
      "level": 0,
      "highlight": false,
      "children": [
        {
          "id": "99ccf0a1d48517c28634a5c146d1ee5c",
          "author": "李宗恩",
          "time": "2025年01月10日 15:27",
          "content": "<p>可以用新加的Facebook連結</p>",
          "level": 1,
          "highlight": true,
          "children": [
            {
              "id": "72cc36448073b73d584d5fade2547a74",
              "author": "新元",
              "time": "2025年02月10日 21:04",
              "content": "<p>李医生，您好！麻烦可以提供新的广播节目的链接吗？谢谢</p>",
              "level": 2,
              "highlight": false,
              "children": [
                {
                  "id": "20a66b57cda000ded5f9967045792c1d",
                  "author": "李宗恩",
                  "time": "2025年02月18日 08:42",
                  "content": "<p>文章內有Facebook的連結。</p>",
                  "level": 3,
                  "highlight": true,
                  "children": []
                }
              ]
            }
          ]
        }
      ]
    },
    {
      "id": "f8a78ec32c93cee436cc662b728150e0",
      "author": "灼",
      "time": "2025年01月06日 23:37",
      "content": "<p>李医师，您好。我是您两本书的书迷，认真拜读完了，感恩并收获良多。<br/>\n我近期在看倪师官网文章，我发现很多案例没有设置跳转链接，或者是有删减，请问是倪师当时这样设置的吗？</p>",
      "level": 0,
      "highlight": false,
      "children": [
        {
          "id": "01f53fd61d5010db559914933aa9236e",
          "author": "李宗恩",
          "time": "2025年01月10日 15:31",
          "content": "<p>你看的是什麼網頁？倪老師原網頁是www.hantang.com</p>",
          "level": 1,
          "highlight": true,
          "children": [
            {
              "id": "687a7c2536dc7bf21126591293f0b0f1",
              "author": "灼",
              "time": "2025年01月14日 21:45",
              "content": "<p>是这个网页没错，还有个别文章只有开头。</p>\n<p>另外，还想请教您一个问题。</p>\n<p>中醫認為左主血右主氣，男子以左為陽右為陰，女子正好相反，以左為陰右為陽</p>\n<p>对于这个观点，男女都是左边血右边气吗？也就是男子血是阳，女子气是阳？<br/>\n还是男子左边气右边血、女子左血右气？</p>",
              "level": 2,
              "highlight": false,
              "children": [
                {
                  "id": "03166ac1802bf9d9e0744e48e8be6226",
                  "author": "李宗恩",
                  "time": "2025年01月15日 10:03",
                  "content": "<p>網頁沒有問題，應該是你那邊的問題。男女皆為左主血右主氣，男子以左為陽右為陰而女子相反的說法，值得商榷。</p>",
                  "level": 3,
                  "highlight": true,
                  "children": [
                    {
                      "id": "2ad7499def719db1953aaa9c31ad14db",
                      "author": "灼",
                      "time": "2025年01月16日 21:28",
                      "content": "<p>谢谢李医师赐教，感恩</p>",
                      "level": 4,
                      "highlight": false,
                      "children": []
                    }
                  ]
                }
              ]
            }
          ]
        }
      ]
    },
    {
      "id": "7b8699024ea55fef916e89f020b56960",
      "author": "夏至",
      "time": "2025年01月07日 06:51",
      "content": "<p>李医师您好，扬贞老师说的铺姜灸可以用当年的艾草吗？还是用陈年的艾草效果好？4</p>",
      "level": 0,
      "highlight": false,
      "children": [
        {
          "id": "00f6ee17954ef526779797b19d155cbe",
          "author": "李宗恩",
          "time": "2025年01月10日 15:31",
          "content": "<p>實際臨床上差別不大</p>",
          "level": 1,
          "highlight": true,
          "children": []
        }
      ]
    },
    {
      "id": "ba56e6dfd82f499437bfc58ebc18a02e",
      "author": "东方",
      "time": "2025年01月08日 20:10",
      "content": "<p>李医师，网上看到加州大火，你那边没事吧</p>",
      "level": 0,
      "highlight": false,
      "children": [
        {
          "id": "cbad0c20aa12f9d08d57c759b726f2f4",
          "author": "李宗恩",
          "time": "2025年01月10日 15:33",
          "content": "<p>謝謝你的關心，大火在南加州，我們在北加州。</p>",
          "level": 1,
          "highlight": true,
          "children": []
        }
      ]
    },
    {
      "id": "e5a63d8ebd48368694a4e26e6301deaf",
      "author": "阿華",
      "time": "2025年01月09日 12:14",
      "content": "<p>李醫師您好，請問下針巨闕和關元，需要避開腹肌正中間的白線嗎？還是直接針在白線上？下針的深度又該下多深？</p>",
      "level": 0,
      "highlight": false,
      "children": [
        {
          "id": "c22a6b56b5a4c93a5b8efd3f7a17a7f1",
          "author": "李宗恩",
          "time": "2025年01月10日 15:35",
          "content": "<p>白線？下針多深，得看病人多胖，一般的參考標準，你可以看基礎的針灸書籍。</p>",
          "level": 1,
          "highlight": true,
          "children": [
            {
              "id": "6ef49e21c66721e69e5a6e439a84f9f5",
              "author": "阿華",
              "time": "2025年01月11日 22:21",
              "content": "<p>白線就是腹直肌正中間，類似肌腱（或是筋）般的結締組織，在巨闕和關元處從皮膚往下摸 可以明顯摸到條索狀的東西。有些中醫書說直接下針在白線上，可是倪老師當初說大部分的穴道都不在*筋*上面。</p>",
              "level": 2,
              "highlight": false,
              "children": []
            }
          ]
        }
      ]
    },
    {
      "id": "80978a51855a5dca6bbe6babefe496d1",
      "author": "杨旺井",
      "time": "2025年01月11日 12:40",
      "content": "<p>李医师您好，我请教一下阳宅，男女恋人未婚同住，是否应该住西北呢？ 还是找一个东宫和东南都有的宫位</p>",
      "level": 0,
      "highlight": false,
      "children": [
        {
          "id": "8796757c82ef22fb120d3b7d6ff09fdd",
          "author": "李宗恩",
          "time": "2025年01月13日 10:18",
          "content": "<p>西北</p>",
          "level": 1,
          "highlight": true,
          "children": [
            {
              "id": "0b12d2201fac83840135f059a3d6d223",
              "author": "杨旺井",
              "time": "2025年01月15日 08:34",
              "content": "<p>谢谢您</p>",
              "level": 2,
              "highlight": false,
              "children": []
            }
          ]
        }
      ]
    },
    {
      "id": "f38d00f7503a482a3af7dafdd49936a4",
      "author": "愿得一人心",
      "time": "2025年01月14日 20:12",
      "content": "<p>李医师您好，请问一下倪师他本人是不是丁火日柱啊？</p>",
      "level": 0,
      "highlight": false,
      "children": [
        {
          "id": "932f216c823419c266e7e9e2306f1395",
          "author": "李宗恩",
          "time": "2025年01月15日 09:59",
          "content": "<p>不回答這樣的問題。</p>",
          "level": 1,
          "highlight": true,
          "children": []
        }
      ]
    },
    {
      "id": "12a85fae1dc375414274091959ef8b7d",
      "author": "愿得一人心",
      "time": "2025年01月14日 21:07",
      "content": "<p>李医生您好，请问您在美国用的当归，是否如倪老师所说，当归整个的放在冰箱冷冻保存，需要用的时候拿出来再用机器压扁，再切？还是说和中国大陆一样，中国大陆的当归许多都是提前切好片，然后放在太阳底下晒干后保存，这样就可以随时出售给消费者~所以好奇您用的是以上那种？</p>",
      "level": 0,
      "highlight": false,
      "children": [
        {
          "id": "300f3cdb2971fc02e87c815d15f0a238",
          "author": "李宗恩",
          "time": "2025年01月15日 10:00",
          "content": "<p>當歸有油脂，得冷藏保存油脂。</p>",
          "level": 1,
          "highlight": true,
          "children": []
        }
      ]
    },
    {
      "id": "143a345f0ce3d7bfc79b686ddaddbe9e",
      "author": "windy",
      "time": "2025年01月15日 12:42",
      "content": "<p>李医师，您好。我是来自内地的中医爱好者。请问怎样购买HT68号护肝丸呢？或者如果您同意的话，可以透露该药的配方，我自己自行制备也行。感谢您在百忙之中看到我的留言，如果回复，万分感谢。</p>",
      "level": 0,
      "highlight": false,
      "children": [
        {
          "id": "85ae6946469e8be3bf20170b144915fa",
          "author": "李宗恩",
          "time": "2025年01月15日 10:03",
          "content": "<p>中國大陸沒有核准，為非法販售藥品。</p>",
          "level": 1,
          "highlight": true,
          "children": [
            {
              "id": "cc40c5b21c33dc54a58b5545ffd6aafb",
              "author": "windy",
              "time": "2025年01月16日 19:11",
              "content": "<p>谢谢李医师的回复。那么，如果我去美国旅行，到时去您的诊所多买一点护肝丸回中国大陆服用，这样可行吗？</p>",
              "level": 2,
              "highlight": false,
              "children": [
                {
                  "id": "0c5e829f7a32c6caf642b51f05a3ae4a",
                  "author": "李宗恩",
                  "time": "2025年01月25日 15:06",
                  "content": "<p>問題是你為什麼要服用護肝丸？沒有醫生診斷，自己不要亂服用中成藥。</p>",
                  "level": 3,
                  "highlight": true,
                  "children": []
                }
              ]
            }
          ]
        }
      ]
    },
    {
      "id": "d97ff83c5a296fc6b0e6679fe814bc93",
      "author": "杨旺井",
      "time": "2025年01月15日 08:55",
      "content": "<p>还有一个额外的疑问想要请教，未婚和爱人同住西北，那对于未婚男来说出现的象是雷天大壮卦还是乾为天？   倪老师地脉道写到雷天大壮卦对象若为兔、羊、猴，主不婚，即使有婚也常不足三个月。而我对象刚好属兔。</p>",
      "level": 0,
      "highlight": false,
      "children": [
        {
          "id": "253a8e0eefc7fe0cb2565a5aa880698e",
          "author": "李宗恩",
          "time": "2025年01月15日 10:05",
          "content": "<p>不回答這樣的問題。</p>",
          "level": 1,
          "highlight": true,
          "children": [
            {
              "id": "6362a130bb338f151f4164d0d72268e5",
              "author": "骏",
              "time": "2025年01月15日 19:12",
              "content": "<p>李醫生，您好，有2個問題想請教：1、天紀裡面沒有提東四命跟西四命，還是就按六十四掛定位？2、命盤直接按男順女逆推還是分陽男陰女順推，陰男陽女逆推？有點超綱，但還是想請教一下。謝謝！</p>",
              "level": 2,
              "highlight": false,
              "children": [
                {
                  "id": "76b0ff1fb1483edc2d8b789e321ae0b4",
                  "author": "李宗恩",
                  "time": "2025年01月15日 20:43",
                  "content": "<p>目前這裡不討論天紀</p>",
                  "level": 3,
                  "highlight": true,
                  "children": []
                }
              ]
            }
          ]
        }
      ]
    },
    {
      "id": "6bca49858d7e1a5e7076e09f26e4625d",
      "author": "夏至",
      "time": "2025年01月15日 23:52",
      "content": "<p>李医师，您好，小女生十一岁，牙齿长的不整齐，什么年龄段较正牙齿比较好，希望老师能指导一下。感谢您。提前祝您春节快乐！合家安康！</p>",
      "level": 0,
      "highlight": false,
      "children": [
        {
          "id": "4439038b55b4d871c6f950f8a7dc1475",
          "author": "李宗恩",
          "time": "2025年01月25日 15:04",
          "content": "<p><a href=\"https://andylee.pro/wp/?p=4047\" rel=\"ugc\">https://andylee.pro/wp/?p=4047</a></p>",
          "level": 1,
          "highlight": true,
          "children": []
        }
      ]
    },
    {
      "id": "7abd85c13bcaf86158f841f976dc9b82",
      "author": "llau",
      "time": "2025年01月16日 12:09",
      "content": "<p>李医生新年好：<br/>\n    我爱人非经期异常滴漏，已联系诊所远程看诊等候半载（旅美签证申请中），等候期间，寻求本地中医看诊，把脉诊断后说是憋尿所致，令先止血，吃药方2月有余（药方为生地、侧柏叶炭、小蓟、地榆炭、绵马贯众炭、醋白芍、红参、炙甘草），仍每日有滴漏和黄水。在此想请教李医生支招缓解。及五苓散利水去湿是否有益？</p>",
      "level": 0,
      "highlight": false,
      "children": [
        {
          "id": "34f4d274089ad0f462012435d8b751d6",
          "author": "李宗恩",
          "time": "2025年01月25日 15:05",
          "content": "<p>我不在網上針對個案一一討論。</p>",
          "level": 1,
          "highlight": true,
          "children": []
        }
      ]
    },
    {
      "id": "b2fece1067e0d86c5742b27a072c3761",
      "author": "呼呼",
      "time": "2025年01月17日 03:53",
      "content": "<p>李医师您好，最近有老人被推销一种肽的东西（配料是一些人参肽，黄精肽，牡蛎肽的一些），说吃了后不会感冒，听年轻人反馈，感冒第一天吃了后，转天就好了；老人反馈，感冒好了以后，五脏疼，以前手术的伤口疼，吃了这个肽以后就不疼了。想问一下您对这个肽有了解吗。</p>",
      "level": 0,
      "highlight": false,
      "children": [
        {
          "id": "447775bca30ba7c65866189e8a2174f3",
          "author": "李宗恩",
          "time": "2025年01月25日 15:09",
          "content": "<p>像這類所謂的保健品，每年都會有許多不同的產品，就看誰聽信宣稱，而不尋求真的醫療人員的協助。</p>",
          "level": 1,
          "highlight": true,
          "children": []
        }
      ]
    },
    {
      "id": "9f9f6382699b95db716f5bd495b7b179",
      "author": "dhshdhjs",
      "time": "2025年01月19日 03:46",
      "content": "<p>老师，请问西医所谓的骨质疏松症中医是怎样看的呢？<br/>\n我看好多中医师的医案都是补肾，活血化瘀，但也不知道后续患者的反馈如何，向老师请教一下关于骨质疏松中医如何看待？治疗一个思路是哪方面为主呢？</p>",
      "level": 0,
      "highlight": false,
      "children": [
        {
          "id": "d97b6d2607919e9a6ceaadd3dc54d1fd",
          "author": "李宗恩",
          "time": "2025年01月25日 15:20",
          "content": "<p>骨質酥鬆是一個結果，不是一個原因，治療任何表現出來的病症，得深入了解病人的整體情況，而不是聽到骨質酥鬆，就只會補骨，譬如病人根本是脾胃消化吸收不好，導致營養不良，不去治療脾胃，只補腎有何作用？再譬如病人整天坐著躺著，幾乎完全不讓骨骼承受重量，也會導致骨質酥鬆。</p>",
          "level": 1,
          "highlight": true,
          "children": []
        }
      ]
    },
    {
      "id": "246bba05af6ee20bb7308f7329ac3f4a",
      "author": "多种甘蔗",
      "time": "2025年01月21日 03:56",
      "content": "<p>李医师新年好！<br/>\n     家姊长期以来备受脱发困扰，故想在自己学有所成之前制侧柏当归洗发水来解燃眉之急。有以下疑问<br/>\n1；无患子，当归，侧柏，制首乌煮水后与融化的皂基混合。或将上述药材打粉做药包，用时沸水浸泡揉搓。二者会有怎样的问题</p>",
      "level": 0,
      "highlight": false,
      "children": [
        {
          "id": "52bec00930f3125cc3c3db55f584f647",
          "author": "李宗恩",
          "time": "2025年01月25日 15:27",
          "content": "<p>你可以自己試驗看看，比較差別。</p>",
          "level": 1,
          "highlight": true,
          "children": []
        }
      ]
    }
  ],
  "page": 3,
  "order": 9,
  "filename": "data\\page3\\page3_order8_4651c845df1af2763292e2fdba24903f.json",
  "timestamp": 1744689824.3149874
}