{
  "article_url": "https://andylee.pro/wp/?p=3986",
  "title": "肺炎後，CT Scan出現腫瘤影像",
  "content": "<p>這位病人，女，華人，50歲左右，前一陣子到中國探親，剛下飛機就感冒，情況直下，轉變為嚴重的肺炎，在中國的醫院住院很多天，打了很多的抗生素，好不容易壓制住肺炎病情，胸部右側上方出現疼痛點，X-ray顯示有異常影像。回到美國後，到Palo Alto Medical Foundation去檢查，CT Scan發現胸部右側上方有大約3cm的腫瘤影像，主治醫生認為情況不妙，立即安排兩週後到姐妹醫院El Camino Hospital做biopsy（活體檢驗）。這個時候，病人正好在廣播中聽到我討論肺炎的病例，跑來找我看診。</p>\n<p>我檢查病人以後，覺得為中醫所謂的痰飲積聚在肺，量少卻非常稠。這個現象，在西醫使用大量的抗生素治療肺炎後常常看到。我告訴病人不要緊張，把biopsy延後兩週，給我一些時間來治療，結果可能很不一樣。</p>\n<p>第一週下藥以射干麻黃湯加減為主。一週後複診時，病人說胸部右側上方已經不痛了。第二週把藥方減弱，改以半夏厚朴湯加減為主。這個時候我正好得去中國演講教學，我告訴病人情況已經穩定，可以沿用同方，我不在的時間，要她和診所保持連絡，如果有什麼不良的變化，立即讓我知道。</p>\n<p>昨天這位病人來複診，一看到我就不好意思「自首」的說，她因為害怕，還是依照西醫主治醫生原來的安排，到El Camino Hospital做biopsy。不過，她馬上接著說，開始做biopsy之前，得先做CT Scan來定位，確定腫塊的位置。結果，CT Scan一掃描，發現原來認定有腫塊的地方，影像大幅減小，幾乎找不到了。這位做biopsy的醫生算是非常有專業道德的，他馬上連絡病人在Palo Alto Medical Foundation的主治醫生，兩位醫生討論這個奇特的現象，當場決定取消biopsy，認為病人無異常情況，不需要做任何治療，只需要半年一年後做個追蹤檢查就可以了。</p>\n<p>這兩位醫生覺得很奇怪，不知道為什麼CT Scan影像在兩週左右會有如此大的改變，特意問病人做了什麼事情，病人告訴他們她有服用中藥，這兩位醫生沒有提出什麼異議，畢竟他們自己看到了明顯的差別。</p>\n<p> </p>\n<p> </p>",
  "article_time": "2016年11月23日 10:57",
  "comments": [
    {
      "id": "e064164444ee0b7ce905d5f9761eb035",
      "author": "魯豆腐",
      "time": "2016年11月24日 21:27",
      "content": "<p>請教 Dr.李，您第一週下了幾副藥？都使用湯劑嗎？</p>",
      "level": 0,
      "highlight": false,
      "children": [
        {
          "id": "34cbaa5befbb0a1799ecf979019b48df",
          "author": "andy",
          "time": "2016年11月25日 09:02",
          "content": "<p>五付，都是湯劑。</p>",
          "level": 1,
          "highlight": true,
          "children": [
            {
              "id": "6ed0629078385593a29dad47b2e0244e",
              "author": "魯豆腐",
              "time": "2016年11月26日 02:22",
              "content": "<p>感謝，受教了</p>",
              "level": 2,
              "highlight": false,
              "children": []
            }
          ]
        }
      ]
    },
    {
      "id": "c4884d48d108e2a89423388bb4cdd871",
      "author": "Grace Liu",
      "time": "2016年11月26日 21:21",
      "content": "<p>請問若老人年人得肺炎又氣切了，要如何下中藥治療痰飲積聚在肺？，請告之中藥第一週要多少份量？射干麻黄湯多少份量呢？</p>",
      "level": 0,
      "highlight": false,
      "children": [
        {
          "id": "f80d7c97be19c130fc39fc742b8672d0",
          "author": "andy",
          "time": "2016年11月26日 21:57",
          "content": "<p>妳得找專業中醫師看診，不應該自己試藥，特別是老人家，連寒熱、身體強弱等等都還沒用辨別，就使用射干麻黄湯，會適得其反。</p>",
          "level": 1,
          "highlight": true,
          "children": []
        }
      ]
    },
    {
      "id": "3aabb3649199877573ac3cdc8fec5aed",
      "author": "山林雾霭",
      "time": "2016年12月28日 05:32",
      "content": "<p>老师请教一病例，国内一个足月的婴儿数次接近窒息，嘴唇发紫，送入重症监护室已4天，西医诊断为肺炎，现已脱险，还需留院观察十来天。西医观察说孩子一只眼时不时会往斜上瞟，说是因为病毒会随着血液流到全身，往上瞟是因为病毒随血液流到脑部造成的，他们现在用的是进口的抗生素可以杀死全身的病毒。我想问老师：这么小的婴儿不是有母体的免疫力保护吗，会轻易得肺炎吗？还有小婴儿就用这么强的抗生素治疗会有什么后遗症？孩子病好了，要怎么帮他减少后遗症的影响？谢谢您的回复，不甚感激！</p>",
      "level": 0,
      "highlight": false,
      "children": [
        {
          "id": "04209531ded01287f659b2049cb42d8c",
          "author": "andy",
          "time": "2016年12月28日 11:50",
          "content": "<p>即使病人父母相信西醫，我也建議他們換個比較好的醫院看診，如果他們現在的西醫真的是如你敘述一般，那可能只是應付應付病人父母而已。首先，抗生素是無法殺死病毒的，即使是細菌，也不可能殺死全身的細菌，如果可以，病人也沒命了。第二，病毒是有可能經由血液或淋巴系統進入頭腦，但是那和眼睛往上飄不一定有什麼關聯，如果真的是病毒破壞腦細胞而造成不正常放電，那問題就不單純。第三，小嬰兒是有可能得肺炎的，但是如果嚴重到幾乎窒息，嘴唇發紫，問題應該不是單純的肺炎。第四，使用大量抗生素當然會有很多後遺症。至於如何事後補救，這就得看病人的實際情況而定了。</p>",
          "level": 1,
          "highlight": true,
          "children": [
            {
              "id": "1ad117037684e04e410322185d30a0ea",
              "author": "山林雾霭",
              "time": "2016年12月29日 10:54",
              "content": "<p>谢谢老师的回复！</p>",
              "level": 2,
              "highlight": false,
              "children": []
            }
          ]
        }
      ]
    },
    {
      "id": "d72952eb1aa17e207343f18a7a998da1",
      "author": "惊慌失措的孩子",
      "time": "2017年02月10日 05:56",
      "content": "<p>李医师:我妈妈的左前臂外侧，长了几个坚硬如石的肉瘤，现在大如鸡蛋，有时发痒疼痛。平时她手脚冰凉，冬天尤甚。去年开始发病长瘤，刚开始很小，越来越大，而且缓慢向上蔓延。我们去找黄煌先生，可还是没有效果，妈妈最近一直想，把瘤割掉。我深知西医之害，却没有好办法。我想，普天之下，大概只有您有办法了。</p>",
      "level": 0,
      "highlight": false,
      "children": [
        {
          "id": "6b6002b575f15978fa625c9f15c7588a",
          "author": "andy",
          "time": "2017年02月10日 09:01",
          "content": "<p>遠距離看診幫助有限，如果你真的想試一試，可以和診所連絡：info@youngQi.com</p>",
          "level": 1,
          "highlight": true,
          "children": [
            {
              "id": "7cb4fa993c6d6d43c3349fee3a664f21",
              "author": "惊慌失措的孩子",
              "time": "2017年02月10日 14:59",
              "content": "<p>为了妈妈，我愿意豁出去试一下！那么，我们该怎么联系？我24小时在线等。</p>",
              "level": 2,
              "highlight": false,
              "children": [
                {
                  "id": "d693a5927eac0e2c57db72747e60ccfa",
                  "author": "了了",
                  "time": "2017年02月22日 17:20",
                  "content": "<p>您好，不知您是否联络到了李医师？我也想联系李医师，可是通过邮件发送了，一直未得到回复，不知道是不是国内的邮件不能访问的原因，冒昧的咨询一下您</p>",
                  "level": 3,
                  "highlight": false,
                  "children": [
                    {
                      "id": "100afdd8f30d40e304a820082e73ee1b",
                      "author": "andy",
                      "time": "2017年02月23日 15:32",
                      "content": "<p>诊所应该已经和你联络了。</p>",
                      "level": 4,
                      "highlight": true,
                      "children": []
                    }
                  ]
                }
              ]
            }
          ]
        },
        {
          "id": "ce6013f36749d29612c1ccfd3111bbe2",
          "author": "搁浅",
          "time": "2017年02月11日 06:19",
          "content": "<p>甚是担忧中医的未来，黄煌在国内也算有名的大医，可是和倪师相比根本不是一个量级，试问国内有那个中医能做到白血病不失手，别说不失手，效果值得让人满意都很难，李医师是倪师的嫡系，我想您说的普天之下绝不是夸大。</p>",
          "level": 1,
          "highlight": false,
          "children": [
            {
              "id": "240ab97e32eebca025a68e66d02e1dd4",
              "author": "惊慌失措的孩子",
              "time": "2017年02月11日 14:23",
              "content": "<p>真是这样的！国内的教授，都被体制收编，他们都循规蹈矩，难堪大任。我还遇到很多中医教授，都是泛泛而谈，功力太浅。每次看到倪师和李医师的医案，我都觉得他们是侠客，天下功力顶尖的侠客。</p>",
              "level": 2,
              "highlight": false,
              "children": []
            }
          ]
        }
      ]
    },
    {
      "id": "b5476b2008e9c6bb99566e44458f1b7c",
      "author": "王俊欽",
      "time": "2020年03月13日 19:14",
      "content": "<p>請問醫生，肺癌腦轉該怎麼醫治</p>",
      "level": 0,
      "highlight": false,
      "children": [
        {
          "id": "3a635433e7e422340aae53cf3363c9db",
          "author": "李宗恩",
          "time": "2020年03月16日 10:33",
          "content": "<p>這不是三言兩語可以解釋的，另外，即使中醫功力很好，也不是一件簡單的事情，很多細節得考慮。</p>",
          "level": 1,
          "highlight": true,
          "children": []
        }
      ]
    }
  ],
  "page": 41,
  "order": 10,
  "filename": "data\\page41\\page41_order9_6b6002b575f15978fa625c9f15c7588a.json"
}