{
  "article_url": "https://andylee.pro/wp/?p=4206",
  "title": "中國文藝界人士來訪",
  "content": "<p>中國國務院去年二月制定了重要國家發展政策「中醫藥發展戰略規劃綱要」，把中醫藥發展作為2016～2030年15年裡最重要的國家政策之一，這影響了各行各業，開始以正面積極的態度來關注中醫藥，電影電視等文藝界人士也以一個新的、現代的角度來探討中醫的現況及未來發展方向，其中也不乏對我個人臨床病例及科技人轉變為中醫的故事有興趣的文藝人士。</p>\n<p>電視大戲、柏林國際電影節最佳攝影銀熊獎及金熊獎提名的「白鹿原」製作人之一黃暉夫婦，文藝界重量級人物、業界尊稱「北王朔、南小寶」的「寶爺」何平，知名得獎的電視電影編劇桂榮華夫婦一起到診所訪問，何平及桂榮華兩位並在診所跟診一週，了解臨床治病的情況，和我討論許許多多的中醫現況及社會問題。除了對醫學的深入討論外，他們對以我的故事改編的小說「<a href=\"http://www.doctorinarmani.com\">穿亞曼尼的中醫</a>」深感興趣，也和小說作者進行了多次的交流。</p>\n<p>這幾位重量級文藝人士來訪，起源於我的病人及好朋友邊儀安大半年前的介紹，邊儀安是台灣著名電視劇「包青天」製作人邊啟明的女兒，對電視電影有著敏銳的嗅覺，她一直希望藉由電視電影對中醫大力的幫助。非常感謝邊儀安的用心！</p>\n<p><img alt=\"img_3783\" class=\"alignnone size-large wp-image-4203\" decoding=\"async\" fetchpriority=\"high\" height=\"683\" sizes=\"(max-width: 1024px) 100vw, 1024px\" src=\"https://andylee.pro/wp/wp-content/uploads/2017/03/IMG_3783-1024x683.jpg\" srcset=\"https://andylee.pro/wp/wp-content/uploads/2017/03/IMG_3783-1024x683.jpg 1024w, https://andylee.pro/wp/wp-content/uploads/2017/03/IMG_3783-300x200.jpg 300w, https://andylee.pro/wp/wp-content/uploads/2017/03/IMG_3783-768x512.jpg 768w, https://andylee.pro/wp/wp-content/uploads/2017/03/IMG_3783-480x320.jpg 480w\" width=\"1024\"/></p>\n<p><img alt=\"img_3784\" class=\"alignnone size-large wp-image-4204\" decoding=\"async\" height=\"768\" sizes=\"(max-width: 1024px) 100vw, 1024px\" src=\"https://andylee.pro/wp/wp-content/uploads/2017/03/IMG_3784-1024x768.jpg\" srcset=\"https://andylee.pro/wp/wp-content/uploads/2017/03/IMG_3784-1024x768.jpg 1024w, https://andylee.pro/wp/wp-content/uploads/2017/03/IMG_3784-300x225.jpg 300w, https://andylee.pro/wp/wp-content/uploads/2017/03/IMG_3784-768x576.jpg 768w, https://andylee.pro/wp/wp-content/uploads/2017/03/IMG_3784-640x480.jpg 640w, https://andylee.pro/wp/wp-content/uploads/2017/03/IMG_3784.jpg 1280w\" width=\"1024\"/></p>\n<p><img alt=\"img_3786\" class=\"alignnone size-large wp-image-4205\" decoding=\"async\" height=\"1024\" sizes=\"(max-width: 768px) 100vw, 768px\" src=\"https://andylee.pro/wp/wp-content/uploads/2017/03/IMG_3786-768x1024.jpg\" srcset=\"https://andylee.pro/wp/wp-content/uploads/2017/03/IMG_3786-768x1024.jpg 768w, https://andylee.pro/wp/wp-content/uploads/2017/03/IMG_3786-225x300.jpg 225w, https://andylee.pro/wp/wp-content/uploads/2017/03/IMG_3786.jpg 960w\" width=\"768\"/></p>",
  "article_time": "2017年03月21日 09:12",
  "comments": [
    {
      "id": "282500962170eb5b00445ba27ab5dc60",
      "author": "CHLIN",
      "time": "2017年03月22日 12:46",
      "content": "<p>恭喜，有影音的推廣，中醫會讓大家更重視和了解。</p>",
      "level": 0,
      "highlight": false,
      "children": [
        {
          "id": "354d080878c4f515f3aab3078d714106",
          "author": "andy",
          "time": "2017年03月23日 08:44",
          "content": "<p>謝謝！還有很多的步驟，最快也得等明年秋冬才能上映。</p>",
          "level": 1,
          "highlight": true,
          "children": []
        }
      ]
    },
    {
      "id": "e2924edebc87704847721ead431dc6d4",
      "author": "yihone",
      "time": "2017年03月29日 17:37",
      "content": "<p>恭喜李醫生, 希望能對中醫正確的發展有所幫助,更希望針對現行的中西醫合作能給出正確的方向,而非以現行西醫為主.<br/>\n另外請叫李醫生對於遠紅外線的看法,是否可取代艾灸呢??</p>",
      "level": 0,
      "highlight": false,
      "children": [
        {
          "id": "25fae9ac03f24cf9b447abed3ad816ea",
          "author": "andy",
          "time": "2017年03月29日 19:51",
          "content": "<p>遠紅外線無法取代艾灸，艾灸不僅僅是加熱而已，同時，現在的遠紅外線燈都是照一大塊部位，無法專注集中在穴位上，穴位和四周非穴位的部分都是一樣的刺激，雖然有加熱的功能，和艾灸還是不一樣的。</p>",
          "level": 1,
          "highlight": true,
          "children": []
        }
      ]
    },
    {
      "id": "f6613597b3cc46bf25e12b87d1745581",
      "author": "yihone",
      "time": "2017年03月29日 20:40",
      "content": "<p>李醫生感謝說明,另外請教灸的方式,傳統式採隔薑灸,現行有看到以下2種方式,也會有效果嗎??<br/>\n1.將艾灸放在銅罐(內有網子)(即艾柱放在網子上,而網子離穴位一段距離)<br/>\n2.直接將艾條對準穴位(即直接將熱源隔一段距離,直接灸)</p>",
      "level": 0,
      "highlight": false,
      "children": [
        {
          "id": "01976da955538c066c568ecff56a2655",
          "author": "andy",
          "time": "2017年03月30日 11:00",
          "content": "<p>隔薑灸使用薑片是有它的藥性用意，不僅僅是放艾絨而已，所以，現在用艾條來直接灸，效果通常差一些。</p>",
          "level": 1,
          "highlight": true,
          "children": []
        }
      ]
    }
  ],
  "page": 40,
  "order": 6,
  "filename": "data\\page40\\page40_order5_01976da955538c066c568ecff56a2655.json"
}