{
  "article_url": "https://andylee.pro/wp/?p=9794",
  "title": "網上對話 – 中醫治療憂鬱症的幾個案例分析",
  "content": "<figure class=\"wp-block-image size-large\"><a href=\"https://andylee.pro/wp/wp-content/uploads/2021/03/be56047bce65f8bb74a0e0dc55ffd33e.jpg\"><img alt=\"\" class=\"wp-image-9793\" decoding=\"async\" fetchpriority=\"high\" height=\"1024\" sizes=\"(max-width: 754px) 100vw, 754px\" src=\"https://andylee.pro/wp/wp-content/uploads/2021/03/be56047bce65f8bb74a0e0dc55ffd33e-754x1024.jpg\" srcset=\"https://andylee.pro/wp/wp-content/uploads/2021/03/be56047bce65f8bb74a0e0dc55ffd33e-754x1024.jpg 754w, https://andylee.pro/wp/wp-content/uploads/2021/03/be56047bce65f8bb74a0e0dc55ffd33e-221x300.jpg 221w, https://andylee.pro/wp/wp-content/uploads/2021/03/be56047bce65f8bb74a0e0dc55ffd33e-768x1042.jpg 768w, https://andylee.pro/wp/wp-content/uploads/2021/03/be56047bce65f8bb74a0e0dc55ffd33e.jpg 1080w\" width=\"754\"/></a></figure>\n<p>主辦單位：中醫國際聯盟、北京龍吟長空中醫研究院</p>\n<p>講題：中醫治療憂鬱症的幾個案例分析</p>\n<p>時間：北京時間3月14日周日11AM，加州時間3月13日周六7PM</p>\n<p>嘉賓：李宗恩（經方泰斗倪海廈學術傳人），裴愛東（北京醫科大學，師從國醫大師柴松岩教授）</p>\n<p>參加方式：掃二維碼，免費聽講</p>\n<figure class=\"wp-block-image size-large\"><a href=\"https://andylee.pro/wp/wp-content/uploads/2021/04/Screenshot_20210406-220320.png\"><img alt=\"\" class=\"wp-image-9812\" decoding=\"async\" height=\"1024\" sizes=\"(max-width: 855px) 100vw, 855px\" src=\"https://andylee.pro/wp/wp-content/uploads/2021/04/Screenshot_20210406-220320-855x1024.png\" srcset=\"https://andylee.pro/wp/wp-content/uploads/2021/04/Screenshot_20210406-220320-855x1024.png 855w, https://andylee.pro/wp/wp-content/uploads/2021/04/Screenshot_20210406-220320-250x300.png 250w, https://andylee.pro/wp/wp-content/uploads/2021/04/Screenshot_20210406-220320-768x920.png 768w, https://andylee.pro/wp/wp-content/uploads/2021/04/Screenshot_20210406-220320-1283x1536.png 1283w, https://andylee.pro/wp/wp-content/uploads/2021/04/Screenshot_20210406-220320.png 1710w\" width=\"855\"/></a></figure>",
  "article_time": "2021年03月05日 10:41",
  "comments": [
    {
      "id": "de4988d0b749fecb4b7c0a2cb1830584",
      "author": "小K",
      "time": "2021年03月06日 23:10",
      "content": "<p>李医师，来中国大陆发展吧。看领导人对中医的重视：<br/>\n总书记指出，“要做好中医药守正创新、传承发展工作，建立符合中医药特点的服务体系、服务模式、管理模式、人才培养模式，使传统中医药发扬光大。要科学总结和评估中西药在治疗新冠肺炎方面的效果，用科学的方法说明中药在治疗新冠肺炎中的疗效。”<br/>\n<a href=\"https://www.chinanews.com/gn/2021/03-06/9426220.shtml\" rel=\"nofollow ugc\">https://www.chinanews.com/gn/2021/03-06/9426220.shtml</a></p>",
      "level": 0,
      "highlight": false,
      "children": [
        {
          "id": "cd7a26823f62c99ea690ed24df05c16f",
          "author": "李宗恩",
          "time": "2021年03月08日 12:57",
          "content": "<p>謝謝你轉發消息。</p>",
          "level": 1,
          "highlight": true,
          "children": [
            {
              "id": "46ed06c660c94e484977ecfc5354537b",
              "author": "另",
              "time": "2021年04月02日 16:22",
              "content": "<p>请问李博士，请问肺癌晚期患者疼痛，两个多月未能入眠，请问有什么办法吗？请问有没有机会请您网上看诊呢？感恩！</p>",
              "level": 2,
              "highlight": false,
              "children": [
                {
                  "id": "bb338c092ae074c4e0ce24f080a3568a",
                  "author": "李宗恩",
                  "time": "2021年04月05日 14:53",
                  "content": "<p>陽不入陰，加上疼痛，許多癌末病人都很難睡覺。</p>",
                  "level": 3,
                  "highlight": true,
                  "children": []
                }
              ]
            }
          ]
        },
        {
          "id": "7f7908aeb5d5a795d20a6e4a15fc00a2",
          "author": "翔",
          "time": "2021年03月13日 07:44",
          "content": "<p>李医生如果来了中国一般老百姓肯定很难挂上他的号</p>",
          "level": 1,
          "highlight": false,
          "children": []
        }
      ]
    },
    {
      "id": "4c116884caff6064fbf7d41424683771",
      "author": "Cherry",
      "time": "2021年03月16日 19:40",
      "content": "<p>Andy还是留在美国吧，给美国的华人服务, 这样我们就有了根据地 🙂</p>",
      "level": 0,
      "highlight": false,
      "children": []
    },
    {
      "id": "37a1253e9f257f497c15a0e34d8b2d1f",
      "author": "Cherry",
      "time": "2021年03月16日 19:44",
      "content": "<p>有个问题想探讨一下，这个访谈说到了抑郁症，那么对于OCD呢？按照逻辑，中医也可以根治各种不同类型的OCD，是吗？对于OCD，ERP行为疗法是目前公认最有效的治疗办法。我很好奇，行为疗法如何根治身体的不平衡呢？</p>",
      "level": 0,
      "highlight": false,
      "children": [
        {
          "id": "7eee78b09b5f8bb974d6e56ef448a991",
          "author": "李宗恩",
          "time": "2021年03月25日 15:02",
          "content": "<p>中醫可以治療OCD，行爲療法可以幫助病人放下心理的壓力及恐懼，進而影響生理。</p>",
          "level": 1,
          "highlight": true,
          "children": []
        }
      ]
    },
    {
      "id": "8e5ab0808cc1de212b66743ca88be2f5",
      "author": "YcLin",
      "time": "2021年03月19日 19:50",
      "content": "<p>李医师您好，您在讲第一个案例去下焦寒用的是附子理中汤加减，您以前去下焦寒也说过用麻黄附子细辛汤，请问这两个主要的区别是什么呢？使用的时机分别是什么呢？谢谢！</p>",
      "level": 0,
      "highlight": false,
      "children": [
        {
          "id": "c5e0ccf75a26aaa69601063619fd839f",
          "author": "李宗恩",
          "time": "2021年03月25日 15:26",
          "content": "<p>重點是有了炮附子爲什麽有些情況還需要加麻黃和細辛，從這個角度去思考，你會比較容易理解。</p>",
          "level": 1,
          "highlight": true,
          "children": [
            {
              "id": "a221ee391bc4f9789c4e532ad1dfdb8a",
              "author": "YcLin",
              "time": "2021年03月29日 23:30",
              "content": "<p>您常说麻黄是发阳的，我的理解是脚冷的话，需要将阳气发散到脚上，所以在用炮附子热下焦的同时会用麻黄来将热发散出去，用细辛来辅助发散到四肢。但是第一个案例您也提到说患者手脚非常冷，所以我就有点疑问，不过如果现在来猜的话，是不是因为患者的肠胃症状比较明显，所以才用理中汤，否则也是会用麻黄附子细辛汤的？不知道我的理解对不对，请您指点，谢谢。</p>",
              "level": 2,
              "highlight": false,
              "children": []
            }
          ]
        }
      ]
    },
    {
      "id": "96776b8dc6e4b5fd707a3cf7c2113d55",
      "author": "艸水平",
      "time": "2021年03月20日 18:22",
      "content": "<p>李醫師您好，看過您寫的中醫治疑難重症急症的醫案，受朋友自學中醫十年的薰陶，我相信<br/>\n “中醫能治疑難重症急症” 。<br/>\n請問 您知道中醫治好膀胱腫瘤的醫案嗎？有另一朋友以 “中醫沒治過膀胱癌” 於是沒有膽量嘗試中醫治療，於是接受 西醫切除膀胱治療的建議，再過幾天就要手術，我還在努力請 得膀胱癌的朋友暫緩手術，個人能力有限，於是向您求救，請您支援，請您幫忙，謝謝！<br/>\n得膀胱癌的朋友受下面的報導影響很大<br/>\n名醫與疾病的對話／飲食清淡卻老忘喝水 林高士膀胱癌上身<br/>\n<a href=\"https://health.udn.com/health/story/6001/2675692\" rel=\"nofollow ugc\">https://health.udn.com/health/story/6001/2675692</a></p>",
      "level": 0,
      "highlight": false,
      "children": [
        {
          "id": "6142f680f85001ffb5ea3704a761ada3",
          "author": "李宗恩",
          "time": "2021年03月25日 15:30",
          "content": "<p>每一個病人的情況不一樣，中醫有沒有膀胱癌治愈病例和你朋友的膀胱癌能不能找到中醫師治好，這兩件事不能混為一談。</p>",
          "level": 1,
          "highlight": true,
          "children": []
        }
      ]
    },
    {
      "id": "bb7cf93b5b25e3893770d0d562facefa",
      "author": "生",
      "time": "2021年03月23日 09:28",
      "content": "<p>太阳温病是津液不足时得到的太阳病，并不是后世认为感受温邪引起的温病，可是温病理论确实发现了新的疾病发展规律。恙虫病、病毒性心肌炎等等符合卫气营血的传变规律，伤寒论却没有写到太阳病有这种情况？</p>",
      "level": 0,
      "highlight": false,
      "children": [
        {
          "id": "8c764955aca33bd0bd983828f464a8cc",
          "author": "李宗恩",
          "time": "2021年03月25日 15:37",
          "content": "<p>溫邪引起的溫病，也是因爲津液運化出了問題，如果津液運化沒有因外邪而失調，那麽病人一開始就不會得到溫病。恙蟲病、病毒性心肌炎等是西醫的病名，中醫的症狀表現及治療，依然可以依循傷寒雜病論的病理解釋來有效治療。你目前對中醫的理解來自書本，而非來自臨床看診，對傷寒雜病論的理解相當有限，如果無法深入學習而只是引用其他人的説法，那你的臨床功力是很難進步的。</p>",
          "level": 1,
          "highlight": true,
          "children": []
        }
      ]
    },
    {
      "id": "a1789384bbb95cf6e923b209960bce6a",
      "author": "秦嗷嗷",
      "time": "2021年03月26日 17:46",
      "content": "<p>李医师您好！我想借个楼问一下，倪师的人纪教材和视频讲稿内容差距大么？因为到目前为止还无缘见到倪师的人纪教材，只得看到视频形成的讲稿。</p>",
      "level": 0,
      "highlight": false,
      "children": [
        {
          "id": "1dc0a618b2960f70bf0300927028cac4",
          "author": "李宗恩",
          "time": "2021年04月01日 20:52",
          "content": "<p>倪老師的人紀書籍是教材，上課內容不是依照教材一個字一個字的教導，而是倪老師上課當時的講解。因為你看的是盜版，購買正版的人，書及光碟兩者皆有。</p>",
          "level": 1,
          "highlight": true,
          "children": []
        },
        {
          "id": "dbe845eda016af6bfa0f90333926484b",
          "author": "秦嗷嗷",
          "time": "2021年04月03日 10:47",
          "content": "<p>好的！谢谢李医师！</p>",
          "level": 1,
          "highlight": false,
          "children": []
        }
      ]
    },
    {
      "id": "0f32cfd476af4cc9e35785a13fd52ae1",
      "author": "癌症家属",
      "time": "2021年03月26日 22:52",
      "content": "<p>李医生，求救，我妈以前都没问题，就最近十几天腹胀，胀的受不了，病情发展迅速，用厚朴生姜半夏甘草人参汤和大承气汤都无效，去西医院检查说是癌症末期，还没做切片，我当然不想用西医治疗，想去河南找汤英主任治疗，请问你那边有什么建议吗？</p>\n<p>口不太渴，吃饭吃一点点，吃多了胀的更难受，小便正常，大便不多，睡眠正常，</p>\n<p>或者大陆有什么好的中医可以介绍吗？我是湖南人</p>\n<p>唉，我自学中医十几年了，感觉这次没派上用场</p>",
      "level": 0,
      "highlight": false,
      "children": [
        {
          "id": "16a9ae232b7c859911d74835702864f6",
          "author": "癌症家属",
          "time": "2021年03月27日 16:56",
          "content": "<p>整个下半身胀，包括肚子，腰部，脚踝都胀气，按下去可以弹起来，所以是气胀。不放屁，我估计是沼气沿着经络到处乱窜。</p>\n<p>暂时没让西医治疗</p>",
          "level": 1,
          "highlight": false,
          "children": [
            {
              "id": "03f6b67a0f837b629b729668697eb8c0",
              "author": "癌症家属",
              "time": "2021年03月28日 07:11",
              "content": "<p>用张锡纯的鸡汤，明天看效果</p>\n<p>生鸡内金15g（捣碎）， 白术12g，白芍12g，柴胡9g，陈皮9g，生姜三片，六碗水煮成两碗。</p>",
              "level": 2,
              "highlight": false,
              "children": []
            }
          ]
        },
        {
          "id": "c80e8d1495c74f1c54d9671453f5c1a6",
          "author": "李宗恩",
          "time": "2021年04月01日 20:56",
          "content": "<p>我不在網上針對個案一一討論，我時間有限，同時單憑簡單的敘述來討論個案，對病人是不負責任的。</p>",
          "level": 1,
          "highlight": true,
          "children": []
        }
      ]
    },
    {
      "id": "21b98a35e0e89d8c79a01525ea258c4e",
      "author": "枫叶",
      "time": "2021年04月01日 18:58",
      "content": "<p>李医师您好，我是一名乳腺癌患者，恳请您能帮我诊治，不知怎样联系您？</p>",
      "level": 0,
      "highlight": false,
      "children": [
        {
          "id": "0374739ce5b9d0d696de6de3a44907ee",
          "author": "李宗恩",
          "time": "2021年04月01日 21:00",
          "content": "<p>你最好就近找中醫師看診，遠程看診無法望聞問切全面使用，資訊收集不全。如果真的有需要，可以聯絡診所：info@youngQi.com</p>",
          "level": 1,
          "highlight": true,
          "children": [
            {
              "id": "0229c5f3f8ab6f448f86df20507a480e",
              "author": "枫叶",
              "time": "2021年04月01日 22:23",
              "content": "<p>十分感谢您的回复！</p>",
              "level": 2,
              "highlight": false,
              "children": []
            },
            {
              "id": "eb1b78848b209e75c6de41ecb5c64889",
              "author": "另",
              "time": "2021年04月02日 16:26",
              "content": "<p>李博士，我昨天有发了这个邮箱，暂时没有回复。我爸也是肺癌晚期，想请问能不能远程看诊，或者有没有什么地方的中医可以推荐，我在广州，感恩</p>",
              "level": 2,
              "highlight": false,
              "children": []
            }
          ]
        }
      ]
    },
    {
      "id": "02ee6e09d4ad87a19103cb60c7119279",
      "author": "孤芳不自赏",
      "time": "2021年04月05日 01:07",
      "content": "<p>李医师，请您先原谅我的冒犯，最近看了林大栋的《佛州汉唐跟诊日志》里面有说到，倪师去世前未有指定传承人，这和李医师的网站是有矛盾的，能讲一下这其中的故事吗</p>",
      "level": 0,
      "highlight": false,
      "children": [
        {
          "id": "c8f249425cd7740bba84ccb70cbdca56",
          "author": "李宗恩",
          "time": "2021年04月05日 15:12",
          "content": "<p>倪老師交待我傳承一事，和倪老師親近的學生都知道，倪老師很多次在公開場合告訴大家。師母也知道這件事，師母前一陣子還告訴我，她很替倪老師高興我沒有辜負老師的托付。所以，如果有人不知道，那只代表他和倪老師根本不熟認，很少有直接的互動。</p>",
          "level": 1,
          "highlight": true,
          "children": []
        }
      ]
    },
    {
      "id": "7b5a1ed1b947ea35bd59e7f5a1f299d8",
      "author": "schwennigen",
      "time": "2021年05月27日 23:14",
      "content": "<p>李老师，请教您一个问题， 人瘦，手上的血管粗 喝了桂枝芍药知母汤一周无效。发现双腿特别多的毛细血管青色的还有紫色的。喝了芍药甘草附子汤 炙甘草20克 白芍50克 炮附子15克 ，晚上喝完 第二天早上血管都收起来了 血压也由190降到128。但是第二天血压继续升到160 血管又回复到以前的状况，请您给予指导，看到有网络上写使用黄豆芽去血管里的湿，不知道对否，谢谢</p>",
      "level": 0,
      "highlight": false,
      "children": [
        {
          "id": "651cf99cb39244b3aaf9f6de71c5adba",
          "author": "李宗恩",
          "time": "2021年05月28日 18:42",
          "content": "<p>服藥一周沒有反應，不一定代表「無效」，許多病症並非可以立即解決。</p>",
          "level": 1,
          "highlight": true,
          "children": []
        }
      ]
    }
  ],
  "page": 16,
  "order": 8,
  "filename": "data\\page16\\page16_order7_7eee78b09b5f8bb974d6e56ef448a991.json"
}