{
  "article_url": "https://andylee.pro/wp/?p=9845",
  "title": "鼻腔過敏、中耳炎 – 養兒育女必須知道的21件中醫知識（20）",
  "content": "<p>許多小孩子一大早起來就打噴嚏、流鼻水，好一點的可能幾分鐘就好了，有的到中午、下午才好，嚴重的得整天不停地擦鼻子。也有些小孩子到了花粉季節，或者碰到的狗貓或塵霾，就眼睛癢、一直流鼻水。另外，有些小孩子三不五時中耳發炎，明明沒有游泳或耳朵進水，耳内常常有些黃水，甚至有臭味。這種情況下，西醫通常要小孩子服用Benadryl、Claritin等含有抗組胺antihistamines的過敏藥，或者抗生素一類的藥物，效果往往有限，搞得小孩子病情起起伏伏，幾年都沒有康復。</p>\n<p>中醫怎麽看這樣的情況？雖然每位病人不一樣，上面這些症狀大多和脾虛、濕重有關。鼻涕、耳屎本來是人體正常的分泌物，用來吸附外來的髒物，但因爲脾虛、濕重而處於一種邊緣狀態，一旦受到外面一點點小小的刺激，就必敗如山倒一般，一發不可收拾。</p>\n<p>小孩子年紀輕輕的，爲什麽會如此？一部分是因爲生長發育的比較慢，身體機能趕不上現代生活中外來的刺激變化，然而，很大一部分是來自飲食習慣的問題，譬如常常吃喝牛奶、起司、優酪乳（酸奶）等乳製品，含糖的加工食品，餅乾等等的零食。牛奶的問題，逐漸被主流醫學理解及承認，歐美國家已經有不少醫學研究發現，許多過敏的小孩子停止喝牛奶幾個月後，過敏現象明顯緩解。而中醫認爲牛奶容易造成脾濕的觀點，我們以前討論過許多次，不再重複。不過，我們簡短談一下優酪乳的問題。許多父母喜歡給小孩子服用優酪乳，認爲可以補充益生菌來幫助消化，這其實是揠苗助長的行爲。益生菌是人體大腸内本來就有的細菌，在人體内有其自然的生態環境，正常情況下並不需要另外補充。偶爾服用益生菌食品並無妨，一周多次飲用益生菌食品卻會改變了人體内的細菌生態平衡，破壞人體自我調整的能力，常看到的問題是所謂的「小腸細菌過多症」，造成腸鳴、腹痛等。同時，醫學研究已經證實過多的益生菌排泄物會傷害人體，降低短期記憶能力，即使立即停止服用益生菌，也需要四周以上的時間來恢復記憶能力。另一方面，含糖的加工食品會導致許多健康問題，這點大家應該都已經看到過許多的報導，中醫的角度很粗淺的解釋可以說這些不好的糖類食品直接傷害到脾臟，常看到的問題為水道運化不良、濕重、營養吸收不佳等等。如果硬要把中醫和西醫的觀點連在一起，中醫所謂的「濕重」，或許可以說是人體組織液中該回收的物質無法正常有效回收，「廢物」的積累逐漸導致各種發炎現象。</p>\n<p>怎麽治療？問題看起來挺複雜的，實際臨床治療上，卻往往沒那麽困難。基本的治療方向以去濕、開竅爲主，加上針對個案特殊的情況來加減。譬如以苓桂朮甘湯為基礎，加上辛夷、菖蒲、蒼朮等開鼻竅、耳竅，葛根、白芷等引藥、引水上頭。如果病人寒症重，外加一些熱藥，如果病人食慾不佳，外加一下健脾開胃的藥等等。當然，病人得改善生活飲食習慣，不然這頭加分、那頭減分，無法真的痊愈。</p>\n<p>許多家長告訴我，中醫幾周内可以治好的問題，他們卻讓小孩子長期服用西藥，卻也無法斷根，事後諸葛地看來，非常的後悔。其實，這也是我們爲什麽要推展中醫的原因，不但讓做父母的有更好的方法來幫助小孩子成長，也讓小孩子從小認識中醫，知道中醫治療的有效性，這樣才能扭轉社會對中醫的偏見及不信任，提升大家的健康水平，並大幅減低社會醫療成本。</p>",
  "article_time": "2021年04月23日 12:02",
  "comments": [
    {
      "id": "a1acc9d01c7e40e1798fd7bec0d123c4",
      "author": "小宇",
      "time": "2021年04月27日 18:55",
      "content": "<p>李医生好！请问小孩一运动就全身大汗，甚至头发汗湿的像洗过一样，刚入睡的一个小时也会汗湿床单，这种情况是表虚还是阳气太旺？</p>",
      "level": 0,
      "highlight": false,
      "children": [
        {
          "id": "9064055abbe37011a328d869c4982d3b",
          "author": "李宗恩",
          "time": "2021年05月02日 10:39",
          "content": "<p>比較可能的情況是陽虛，陽要能調節汗水（陰）的收放，陽虛時，好吧門打得開卻關不起來。</p>",
          "level": 1,
          "highlight": true,
          "children": []
        }
      ]
    },
    {
      "id": "f885944bca5d99d59a028073fa7dbdd3",
      "author": "shawn",
      "time": "2021年04月27日 19:07",
      "content": "<p>想請教下李醫師，為什麼濕，有些人明顯體現出時間性，早上起來後症狀比較嚴重，比如起床後耳朵分泌物很多癢，眼睛癢，舌頭胖大薄白齒痕多，活動一兩小時後沒事，是因為晚上脾的運作功能比較差嗎？或者晚上‘氣’比較虛？<br/>\n曾從這個角度想，因為病人比較瘦稍微補點氣（加黃耆）結果沒幫助（或者說似乎更嚴重）。</p>",
      "level": 0,
      "highlight": false,
      "children": [
        {
          "id": "58661d63969416bf83977a120d6c7d1d",
          "author": "李宗恩",
          "time": "2021年05月02日 10:43",
          "content": "<p>虛弱的人剛起床時，身體的機能還未運作到行動的需求，譬如會不適應體外環境而打噴嚏、流鼻水等等。很多情況下，單純的補氣是不能解決問題的。</p>",
          "level": 1,
          "highlight": true,
          "children": []
        }
      ]
    },
    {
      "id": "5a6414d8259d8206338b7a1d6aebe26c",
      "author": "潘潘",
      "time": "2021年04月28日 02:42",
      "content": "<p>请问李医生，对现在的白癜风有哪些具体的治疗方法？包括针灸，中药。</p>",
      "level": 0,
      "highlight": false,
      "children": [
        {
          "id": "9922490783e656ed9a90310930ea12f0",
          "author": "李宗恩",
          "time": "2021年05月02日 10:49",
          "content": "<p>白癜風不容易治療，歷代有些醫家從黃帝內經中「風氣藏於皮膚之間，內不得通，外不得洩」來推想，認為是「風邪博於皮膚，血氣不和」所造成的。然而，臨床上不是那麼單純，肝脾三焦為基本方向，卻依個案有很大的不同。</p>",
          "level": 1,
          "highlight": true,
          "children": []
        }
      ]
    },
    {
      "id": "7238adb8bf5eda99c87c6b7df765f0f8",
      "author": "潘潘",
      "time": "2021年05月05日 15:40",
      "content": "<p>谢谢李医生，我是没办法亲到贵诊所，尽量想办法远程看看吧。白癜风特别怕酸，吃酸就容易扩散。你判断肝肯定的，肝又是风脏。辛不能制酸，也许补土生金。我尽快看看如何远程问诊吧。我本来是家庭遗传的肝病毒患者。母亲10多年前肝癌又的，才49岁。我想有这些原因。自己研究几年中医还是有些茫然。</p>",
      "level": 0,
      "highlight": false,
      "children": []
    },
    {
      "id": "fc822c47b1294c4797081d01aa9c8a93",
      "author": "濮",
      "time": "2021年05月25日 06:25",
      "content": "<p>李医师您好 鼻子冒热气 这是麻杏石甘汤的用方依据么？</p>",
      "level": 0,
      "highlight": false,
      "children": [
        {
          "id": "a6ac12ae37b2e766bb35c57456ac2927",
          "author": "李宗恩",
          "time": "2021年05月26日 14:39",
          "content": "<p>不會以單一症狀來決定藥方。</p>",
          "level": 1,
          "highlight": true,
          "children": []
        }
      ]
    },
    {
      "id": "f42a95d8405b678739faf4244152df58",
      "author": "吴糖",
      "time": "2025年04月24日 18:40",
      "content": "<p>李医师，假如过敏性鼻炎的儿童，有经常打喷嚏流鼻血的症状，（已排除免疫性疾病），苓桂甘术汤加辛夷、菖蒲、苍朮、葛根、白芷是否不对症？有喝过导致鼻血更多的情况，请教应该从哪方面调整思路呢？</p>",
      "level": 0,
      "highlight": false,
      "children": [
        {
          "id": "c6949efc6d7757c8873c94b9e2014f58",
          "author": "李宗恩",
          "time": "2025年04月27日 18:53",
          "content": "<p>得看病人實際情況來診斷，只是去濕清鼻竅，不一定抓到問題的癥結所在。</p>",
          "level": 1,
          "highlight": true,
          "children": []
        }
      ]
    }
  ],
  "page": 16,
  "order": 4,
  "filename": "data\\page16\\page16_order3_00489065fa89b77a0e0e344e784d4d51.json",
  "timestamp": 1746676989.4116912
}