{
  "article_url": "https://andylee.pro/wp/?p=11117",
  "title": "令人感動的病人",
  "content": "<p>今天早上第一個病人是位近八十歲的老先生，我記得他一個半月前來初診的情況，十年前中風導致他右半邊無力，右手舉不起來，雙手雙脚冰冷，走路很慢、很吃力，説話不靈光，時不時頭腦反應好像卡住，與人應對時不順暢。</p>\n<p>上次看診給了病人兩周的中藥，藥方稍微重一些些，生附子、乾薑、當歸、桂枝、白芍、生薑、炙甘草、紅棗、木通、炮附子、炙黃耆、川芎、生地、白朮、茯苓、生半夏、麥門冬、杏仁。今天看診時，病人告訴我，手脚溫暖許多，右手可以擡抬起來了，走路好不少，體力變得很好。醫生看診不能只聼病人敘述，還得了解及驗證病人的反饋。我要他把右手舉起了給我看，果然，右手舉得挺好的。我又問他如何判斷體力好很多，病人説他連續開了八個小時的車來診所看診，不覺得累，以前根本是不可能做到的！</p>\n<p>我以爲我聼錯了， 病人自己單獨開了八個小時的車來看診？原來病人住在南加州，上一次和妹妹一起來看診，兩個人一起開了八個小時的車。妹妹覺得服用中藥後症狀都好了，目前不需要看診，於是，病人這次自己一個人昨天開了一整天的車來北加州，今天看完診後再開八小時回南加州。一位<meta charset=\"utf-8\"/>近八十歲的中風後遺症病患，為了二三十分鐘的看診，花十六個小時獨自開車往返，這讓我很感動，也很擔心他的安全。我一再告訴他，路上開累了，一定要休息，如果天暗了，最好找家旅館休息一晚，不要硬撐著開車，更不要隨便在路邊停車睡覺，畢竟這幾年加州的治安越來越差。老先生笑得很開心，跟我保證他連續開八個小時沒問題！</p>\n<p>很多人覺得現代人的平均壽命比古代的人長許多，認為那代表現代醫學的效果好很多。不可否認，現代醫學確實幫了許多忙，特別在車禍意外等傷害中搶救人命時，外科手術及許多現代科技守住了許多人命。然而，統計數字背後隱藏的原因，往往不是那麼單純。生活條件不良、勞役過多、醫療資源不足、負擔不起醫療費用、戰亂、飢荒、各種天災人禍等等，都是古代人身體敗壞及死亡的原因，單純拿平均壽命來比較，很難斷定現代醫學是平均壽命增加主要的原因。</p>\n<p>幾十年來，美國人的平均壽命穩定增加，許多人歸功於現代醫學的進步，然而，讓人納悶的是，最近這幾年來，美國人的平均壽命出現逐年減少的趨勢。因而，開始有研究顯示，之前<meta charset=\"utf-8\"/>平均壽命穩定增加的主要原因是生活條件的改善，而非單純的現代醫學進步。二次大戰前及大戰中出生的人，大多數都經歷了許多困苦匱乏的日子，巨大的生活壓力及負面想法也讓人無法喘氣，嚴重影響人們一生的健康狀況。二次大戰後，出現了嬰兒潮，這群人在經濟快速發展下成長，生活條件比前人好很多，平均壽命增長並不意外。那麼，為什麼<meta charset=\"utf-8\"/>最近這幾年平均壽命開始持平或下降呢？在基本生活條件差異不大的情況下，必然有新的因素改變了<meta charset=\"utf-8\"/>平均壽命的發展趨勢，濫用各種藥物被認為是可能原因之一，因為<meta charset=\"utf-8\"/>藥物<meta charset=\"utf-8\"/>濫用的情況一年比一年嚴重。</p>\n<p>我們常常看到許多老年人很可憐，雖然是活著，卻活得很痛苦，身體一堆病痛、手腳顫抖無力、大小便失禁、頭腦不清楚、記憶力極差、心裡害怕恐懼，每天還得吞三四十粒西藥，勉強維持風中殘燭的生命，生活品質低落，往往也失去了自我的尊嚴。這位病人<meta charset=\"utf-8\"/>十年前中風，造成他身心高度的傷害，我們不能說現代醫學完全沒有幫上忙，但確實沒有讓他活得更好、更有尊嚴。中醫是人道的醫學，這位<meta charset=\"utf-8\"/>年近八十、中風後遺症的老先生可以自己單獨開車十六小時往返看診，不但不覺得過累，還樂在其中，我想許多讀者會和我一樣，被這位老先生的生命力給深深感動！</p>",
  "article_time": "2022年02月10日 20:11",
  "comments": [
    {
      "id": "4e6034b45ca19bf244fee16d0411fee1",
      "author": "ieitZYB",
      "time": "2022年02月10日 23:01",
      "content": "<p>年近八十、中風後遺症的老先生可以自己單獨開車十六小時</p>",
      "level": 0,
      "highlight": false,
      "children": []
    },
    {
      "id": "960e602c802a329c11b45fbb15eb4c16",
      "author": "魯豆腐",
      "time": "2022年02月10日 23:46",
      "content": "<p>您真是一文道破西醫們的醫療假象，事實就是接受過西醫術後只能殘破敗壞的苟延殘喘<br/>\n如果是這樣的賴活著，不知大家能否接受說壽命被延長了 (我想是說笑吧！)<br/>\n那種殘破的活著卻被西醫拿來說嘴，使得還沒生大病住院開刀過的人以為西醫為尊<br/>\n事實上找對了傳統中醫才是回恢生命力的重點<br/>\n因為有您才能稍為更正視聽，否則一般云云眾生都以為醫療就是西醫為主<br/>\n感謝Dr.李 您的專業才足以將中醫的聲望大大提高<br/>\n我們也因為有您才足以稍為揚眉吐氣一番</p>",
      "level": 0,
      "highlight": false,
      "children": [
        {
          "id": "a70d0de6a921ac62831f39041cff3785",
          "author": "李宗恩",
          "time": "2022年02月23日 10:04",
          "content": "<p>很多病人自己並不願意這樣苟延殘喘地活著，但是不想讓親人失望，只好不斷地接受折磨，過著沒有尊嚴的生活。而那些強迫家人接受各種西醫治療的人，等他們自己生病了、自己接受那些治療的折磨時，才明瞭當初不應該強迫家人接受那些治療，後悔不已，但一切都太遲了。</p>",
          "level": 1,
          "highlight": true,
          "children": []
        }
      ]
    },
    {
      "id": "104f16b84d97385fc41602a052fdc886",
      "author": "明遠",
      "time": "2022年02月11日 12:45",
      "content": "<p>李醫師 您好:</p>\n<p>請問本案例病人的右手接受治療前有彎曲在腹部前嗎?</p>\n<p>謝謝</p>",
      "level": 0,
      "highlight": false,
      "children": []
    },
    {
      "id": "2f8de5f25c2f6afe84679770662dcae7",
      "author": "请问在那坐诊？",
      "time": "2022年02月11日 05:04",
      "content": "<p>我有一亲人得了肺肿瘤，知道西医很烂，了解倪师医术正统中医，你们他弟子应该是我想找的人，请问在那坐诊？</p>",
      "level": 0,
      "highlight": false,
      "children": [
        {
          "id": "048d13f73bdcf45b912ae5c4073363a6",
          "author": "李宗恩",
          "time": "2022年02月23日 10:07",
          "content": "<p>診所資料都在網頁上，如果這樣的資訊都找不到、不願意查詢，代表處理事情的能力有限，並不適合遠程治療。</p>",
          "level": 1,
          "highlight": true,
          "children": []
        }
      ]
    },
    {
      "id": "d7bdc567604a4f111e62864fbb28b0f6",
      "author": "shi",
      "time": "2022年02月11日 14:32",
      "content": "<p>你好，Dr.Li，我今年44岁，月经近两年一直提前，量少的可怜，因为我有失眠超过十年，血气虚，脾虚，皮肤很黄，看了几个中医都没帮到我，近段时间吃安眠药也睡不好，长期有自汗问题，现在还有不停潮热那种，白天晚上都有，就是上面热，下面寒那种，还有心悸，没法睡，放松不下来，这个月月经提前了7天，血颜色比以前浅，月经期间我可以喝黄连阿胶汤吗，我实在需要睡觉啊，我还有很多问题，但是目前最要紧的是让我睡下觉，因为我不行了，我希望我看到你之前能让我心脏舒服点，睡得着，再去解决我其他棘手的问题，我还要等10天才见得到你。请告知，谢谢</p>",
      "level": 0,
      "highlight": false,
      "children": [
        {
          "id": "dded5273e2f884f4fa1e426867b998c0",
          "author": "李宗恩",
          "time": "2022年02月23日 10:07",
          "content": "<p>我不在網上針對個案一一回答。</p>",
          "level": 1,
          "highlight": true,
          "children": []
        }
      ]
    },
    {
      "id": "652abd517109ae77dfc78f92022b0c03",
      "author": "肺结核停药后失眠",
      "time": "2022年02月14日 15:30",
      "content": "<p>你好，Dr li，通过汉唐推广网链接您的联系。非常崇拜和信任经方中医的治疗。我今年48，男。由于发现肺部有结节，于2021年吃了近一年的西医抗结核药。医生说可以停药起就发生半夜会早醒，一般在3-5点。按子午流注和倪师的症状警告，这种失眠已有3-4月，时好时坏有时会晚点醒，但感觉这样下去非常不好。读了倪师的一些课程，特来求助，应在大陆无法找到您当面纠正实在遗憾。还盼指点我如何用药解脱困局。</p>",
      "level": 0,
      "highlight": false,
      "children": [
        {
          "id": "c302cb439ecac6bb5479a304c09e4a04",
          "author": "李宗恩",
          "time": "2022年02月23日 10:15",
          "content": "<p>我不在網上針對個案一一討論。</p>",
          "level": 1,
          "highlight": true,
          "children": []
        }
      ]
    },
    {
      "id": "92c2f999f62c31de751151b7f4582a94",
      "author": "匿名学生",
      "time": "2022年02月22日 06:57",
      "content": "<p>李医生，您好，我是中医专业的学生，最近才了解到倪老《天纪》、《人纪》等视频，在网页上也搜到了一些关于汉唐中医的信息，我对这些很感兴趣，有一些问题想和您探讨一下，可以联系您吗？</p>",
      "level": 0,
      "highlight": false,
      "children": [
        {
          "id": "9c55bec031a8fa46efae0b1c36e62f33",
          "author": "李宗恩",
          "time": "2022年02月23日 10:36",
          "content": "<p>我不私下回答問題，如果有醫療需要，請聯絡診所，如果有學習上的需要，很多問題網頁上及以前教學內容都已經討論過了。</p>",
          "level": 1,
          "highlight": true,
          "children": []
        }
      ]
    },
    {
      "id": "89119d3c7e9d58a422d7c0874875c749",
      "author": "WJJ（王嘉俊）",
      "time": "2023年11月23日 19:05",
      "content": "<p>李博士你好：</p>\n<p>現在不管是中藥房還是醫院給病人的當歸都是乾的，幾乎見不到使用新鮮的當歸的（病人也不好保存）。請問您對於當歸使用上是怎樣呢？當歸的油脂該如何保留呢？</p>\n<p>謝謝~</p>",
      "level": 0,
      "highlight": false,
      "children": [
        {
          "id": "a70afe9e94b514dbc0bc62b86eaa2750",
          "author": "李宗恩",
          "time": "2023年11月27日 10:05",
          "content": "<p>當歸得冷藏。</p>",
          "level": 1,
          "highlight": true,
          "children": []
        }
      ]
    },
    {
      "id": "3f92e19a2aa8826d1ea888c6670acb2c",
      "author": "昌都之昀",
      "time": "2024年02月19日 03:26",
      "content": "<p>李大夫，我想请教你一下，杏仁在用的时候一般是否去掉皮尖呢？</p>",
      "level": 0,
      "highlight": false,
      "children": [
        {
          "id": "e9718221a84f96b55191402bd4b04f5e",
          "author": "李宗恩",
          "time": "2024年02月26日 10:55",
          "content": "<p>通常會去掉皮尖。這種問題，你可以自己在網上查詢。</p>",
          "level": 1,
          "highlight": true,
          "children": []
        }
      ]
    }
  ],
  "page": 12,
  "order": 2,
  "filename": "data\\page12\\page12_order1_960e602c802a329c11b45fbb15eb4c16.json"
}