{
  "article_url": "https://andylee.pro/wp/?p=5983",
  "title": "日本朋友來的微信",
  "content": "<p>這位日本朋友，我不是很熟識，幾年前朋友介紹認識的，聽說在日本的企業挺大的，也是日本首相安倍晉三的好朋友。不過，除了幾年前我幫助過他家人一些病症外，生活上沒什麼交集，只有三不五時、過年過節時會收到他的微信祝福。</p>\n<p>最近這位日本朋友突然急著在微信上找我，說他身邊一位重要的女士少腹痛了一年多，在日本幾個大醫院做了檢查，子宮和膀胱都沒問題，做了腸鏡等，也沒發現問題，日本醫師只能推斷是子宮內膜的問題，卻也沒有個定論及治療方法，只能每天服用止痛藥。</p>\n<p>我要他多告訴我一些細節，他說了等於沒說，最多只能用「經痛」兩個字來代表。這怎麼看診開藥？我想依照他們對自己身體的觀察程度，遠程視訊看診大概也問不出什麼名堂來，要他們飛加州一趟也不切實際，那只好靠試藥來了解問題所在，也就是先刻意開一個測試性的藥方給病人，從病人服藥後的反應，來多了解病情。因此，我給病人開了一個藥方：當歸、桂枝、白芍、炙甘草、生薑、紅棗、細辛、木通、吳茱萸、人參、川芎、丹皮、白朮、茯苓、黃耆、桂圓肉。我想這個藥方不太需要解釋，對中醫有些概念的讀者應該就能看出來是當歸四逆湯領頭，合吳茱萸湯、歸脾湯加減。</p>\n<p>昨天半夜兩點多，不知道是這位日本朋友忘了美日的時差，還是太興奮，竟然用微信打電話給我，而我手機明明設成「勿打擾（Do not disturb）」，不知為何還是手機鈴聲大作，讓我哭笑不得。這位日本朋友是要告訴我，病人服用中藥一周多，好了很多，只有偶而痛一下，沒什麼大礙了，她會按原計畫繼續服用到兩週，再向我匯報情況。他打電話來，是覺得中藥幫了大忙，他要用微信來支付我看診的費用，結果我的微信不接受費用，讓他心急。我告訴他，我只是順手幫個忙，小事一件，不用放在心上 ….. 不過，其實，我真的想說的是，麻煩下次不要半夜把我吵起來，睡覺對我很重要的，莞爾！</p>\n<p>P.S. 其實還不難推斷大方向：（1）既然幾家西醫院都沒找出問題，代表不是腫瘤、潰瘍、子宮內膜增生或異位、炎症、膀胱結石等等實質上看得出來的問題，那這樣的痛多半是寒引起的（2）病人每天都痛，不只是經期時痛，也沒抱怨子宮異常出血，代表病人的寒並不僅僅在子宮，而是整個中下焦寒，但是寒濕也不會太嚴重，不然應該有其它明顯的問題 （3）當然也不會是太小的問題，不然不會來找我治療（4）已經痛一年多了，久寒必有血瘀。基於這四點，我就不難開一個測試性的藥方。</p>",
  "article_time": "2019年06月07日 09:58",
  "comments": [
    {
      "id": "b37e00e93a6dafe275767b5f1a335be9",
      "author": "Ferry瑞芳",
      "time": "2019年06月07日 17:12",
      "content": "<p>除非手机静音，其它的模式都无法屏蔽微信，而且微信的音量是和手机来电铃声音量一致的，只有调节来电音量才可以调控微信音量</p>",
      "level": 0,
      "highlight": false,
      "children": [
        {
          "id": "c8db948a675c782e973831885dfc1fc4",
          "author": "andy",
          "time": "2019年06月08日 08:36",
          "content": "<p>謝謝告知，微信這樣設計挺干擾人的。</p>",
          "level": 1,
          "highlight": true,
          "children": []
        }
      ]
    },
    {
      "id": "0a71ced2f4fe9b7afdd76600feb35002",
      "author": "魯豆腐",
      "time": "2019年06月07日 19:47",
      "content": "<p>西醫們最愛開刀了，不過沒有了可以開刀的藉口，他們就沒搞頭了，也不知如何是好，所以回頭想想，陰陽表裏、虛實寒熱的八綱辨症重不重要？老祖先的智慧是留給我們認同中醫的華人學習的，這種功夫誰也偷不走</p>",
      "level": 0,
      "highlight": false,
      "children": [
        {
          "id": "6f0d2b1eae61572f720125612b2b24d9",
          "author": "andy",
          "time": "2019年06月08日 08:45",
          "content": "<p>其實，我們不需要太擔心西醫怎麼評論中醫，反而得擔心中醫自己能不能治好病、有沒有專業道德，中醫真正的危機在於一大群功力不足又不肖的中醫及偽中醫的破壞。</p>",
          "level": 1,
          "highlight": true,
          "children": [
            {
              "id": "590f7e9727cb606ca4247ed1d4218a71",
              "author": "魯豆腐",
              "time": "2019年06月08日 17:58",
              "content": "<p>説得甚是，世上充斥著很多半桶水的中醫，沒學好功夫不打緊還用那三腳貓功夫坑病人，不但壞了中醫的名聲也讓不知情的病人對中醫留下駡名</p>",
              "level": 2,
              "highlight": false,
              "children": []
            }
          ]
        }
      ]
    },
    {
      "id": "277215fcf1ce504d8af001d3b645094f",
      "author": "內經初學者",
      "time": "2019年06月09日 19:15",
      "content": "<p>關於“久寒必有血瘀”，起想一件從前的事：</p>\n<p>某女士，在某一個大夏天的經期時吃了冷飲，第二天就閉經了。由於她又是一個少有的季經者，在以後的幾個月無經，也屬正常。</p>\n<p>幾個月後，她突感小腹不適就診，醫生在她的腹部又按又捏，懷疑是子宮有異物，預約了B超。而她自己卻害怕意外懷孕，要墮胎，長東西要開刀，總之是麻煩事。在忐忑中回到家中，又感下腹不適， 如廁時發現排出一個血塊。那血塊有多大？只記得她比劃著，把她大拇指與食指尖自然碰上時所形成大小說，這麼大！她還接著說，排出血塊後人頓感輕鬆，所有的不適立馬消失…..。</p>\n<p>女士們， 看到寒濕對身體的影響了嗎？</p>",
      "level": 0,
      "highlight": false,
      "children": [
        {
          "id": "f836c042684098d9259a92e0583a7533",
          "author": "andy",
          "time": "2019年06月13日 15:18",
          "content": "<p>謝謝你的分享。</p>",
          "level": 1,
          "highlight": true,
          "children": []
        }
      ]
    },
    {
      "id": "015fef1d50e8ae38ef48c3747beac53d",
      "author": "不孝的子女",
      "time": "2019年07月17日 22:49",
      "content": "<p>李老师，迫切求助，我母亲今年56周岁，2019年5月13日进行胃部手术全切，6月10号第一次术后化疗，自此以后再也吃不下饭，感觉腹胀吃点东西就涨，6月份陆续住院，做全消化道备餐，是通畅的，主治医师没找出原因，7月上旬腹腔、胸腔已有大量积水，医院告诉我们已转移，无法控制，病人很虚弱，出现下肢水肿，目前水肿输了白蛋白得到控制，现在每天的就靠输经营液，抽腹腔积水维持，求助，请问我们该怎么办？有逆转的可能吗？母亲还那么年轻。</p>",
      "level": 0,
      "highlight": false,
      "children": [
        {
          "id": "172d8fae7278de8a10c716294bb38588",
          "author": "andy",
          "time": "2019年07月18日 13:27",
          "content": "<p>是有機會穩定病情的，但是，這樣的急重症用遠程視訊治療是不實際的，也非常危險，你們還是得就近找功力高的中醫師看診治療。</p>",
          "level": 1,
          "highlight": true,
          "children": []
        }
      ]
    },
    {
      "id": "cf52fd6580a3231c96343c0224290b0b",
      "author": "不孝的子女",
      "time": "2019年07月18日 18:13",
      "content": "<p>谢谢李老师的回复，能否推荐国内的中医师？现在只求病情不在恶化，减少病人的痛苦。</p>",
      "level": 0,
      "highlight": false,
      "children": []
    },
    {
      "id": "6870314ece76c540d65a4ece537160b0",
      "author": "廖欣强",
      "time": "2019年07月28日 18:47",
      "content": "<p>试试去找一下桂林汉唐经方  微信公众号也是这个</p>",
      "level": 0,
      "highlight": false,
      "children": [
        {
          "id": "2c0f38cf3a47c5fe023ad93093b84e03",
          "author": "暗香疏影",
          "time": "2024年03月25日 06:06",
          "content": "<p>不能乱推荐，不能毁了倪师一世英名！</p>",
          "level": 1,
          "highlight": false,
          "children": []
        }
      ]
    },
    {
      "id": "d91cad750116b155535753f3914bc323",
      "author": "ICE",
      "time": "2019年08月13日 06:55",
      "content": "<p>我今年35岁，结婚10年，至今没有孩子，从15年到现在吃中药的时间加起来应该有两年了，每个大夫那里至少吃3个月的中药，刚开始有个大夫说我的身体要每年一到冬天就吃中药，我吓跑了。第二个大夫连续三个月问诊，我都是同样的症状，他拒绝为我再看，后来断断续续又换了3个大夫，然而经过了这么多人的治疗，我的痛经到现在都没治好，一到来例假，必须请假在家休息，连张嘴说好的力气都没有。去年怀孕的时候不舒服的很，找了调理的中医给我开药吃着吃着还是胎停了，前一天她还说有胎脉，第二天B超医生说紫宫都开始有血了，B超看的卵黄囊比一周前还小。手术一个月复诊时妇产科医生要求我抽血检查，抽了十几管子血，好多张报告单显示只有一条泌乳素偏高，高的也不多，医生当时就问我，例假是不是每个月都来，打算什么时候再要孩子，我自己觉得身体很弱，当时就说等一等，然后就回老家吃中药调理身体，吃了3个月加上自己晨起活动感觉好了点，医生也建议我可以备孕了，还给我吃了促排卵的中药，说第一月不敢保证，第二个月肯定可以，我现在吃了第三个月了，这次不知道怎么样？但是最近两个月发现月经过去两周之后背下边腰上面的位置酸疼，大概十二椎下的位置，肚脐两边胀，这个月比上个月更严重，这两天已经影响生活了，啥也干不了。所以我已经又挂了一位中医的号，先治病再谈生孩子。今天说这么多我的失败案例不是为了抨击中医，而是因为我始终相信好的中医有很多，只是我还没遇到，看到李博发这些案例出来，我很兴奋，因为你们的存在，也因为你们的付出，让世人重新认识了中医和中国传统文化的力量，也让我们这些坚持中医能治病的普通人有了继续坚持下去的勇气，感谢</p>",
      "level": 0,
      "highlight": false,
      "children": [
        {
          "id": "de2451279237b70fb6ab090a02da1bae",
          "author": "andy",
          "time": "2019年08月15日 10:50",
          "content": "<p>問題是你得找到好的中醫師，我最近有位46歲的病人，想懷孕，找了中西醫治療了六七年都沒結果，我仔細了解她以前的治療方法，從拼命的補腎陰到奇怪的易經八卦治法，卻都沒有抓到重點，本來好久沒月經了，服藥三週來溫熱下焦、去濕後，病人已經再度有卵子產生了。</p>",
          "level": 1,
          "highlight": true,
          "children": []
        }
      ]
    },
    {
      "id": "0fa2dc9cfd5daa1b5e96d8f87a3a2f56",
      "author": "ICE",
      "time": "2019年08月14日 20:42",
      "content": "<p>李博，我看到汉唐网站之前有公布在大陆行医的倪师人纪班学员的名单，只是涉及的诊疗地点和医生名单都很少，深圳诊所按照原地址也找不到了，方不方便告知更多的在大陆各地行医的医生名单和所在诊所预约电话等，非常感谢</p>",
      "level": 0,
      "highlight": false,
      "children": [
        {
          "id": "e8a0ec3cf0b3905b32187f174e6cc3df",
          "author": "andy",
          "time": "2019年08月15日 11:24",
          "content": "<p>這其實是一個很大的迷失，倪老師當年公佈各地的學生名單，用意在推廣正統經方中醫，期待先有「量」再有「質」。然而，倪老師並沒有設立一個正式考核學生的制度，而跟診的學生多了，更無法控制質量，倪老師也多次不悅地表示，許多學生在老師身邊學習時學得不錯，離開老師在外面看診，沒幾年卻變得亂七八糟，比剛學時還差，讓老師很失望，一個個點名來罵。而這些還是老師認識的、叫得出名字的學生，後來很多買了人紀DVD、跟診沒幾天的人，也對外宣稱是倪老師學生，利用老師名聲來鍍鍍金。更讓人髮指的是，老師過世時，網路有不少惡意的傳言，許多當年對老師阿諛奉承的學生立即劃清界線，免得被老師的死訊給拖累。然而，這幾年倪老師人紀教材盜版猖獗，很多中醫及中醫愛好者下載盜版人紀教材來學習，也因而讓更多的人了解到倪老師的厲害，到處替倪老師宣傳，倪老師的名聲反而比生前還大漲十倍，可憎的是，許多和老師劃清界線的不肖學生，又再度回頭來供奉老師、到處宣稱自己是倪老師學生，人心是如此的惡劣！</p>\n<p>總之，我應該有最完整的倪老師學生名單，或許也最了解倪老師當年對學生的評價，然而，這樣的學生名單是沒有意義的，病人得自己去深入了解各個醫師的功力及道德，憑著什麼網路上的名單、小道消息等來找好的醫師，是非常不可靠的。同時，真的厲害的中醫師，也不一定需要是倪老師的學生，只要功力好、道德高，就值得大家去看診、尋求幫助。</p>",
          "level": 1,
          "highlight": true,
          "children": []
        }
      ]
    },
    {
      "id": "d8261feb9e6d8d01aeb033149ac96aa6",
      "author": "ICE",
      "time": "2019年08月15日 18:41",
      "content": "<p>谢谢李博，您说的很中肯也很诚恳，但这个消息还是让我有点沮丧，我有种希望渺茫的感觉，深圳大大小小的中医馆林立，光梁冬的正安中医馆福田店就有10几个专家中医师，深圳还有南山店等，信息严重不对称的情况下找到一个好的中医师太难了。</p>",
      "level": 0,
      "highlight": false,
      "children": [
        {
          "id": "a810bdf9b88bb29e43f0c82b0769af70",
          "author": "JOJO",
          "time": "2019年08月17日 19:01",
          "content": "<p>深圳坂田的“五味中医馆”的项医生，车公庙这边的“任医生中医馆”的任医生，有没有去看过，口碑都不错，医生也很有医德。</p>",
          "level": 1,
          "highlight": false,
          "children": []
        }
      ]
    },
    {
      "id": "13e8e33a32cdb3f31207ab3c5282fb14",
      "author": "ICE",
      "time": "2019年08月15日 18:55",
      "content": "<p>您说出了问题的关键点，治疗要抓住重点，所以我很羡慕您的这位病人，虽然走了很多弯路，但她是幸运的，因为她最终遇到了您这样优秀专业的中医师。我前天已经去看了中医师，医师说我痰湿重，补不进去，肾脉几乎摸不到，肾阴虚、肾阳虚，即使现在怀孕了也很容易流产，我问她大概要调理多久？3个月还是6个月？她说不好说，要看吸收的情况。我几年的药都吃了，不在乎多吃几个月，我怕浪费了时间又没有效果，所以很着急。</p>",
      "level": 0,
      "highlight": false,
      "children": []
    },
    {
      "id": "8268face26533095bf16073c727e564c",
      "author": "ICE",
      "time": "2019年08月18日 12:50",
      "content": "<p>您说的这两个都没有看过，谢谢推荐，看来还是要多沟通交流才行，自己闷着头找确实很难，再次感谢</p>",
      "level": 0,
      "highlight": false,
      "children": []
    },
    {
      "id": "308ab46d8d4c991773d6cdd057b0d1e2",
      "author": "Jonsong Ku",
      "time": "2019年08月18日 20:25",
      "content": "<p>李醫師您好。雖然盜版倪老師的人紀教材的行為真的很可惡，但任何一件事都有兩面。至少倪老師的醫術讓很多人知道或在臨床上得到真實的體驗–什麼才是一劑知，二劑止–華夏最古老最傳統的醫術。好比吾人，在沒有了解正統中醫前，對西醫和時方中醫還有信心，但了解和體驗過倪老師教授的醫術，可以絕對說經方中醫才是最好的醫術。但是很多人還迷失在西醫和時方中醫中。吾人父母就是如此，特別是家母，小中風（千金三黃湯證），拖到現在半個月，每天吃西藥–降糖降壓的–屢次勸阻–回應一句話–拼死吃西藥（河豚），實在沒辦法。用小續命湯加減–原本肌肉無自覺，現在開始有了，腿部無力開始有一點了。這些都是經方可以做到的。家父腳有腫，但不發紅發燙–接近“痛風”那種，用陰陽辯證開方，二劑下去，顏色從黑–變紅–變黃，腫是消掉了，但寒實之症還是有。家母對此事實-視而不見。依然迷失在西藥和時方中醫–一個簡單事實，吃了10多年西藥和時方中藥-居然還“小中風”，請問這二個醫術是什麼？是治病還是治錢。</p>",
      "level": 0,
      "highlight": false,
      "children": [
        {
          "id": "8cfc6ca6a6e20c594b18bd36bfddfccf",
          "author": "andy",
          "time": "2019年08月20日 11:30",
          "content": "<p>每個人選擇醫療方式，就好像選擇宗教信仰一樣，一旦選擇了一種，就很難保持開放的態度去了解其它的選擇，更何況現在許多網紅大力推薦各種不同、似是而非的治療知識，這只會讓大眾更不相信中醫。</p>",
          "level": 1,
          "highlight": true,
          "children": [
            {
              "id": "34119add0a10826bb0c40d364e5e117b",
              "author": "Jonson Ku",
              "time": "2019年08月22日 05:12",
              "content": "<p>李医师，谢谢回复。家母看溫病中醫是最快的，病人也無詳細敘說，醫師就開處方，5分鐘搞定。這就是偉大的信仰。吾人問家母湯劑喝下情況如何，家母顯得不耐煩。誰之過？是不是死有餘辜，做兒子說這個話不太過。</p>",
              "level": 2,
              "highlight": false,
              "children": []
            }
          ]
        }
      ]
    }
  ],
  "page": 29,
  "order": 4,
  "filename": "data\\page29\\page29_order3_6f0d2b1eae61572f720125612b2b24d9.json"
}