{
  "article_url": "https://andylee.pro/wp/?p=3521",
  "title": "FM 96.1: 傳統中醫解讀台灣嚴重流感",
  "content": "<!--[if lt IE 9]><script>document.createElement('audio');</script><![endif]-->\n<audio class=\"wp-audio-shortcode\" controls=\"controls\" id=\"audio-3521-1\" preload=\"none\" style=\"width: 100%;\"><source src=\"https://andylee.pro/wp/wp-content/uploads/2016/03/drcase_sf_20160315_508-645pm_32m368s_converted.mp3?_=1\" type=\"audio/mpeg\"/><a href=\"https://andylee.pro/wp/wp-content/uploads/2016/03/drcase_sf_20160315_508-645pm_32m368s_converted.mp3\">https://andylee.pro/wp/wp-content/uploads/2016/03/drcase_sf_20160315_508-645pm_32m368s_converted.mp3</a></audio>\n<p>台灣官方統計，由去年七月至今年二月初，流感引發死亡人數達到百人，回想幾年前SARS期間，以及隨後爆發的豬流感、禽流感，感染人數都越發嚴重，主要原因就是抗生素的濫用導致病毒突變速度加快，甚至孩童的感冒症狀，小兒科醫師開立抗生素治療，雖然立刻見效，但是下次罹患流感的機率比一般孩童要高許多，正是因為使用抗生素後，身體的抵抗力會嚴重下降，導至下次治療必須使用更高劑量的抗生素，美國CDC承認流感疫苗的效用很差，一方面針對流感疫苗抗體的預測不準確，再者病毒突變快速，也都是疫苗功效差的原因。抗生素的效用主要是消滅細菌，而病毒是造成流感的病原體，西醫在流感的治療上使用抗生素，主要是身體免疫功能對抗流感病毒之際，抗生素一方面幫助免疫功能對抗細菌的感染，但這也同時損害身體的正常生理系統，現今西醫治療感冒的觀念，大多也不建議藥物的服用了。</p>\n<p>中醫對於感冒的進程研究深入，中醫不談＂病毒　＂，中醫討論＂邪氣　＂，探討身體受邪氣影響產生的變化，可由一開始感冒的症狀，如：流鼻水、怕冷等現象，探討至肺炎（入裡化熱）的機轉過程。中醫認為流感的進程比一般感冒要快很多，一般感冒由外感風寒到入裡化熱（肺炎）進程約兩個星期，但流感的症狀可在兩三天內進展到入裡化熱（肺炎）結果，但這其中的機轉與一般感冒差異不大，考驗的是中醫師是否可以準確的抓準時機治療。</p>\n<p>最近一名病患，一個月前嚴重咳嗽，無法入眠，痰黃濃稠，服用西藥也沒用，閉氣時胸口覺得緊、痛，這是由於＂痰飲　＂積聚在內，氣血運行差，增加胸口的壓力而造成不適，開了＂射干麻黃湯　＂這類較重的湯劑，加上石膏來解決開始肺化熱的情形，一個星期內，症狀減輕了七成，繼續服用較輕的藥物兩星期，症狀只剩一成，患者回頭使用抗生素將剩下的輕微症狀解決。</p>\n<p>對於流感的預防，中醫藉由三焦（水道）系統的通暢，來增強身體的防衛力，類似西醫的淋巴系統，中藥方劑中＂五苓散　＂，可以增加水道系統的循環，或是＂桂枝湯＂平時也可以用來增強抵抗力。</p>\n<p>案例一：陳女士，母親做了MRI檢查出椎間盤突出壓迫坐骨神經，想請問李醫師針灸的治療好嗎？</p>\n<p>針灸不一定可以治療，這回頭需要討論到筋以及肌肉的不平衡，拉扯到骨頭，進而骨質增生，壓迫到神經，針灸、推拿有幫助，但是也需要將年邁患者的肝血調養，讓充足的肝血潤筋，肌肉的拉力一平衡，有時候不需要手術就可以將骨頭復位，解決根本問題。</p>\n<p>案例二：陳女士，１４歲兒子，經常流鼻水，做了過敏檢查並未發現異常，服藥後也沒幫助，想請問李醫師原因？</p>\n<p>中醫認為脾臟主濕，孩童發育不良，身體的濕積聚在鼻腔，就會造成清晨起床鼻水不停，治療起來並不困難，須盡早解決根本原因。</p>\n<div class=\"mejs-button mejs-playpause-button mejs-play\"> 案例三：顧先生，女兒三歲半，去年十二月中開始咳嗽、流鼻涕、喉嚨有痰，想請問李醫師原因？</div>\n<p>目前看來是肺部已經積寒，將肺寒的問題解決後，再者鼻腔咽喉的症狀就容易解決了，小孩使用輕微的中藥即可解決。</p>\n<p><strong>（語音檔案由FM96.1電台提供，文章摘錄自語音檔案內容，部分文字略有異同，敬請見諒。）</strong></p>",
  "article_time": "2016年03月15日 16:33",
  "comments": [
    {
      "id": "c9d01e53c4368e31c423673c1a29a939",
      "author": "王彦强",
      "time": "2018年02月26日 21:15",
      "content": "<p>李医师:2017年末大陆北方爆发流感，小朋友居多，症状多为高烧五它症，高烧有一周都不退的。有一种叫奥司他韦的西药都卖断了，家长到处托人买这种药。我治疗的经验一般用葛根汤加生石膏，在一天内能平稳退热，两天就康复。但有一点，一直没明白高热退掉以后，会有流涕，轻微咳嗽，我想到过桂枝汤加厚朴杏子汤，但孩子都不想再喝药我就改让吃炒干货杏仁，一般也是一天也就症状消失了。</p>",
      "level": 0,
      "highlight": false,
      "children": [
        {
          "id": "3a5a4c7d35c539931c6b4495c58c139e",
          "author": "Jonson Gu",
          "time": "2018年02月27日 14:45",
          "content": "<p>直接证明大陆的中医是伪中医，不能治病只能骗钱的中医。</p>",
          "level": 1,
          "highlight": false,
          "children": [
            {
              "id": "01b192827e2ba00504412019ebf82ed7",
              "author": "王彦强",
              "time": "2018年02月27日 18:54",
              "content": "<p>其实，大陆的中医教材有问题。</p>",
              "level": 2,
              "highlight": false,
              "children": []
            }
          ]
        },
        {
          "id": "0fa3375820bd087d0554c8bc483ae1b3",
          "author": "ieitZYB",
          "time": "2018年02月27日 17:21",
          "content": "<p>为什么不直接在汤药中就加杏仁呢？</p>",
          "level": 1,
          "highlight": false,
          "children": [
            {
              "id": "14fd983f4c948e32314b7878c6468edd",
              "author": "王彦强",
              "time": "2018年02月28日 16:21",
              "content": "<p>发病时不咳嗽，只有高烧，无它症。高热退后，出现了汗出，微咳，流涕。所以用食疗上调节一下。</p>",
              "level": 2,
              "highlight": false,
              "children": []
            }
          ]
        },
        {
          "id": "8dbb5b650334d365c6f06a433d861a50",
          "author": "andy",
          "time": "2018年03月19日 11:46",
          "content": "<p>謝謝分享。</p>",
          "level": 1,
          "highlight": true,
          "children": []
        }
      ]
    }
  ],
  "page": 47,
  "order": 6,
  "filename": "data\\page47\\page47_order5_8dbb5b650334d365c6f06a433d861a50.json"
}