{
  "article_url": "https://andylee.pro/wp/?p=3465",
  "title": "FM96.1：從搖滾巨星去世看中西醫如何治療關節炎",
  "content": "<!--[if lt IE 9]><script>document.createElement('audio');</script><![endif]-->\n<audio class=\"wp-audio-shortcode\" controls=\"controls\" id=\"audio-3465-1\" preload=\"none\" style=\"width: 100%;\"><source src=\"https://andylee.pro/wp/wp-content/uploads/2016/02/drcase_20160202_509-545am_31m41s_converted.mp3?_=1\" type=\"audio/mpeg\"/><a href=\"https://andylee.pro/wp/wp-content/uploads/2016/02/drcase_20160202_509-545am_31m41s_converted.mp3\">https://andylee.pro/wp/wp-content/uploads/2016/02/drcase_20160202_509-545am_31m41s_converted.mp3</a></audio>\n<p>美國著名搖滾樂隊－老鷹樂隊的主唱之一Glenn Frey於當地時間２０１６年１月１８日在紐約去世，享年６７歲，據報導，它是因為風濕性關節炎、結腸炎和肺炎引起的併發症而去世。試想一個需要運用手部的音樂家，受到風濕性關節炎的困擾，必定是很痛苦的，甚至被稱為＂死不了的癌症　＂，至今，還沒有治療風濕性關節炎的有效西藥，臨床上的用藥僅能幫助疼痛降低、活動略增，卻造成腸胃道潰爛的副作用，進一步引發肺炎，也就是是這位搖滾巨星殞落的原因，暫時紓緩了關節炎的疼痛，卻造成得不償失的後果。</p>\n<p>風濕性關節炎的臨床表徵，紅腫熱痛，在文革後的中醫治療方法傾向於＂清熱解毒　＂，服藥後當然會舒緩，不過沒有解決到根本的問題。在傷寒雜病論中提及，身體氣血不暢造成寒濕積聚於骨節，同時在半夜一點開始骨節疼痛劇烈，正符合中醫理論＂陰病發於夜晚＂，既然是陰證就不能當成熱病治療，既然寒濕積聚骨節，可以使用熱藥去寒，再加上利水藥去濕。將＂烏頭　＂蜜炙後，去除藥中的毒性，保留原本的熱性，就可以用來治療寒積的問題，加上白朮、茯苓，利水的中藥解決濕的問題，由基本的辯證論治就可以緩解關節炎患者的疼痛。</p>\n<p>案例一：陳女士，綜合性乾燥症，想請問李醫師造成的原因？</p>\n<p>身體的水液代謝機制運作不良，體內好的水分無法充分被吸收，需要排出體外的廢水沒有排除，就容易產生這種皮膚性的問題，辨症後找到根本原因，治療起來並不困難。</p>\n<p>案例二：王先生，左右兩邊肩頭痠痛，拔火罐的血都是深紅色，想請問李醫師更進一步的診斷？</p>\n<p>目前聽起來是frozen shoulder的症狀，中醫認為到了一定的年齡，氣血衰弱後，容易產生這樣的現象，使用火罐放血釋放患部的壓力，會暫時得到舒緩，但壞處是瀉法容易造成氣血的損耗。一般使用中藥活血化瘀，加上針灸的特定穴位＂條口透承山　＂，配合著運動效過更好，也不必到西醫院打類固醇受罪了。</p>\n<p>案例三：陳女士，父親被診斷活動性風濕性手部關節炎，夜晚發病尤甚，想請問李醫師有沒有辦法緩解疼痛？</p>\n<p>手部的關節炎相較於足膝要容易治療，年邁的病患服用藥物的副作用會更明顯，西藥的服用量也會逐漸增加，需要尋找可信賴的中醫師盡快治療。</p>\n<p>案例四：王先生，想請問中醫對痛風和濕疹的治療效果如何？</p>\n<p>曾經有過痛風的案例，使用重藥可以將患者發痛風的次數大大降低，但初期服藥後會有暈眩的感覺，病患需要躺在床上靜養。皮膚濕疹的原因有很多，經辯證後找出根源治療效果很好。</p>\n<p><strong>（語音檔案由FM96.1電台提供，文章摘錄自語音檔案內容，部分文字略有異同，敬請見諒。）</strong></p>",
  "article_time": "2016年02月02日 17:06",
  "comments": [],
  "page": 48,
  "order": 8,
  "filename": "data\\page48\\page48_order7_1b2491506e0ee4878939775daee6c05a.json"
}