{
  "article_url": "https://andylee.pro/wp/?p=3414",
  "title": "國際醫藥大學 三月六日專題演講",
  "content": "<p><a href=\"https://andylee.pro/wp/wp-content/uploads/2016/02/Screen-Shot-2016-02-21-at-5.36.03-PM.png\" rel=\"attachment wp-att-3413\"><img alt=\"Screen Shot 2016-02-21 at 5.36.03 PM\" class=\"alignnone size-full wp-image-3413\" decoding=\"async\" fetchpriority=\"high\" height=\"139\" sizes=\"(max-width: 928px) 100vw, 928px\" src=\"https://andylee.pro/wp/wp-content/uploads/2016/02/Screen-Shot-2016-02-21-at-5.36.03-PM.png\" srcset=\"https://andylee.pro/wp/wp-content/uploads/2016/02/Screen-Shot-2016-02-21-at-5.36.03-PM.png 928w, https://andylee.pro/wp/wp-content/uploads/2016/02/Screen-Shot-2016-02-21-at-5.36.03-PM-300x45.png 300w, https://andylee.pro/wp/wp-content/uploads/2016/02/Screen-Shot-2016-02-21-at-5.36.03-PM-768x115.png 768w\" width=\"928\"/></a></p>\n<p><strong>國際醫藥大學</strong> (<a href=\"http://www.uewm.edu\">University of East-West Medicine</a>)將於3月6日上午9:00至中午1:00邀請李宗恩博士至本校做專題演講“中醫對重症的治療”。此講座免費開放給大家來參與。機會難得，切勿錯過！</p>\n<p><strong>講座主題：</strong>中醫對重症的治療</p>\n<p><strong>時間：</strong>3月6日，週日，9am~1pm</p>\n<p><strong>地址：</strong>595 Lawrence Expressway, Sunnyvale, CA 94085</p>\n<p><strong>內容簡介：</strong>中醫不僅僅只是治療痛症或做為西醫的輔助醫學，中醫可以幫助很多重症與急症的病人，同時以可以幫助許多現代醫學無法解決的問題。這次的演講授課，李博士以他臨床病例來解釋中醫對重症、急症的治療，連結經典中醫智慧到現代臨床醫學，並深入探討中藥的使用及劑量。</p>\n<p>報名參加此課程請致電國際醫藥大學博士院：408-636-7712 或是 email至lucy@uewm.edu。報名時請告知您的大名和聯繫電話和email郵箱。</p>\n<p> </p>",
  "article_time": "2016年02月21日 17:47",
  "comments": [],
  "page": 48,
  "order": 3,
  "filename": "data\\page48\\page48_order2_4e56aca4061a00aa55348a03366c01e4.json"
}