{
  "article_url": "https://andylee.pro/wp/?p=3847",
  "title": "FM 96.1：中醫解讀：希拉蕊是肺炎、還是良性腦膜瘤？",
  "content": "<!--[if lt IE 9]><script>document.createElement('audio');</script><![endif]-->\n<audio class=\"wp-audio-shortcode\" controls=\"controls\" id=\"audio-3847-1\" preload=\"none\" style=\"width: 100%;\"><source src=\"https://andylee.pro/wp/wp-content/uploads/2016/10/dr-case_20160920_510-544pm_30m12s_converted.mp3?_=1\" type=\"audio/mpeg\"/><a href=\"https://andylee.pro/wp/wp-content/uploads/2016/10/dr-case_20160920_510-544pm_30m12s_converted.mp3\">https://andylee.pro/wp/wp-content/uploads/2016/10/dr-case_20160920_510-544pm_30m12s_converted.mp3</a></audio>\n<p>美國總統選舉日近在眼前，相關候選人的媒體報導新聞也沸沸揚揚，在這僅以中立的立場客觀分析媒體的報導。幾年前媒體報導　希拉蕊腦部有問題，現在又被報導有肺炎，其實在臨床醫學研究，肺癌與乳癌很容易移轉至腦瘤，這在西醫還沒有一個定論來解釋，中醫理論可以解釋這個現象，乳房在中醫屬於＂三焦系統　＂（水道系統）；肺屬金，金生水，肺為水液之源頭，因此中醫認為肺癌和乳癌影響正常水道運作，而腦部的淋巴組織也得由水道系統代謝廢物，而乳癌、肺癌的發生也就阻礙了水道的運作，間接影響腦部淋巴組織代謝。回頭來觀察　希拉蕊　的健康狀況，在幾年前腦部有異常，猜測當時肺部健康情況應該較為虛弱，加上近日選舉的勞累，肺主憂，也加深腦部的負擔，因此媒體報導　希拉蕊的健康情況，肺與腦的問題在幾年內同時出現，對中醫來說也不足為奇了，只是程度範圍就不得而知了。</p>\n<p>良性腦膜瘤的範圍，病理位置不同，對於西醫的棘手程度也有所差異，在接近腦幹部位危險程度較高，對中醫來說一視同仁，用利水的方式通暢腦部的淋巴代謝，臨床上即使良性腦膜瘤沒有立即的生命威脅，但對於腦部的正常運作一定有某程度的影響，可能造成癲癇、思維異常，等現象。</p>\n<p>勞累的身體，加上肺部的虛弱，容易感冒的機會也就大幅提升，而這種情況下沒有適當的休息，由原本的寒證（外感）、膀胱經證、太陽表證，再進一步＂入裡化熱　＂就是肺炎的發生，西醫為了患者能在短時間內恢復，時常使用大量的抗生素將發炎壓制，但卻沒有真正改善肺部所處的環境，所以很容易會復發，再者，大量的抗生素會對肝、腎產生損害，而中醫認為＂腦為髓之海＂，腎主骨、生髓通於腦，當然對腦部也就間接受到傷害。</p>\n<p>案例一：李女士，十歲孩童，咳嗽一個星期，昨天開始咳嗽聲音改變，於藥房自行購買止咳藥，一年發生兩到三次，想請問李　醫師這種情形如何調理？</p>\n<p>西醫止咳藥物無法針對肺部環境問題來改善，只是讓病患暫時覺得舒服能夠有適當的休息，但是肺部根本問題因此而累積，會造成日後感冒的復原能力比常人慢，中醫則是針對恢復肺部應有的環境，自然外來的病毒細菌不適合生長，身體就會自然的痊癒，建議利用秋季，肺的季節，尋找信賴的中醫師將根本問題解決。</p>\n<p>案例二：李女士，家中五十歲女性，心臟有不規律的跳動，有時候心跳忽然加速，想請問李　醫師是否一定要動手術？</p>\n<p>西醫一開始可能會給抗凝血劑減緩心跳，再者利用電擊的方式將心臟恢復規律，再不行就將心臟的神經破壞讓心跳刺激降低，中醫認為心臟搏動加速是心臟＂自救的模式＂，當身體熱能或養分不夠，心臟必須加快跳動的速度，補足匱乏之處，中醫治療起來不難，找到造成心律改變的源頭就可治療。</p>\n<p>案例三：張先生，男性友人六十歲，西醫認為血紅素高，造成血很熱，想請問中醫有沒有辦法治療？</p>\n<p>由於線索不足，依目前症狀猜測是脾臟的問題，中醫認為脾統血，由於脾臟的虛弱造成血球數量、血紅素的異常。</p>\n<p><strong>（語音檔案由FM96.1電台提供，文章摘錄自語音檔案內容，部分文字略有異同，敬請見諒。）</strong></p>",
  "article_time": "2016年09月20日 16:22",
  "comments": [],
  "page": 44,
  "order": 2,
  "filename": "data\\page44\\page44_order1_6bbb8e6ba49276ca75a1d7619c558576.json"
}