{
  "article_url": "https://andylee.pro/wp/?p=5897",
  "title": "FM96.1：寒冷季節注意減輕心臟負擔",
  "content": "<figure class=\"wp-block-audio\"><audio controls=\"\" src=\"https://andylee.pro/wp/wp-content/uploads/2019/06/S-20190307寒冷季節注意減輕心臟負擔.mp3\"></audio></figure>\n<p>（語音檔案由FM96.1電台提供，文章摘錄撰寫中，請稍加等待謝謝。）</p>",
  "article_time": "2019年03月07日 00:09",
  "comments": [],
  "page": 31,
  "order": 4,
  "filename": "data\\page31\\page31_order3_d5159d7bf81aad050e067c3dd104011a.json"
}