{
  "article_url": "https://andylee.pro/wp/?p=3029",
  "title": "FM 96.1：秋老虎逆襲灣區,身體不舒服的要小心",
  "content": "<!--[if lt IE 9]><script>document.createElement('audio');</script><![endif]-->\n<audio class=\"wp-audio-shortcode\" controls=\"controls\" id=\"audio-3029-1\" preload=\"none\" style=\"width: 100%;\"><source src=\"https://andylee.pro/wp/wp-content/uploads/2015/08/dr_case_20150818_508-542pm_29m12s_converted.mp3?_=1\" type=\"audio/mpeg\"/><a href=\"https://andylee.pro/wp/wp-content/uploads/2015/08/dr_case_20150818_508-542pm_29m12s_converted.mp3\">https://andylee.pro/wp/wp-content/uploads/2015/08/dr_case_20150818_508-542pm_29m12s_converted.mp3</a></audio>\n<p>在灣區長年居住的朋友，或許會發現近幾年來除了天氣熱以外，心情上也特別的＂躁　＂，這是由於近年來氣壓的變化不穩定，間接影響到情緒，許多臨床上的病人提到，夜半輾轉難眠，經常半夜汗濕床枕，起床後甚至感到身體虛弱，中醫提及＂心主五液 ＂，心臟主導著身體的津液，當氣溫熱盛，造成心臟負擔，身體就開始排汗降溫，有些人開始覺得虛脫，甚至白天感到忽冷忽熱，特別是平時運動量較少的人，會覺得自己似乎感冒了，也開始有咳嗽的症狀出現，即使喝了水也得不到紓解，這是由於水分需要透過脾胃的吸收，然後再由心陽傳熱至小腸蒸騰大腸的水分而到肺部，因此這個過程中參與的臟腑都必須是健康的狀況才能使肺部得到完整的水分供給。這些問題回歸到最基本的改善方針，就是早睡，於晚間十一點至凌晨一點之間必須入睡，中醫認為這段時間血液歸肝，讓肝臟可以正常的運作，西醫認為這段時間沒有適當的休息，會造成膽固醇代謝紊亂，睡對時間是養生最基本最簡單的原則。</p>\n<p>一到夏天，第一個想到的就是冰品冷飲，實際上天熱飲用冰品在中醫來說是逆行的做法，天熱時，身體的陽氣是外散的，這時候體內是呈現相對冷的狀態，雖然這時候吃點冰品會暫時緩解炎熱的感覺，但是對於身體的影響往往到了一段時間以後才會浮現，因此中醫有一說法：夏天吃薑，冬天吃蘿蔔。這也體現了中醫為一門預防醫學的說法。</p>\n<p>再來談談一名年輕工程師的案例，這名病患某天覺得身體不適到醫護室休息，經檢查發現心跳３８下／分鐘，立刻送往急診室，由於情況特殊轉診四次，西藥無法幫忙他心跳的問題，必須加裝心臟起博器加快心跳，經由朋友介紹到陽氣診所，診斷後發現他的心陽和腎陽都不足，但患者自敘從未感到身體不舒服，那我們如何著手治療呢？生附子，中醫經方派用來強心陽，當＂四逆證　＂四肢手腳冰冷時使用，但臨床上曾經在紅斑性狼瘡的病人身上派上用場，這位病人四肢溫暖，卻在使用生附子一個月後病情進步快速，這例子也告訴我們，身體不會照書上的條文生病，而古書上的條文領略，是需要臨床經驗心領神會。心陽衰弱需要強心，腎陽衰竭導致腎水上泛淹沒心火，而心陽衰弱也會導致腎陽虛弱，心腎互相影響，所以臨床上心腎衰竭到某個程度，就表示一個人的健康情況岌岌可危了。</p>\n<p>西醫藉由電擊刺激心臟的博動能力，而中醫利用根本的方法來恢復心臟的能力，這就是治標治本的相異之處。這位工程師目前還在治療中，靜待西醫確診心臟功能恢復正常水平後，與聽眾分享。也提醒民眾，在這種天氣變化多端，氣壓不穩定的氣候下，若是身體難以適應而感到相當不適，那也就表示身體的調節能力已經出現了問題，得特別留意一下自己的健康情況了。</p>\n<p><strong>（語音檔案由FM96.1電台提供，文章摘錄自語音檔案內容，部分文字略有異同，敬請見諒。）</strong></p>",
  "article_time": "2015年08月18日 14:58",
  "comments": [
    {
      "id": "3bd123ca1cbae2b125c9942c98947b73",
      "author": "送你座帆船",
      "time": "2024年10月17日 10:39",
      "content": "<p>李医师，肺为娇脏很容易受寒热影响，还会有热痰寒痰夹杂的情况，那么为了避免给肺清热太过能不能放甘草干姜汤预防过头呢</p>",
      "level": 0,
      "highlight": false,
      "children": [
        {
          "id": "4e70d3bff12a6422dd77bd9e3f65a571",
          "author": "李宗恩",
          "time": "2024年10月24日 11:38",
          "content": "<p>這得看病人情況而決定，不是為了避免什麼就做什麼。</p>",
          "level": 1,
          "highlight": true,
          "children": [
            {
              "id": "cbb845f157ba8605ac503d90ed3c7700",
              "author": "李梁",
              "time": "2024年10月25日 06:11",
              "content": "<p>宗恩老师，这里病人引擎力量与肾阳都明显不够，但是四肢却是温暖，看着似乎违反了正常人生理病理学的身体运作情况！对于这种情况这里是不是留下伏笔，暗指病人可能有其他的平衡点打乱了整个身体的运作情况！能否一言两语稍微点拨一下！</p>",
              "level": 2,
              "highlight": false,
              "children": [
                {
                  "id": "34f87f5df8a16269966d6b0f32587ee1",
                  "author": "李宗恩",
                  "time": "2024年10月25日 13:06",
                  "content": "<p>沒有違反中醫的生理病理學。陰不足時，陽會無法順利入裡收藏，反而會浮在表面，使得手腳溫熱。譬如，許多年長的女生，身體很虛、很怕冷，腳心卻很燥熱，腎陰虛導致的。</p>",
                  "level": 3,
                  "highlight": true,
                  "children": [
                    {
                      "id": "f5c653b1def4a4eaed01106f78c2e3f7",
                      "author": "李梁",
                      "time": "2024年10月26日 07:36",
                      "content": "<p>谢谢宗恩老师，刚开始我也想到了埋下的伏笔可能就是患者阴的功能也不正常，这里与您另外一篇文章极度寒冷就要使用热药中的案例形成鲜明的对比，虽然是不同病情，情况不一样，但是两者在阴阳上面都有异曲同工之处，这也强调了阴阳的相辅相成，前者是锅里的水没了暂时还没影响到灶台的功能，后者可能是锅里的水不多了进而影响到灶台的温度出现了明显的快关火的现象！</p>",
                      "level": 4,
                      "highlight": false,
                      "children": []
                    }
                  ]
                }
              ]
            }
          ]
        }
      ]
    },
    {
      "id": "c4818602536d594a0872901f6d3a8d2b",
      "author": "小宇宙",
      "time": "2024年10月25日 19:53",
      "content": "<p>老师好，现在中国大陆充满焦虑，三四十岁就出白发的很多，通常情况下，这种因精神焦虑或者长期熬夜导致的过早白发，通过治疗和生活调理，还能转黑吗</p>",
      "level": 0,
      "highlight": false,
      "children": [
        {
          "id": "dfa15fd9739f9fe00c5dd1e44d907f37",
          "author": "李宗恩",
          "time": "2024年10月31日 09:10",
          "content": "<p>一般情況下，可以。</p>",
          "level": 1,
          "highlight": true,
          "children": []
        }
      ]
    }
  ],
  "page": 52,
  "order": 7,
  "filename": "data\\page52\\page52_order6_dfa15fd9739f9fe00c5dd1e44d907f37.json"
}