{
  "article_url": "https://andylee.pro/wp/?p=7814",
  "title": "寰宇新聞網：加州試劑嚴重短缺 燒到40度才能驗",
  "content": "<p>【寰宇新聞】美國疫情急劇惡化，在加州地區為了減輕醫療系統負擔，很多疑似病例得不到照顧，甚至要發燒到40度才能接受檢測，連中醫診所都收到不少求救電話。寰宇新聞特派記者直擊檢測站，也發現許多病人被拒絕篩檢。</p>\n<p><a href=\"http://globalnewstv.com.tw/202004/102512/\">http://globalnewstv.com.tw/202004/102512/</a></p>\n<figure class=\"wp-block-embed-youtube wp-block-embed is-type-video is-provider-youtube wp-embed-aspect-16-9 wp-has-aspect-ratio\"><div class=\"wp-block-embed__wrapper\">\n<iframe allow=\"accelerometer; autoplay; clipboard-write; encrypted-media; gyroscope; picture-in-picture; web-share\" allowfullscreen=\"\" frameborder=\"0\" height=\"281\" referrerpolicy=\"strict-origin-when-cross-origin\" src=\"https://www.youtube.com/embed/LJUkaGdY94Y?feature=oembed\" title=\"加州試劑嚴重短缺 燒到40度才能驗｜寰宇新聞20200402\" width=\"500\"></iframe>\n</div></figure>\n<p>評論：</p>\n<p>美國嚴重缺乏新冠肺炎核酸檢測盒及大量檢測的能力。武漢1月23日封城一個月後，根據CDC資料，到了2月25日，整個美國只有445人接受檢測。即使又經過了一個多月，目前美國依然有很多明顯新冠肺炎症狀的人無法得到檢測。換句話說，美國現在公佈的確診人數，可能遠遠低於真正感染新冠肺炎的人數。</p>",
  "article_time": "2020年04月02日 10:06",
  "comments": [
    {
      "id": "88bd6071bb9f6569df481a6fe2ee4625",
      "author": "shawn",
      "time": "2020年04月02日 20:37",
      "content": "<p>中国政府的执行力，民众的配合度，以及中药的广泛投入，削弱了其他国家地区对这次疫情严重性的判断力</p>",
      "level": 0,
      "highlight": false,
      "children": [
        {
          "id": "92fc20a5415acbe5d9ad20dd4a9ecff2",
          "author": "沈煇峰",
          "time": "2020年04月03日 06:17",
          "content": "<p>説到重點了！</p>",
          "level": 1,
          "highlight": false,
          "children": []
        }
      ]
    },
    {
      "id": "4fe7421d18d4f8b43734ded4b30f4697",
      "author": "罗瑞芳",
      "time": "2020年04月05日 12:51",
      "content": "<p>美国疫情局面有点失控了…</p>",
      "level": 0,
      "highlight": false,
      "children": []
    }
  ],
  "page": 22,
  "order": 3,
  "filename": "data\\page22\\page22_order2_4fe7421d18d4f8b43734ded4b30f4697.json"
}