{
  "article_url": "https://andylee.pro/wp/?p=7775",
  "title": "「連花清瘟」抗新冠病毒？",
  "content": "<p>前幾天，中國領頭抗疫的鍾南山院士發表他團隊的中藥研究，體外實驗顯示「連花清瘟」能抑制新冠病毒複製，發揮抗炎作用。這些消息被很多中文媒體大幅報導，很多華人也覺得總算找到證據說明中藥可以對抗新冠肺炎。</p>\n<p>鍾南山院士團隊的辛苦研究，固然值得大家敬重。然而，這樣真的代表中醫可以治療新冠肺炎嗎？真的解釋了為什麼中醫可以治療新冠肺炎嗎？其實，說句大家不想聽的話，這樣的研究是本末倒置，「廢中醫存中藥」的西醫研究中醫方式，短期內好像在推展中醫，長期卻害了中醫。</p>\n<p>中醫的理論及臨床療效，是建立在望聞問切蒐集病人身體資訊後，藉由中醫的生理及病理學反推病人身體內部的問題，利用中藥、針灸、或其它方法，把病人體內的偏差，推回到比較平衡及正常的狀態。換句話說，中醫很大的一部分是基於改變身體內部環境，而非直接基於細菌、病毒的生物化學反應。許多的中藥方劑，在實驗室體外研究中，找不出什麼確切的證據，臨床效果卻非常良好。</p>\n<p>如果以西藥研究的方式來找尋中藥材中的「有效化學成分」，那不是中醫，西藥廠早在二十幾年前就開始大量研究上千種中藥材內的化學成分，到目前為止，成功製藥的比例仍非常低。而這次對抗新冠肺炎疫情，「體外實驗」顯示有多樣西藥能抑制新冠病毒複製，譬如干擾素、抗伊波拉藥物、抗瘧疾藥物、抗流感藥物等等，在實驗室的環境下，這些西藥大多都比各種中藥方劑更能「抑制新冠病毒複製」，但拿來用在實際臨床治療時，效果卻非常有限，不然疫情也不會如此嚴重。既然連那些「體外實驗」更有效果的西藥在臨床治療上都遇到了瓶頸，那麼「連花清瘟」又怎麼能代表中醫治療新冠肺炎的有效性？</p>\n<p>真的想要研究及推廣中醫對抗新冠肺炎疫情，必須從臨床中醫成功治癒的病例開始，特別是從那些重症、西藥治療效果非常有限的病例來著手，聽從有成功病例中醫師們的思路及治療方法，大幅推廣到更多的確診病人，從大量的臨床病例來驗證中醫的療效，事後再做各種研究來「解釋」中醫療效背後的機制。而不是反向的在實驗室內做許多的「體外實驗」，找尋什麼中藥方劑有「抑制病毒複製的化學成分」，那樣是枉費了中醫的智慧，也無視實際上已經有很多純中醫治癒的病例，這樣的閉門造車，留給西藥廠去慢慢研究，不要耽誤了中醫抗疫的推展，更不要把中醫誤導進入了「廢中醫存中藥」的死胡同。</p>\n<p>或許有讀者會說，既然「連花清瘟」有「體外抑制新冠病毒複製的實驗證明」，那麼先服用了也無妨，大不了沒有效果。真的「無妨」嗎？「連花清瘟」的成分為：連翹、金銀花、炙麻黃、炒苦杏仁、石膏、板藍根、綿馬貫眾、魚腥草、廣藿香、大黃、紅景天、薄荷腦、甘草，以清熱解毒為治療方向。這次新冠肺炎輕症病人，很多表現出「葛根湯證」、「小青龍湯證」的表寒裡寒症狀，服用這樣清熱解毒藥材的組合，反而有可能讓病情加重。對肺家輕微發熱的病人，這樣清熱解毒藥材的組合或許有些幫助，然而，這次新冠肺炎和SARS非典肺炎很不一樣，很多病人並沒有像非典肺炎那樣導致肺痿、肺纖維化，反而是肺家積聚了大量的濃稠液體、痰飲，偏向中醫的「射干麻黃湯證」、「葶藶大棗瀉肺湯證」等，如果病情發展到這樣的中重症階段，「連花清瘟」不但沒有效果，反而可能會導致更多的問題。</p>\n<p>我們並不是說「連花清瘟」沒有道理、沒有效果，而是強調這樣的方劑只適合某一部分的病人，不能因為「體外實驗顯示抑制新冠病毒複製」，就以為找到了答案，大量給各種不同症狀表現的病人。而這樣的實驗室研究，是以西藥的方法來研究中藥，「廢中醫存中藥」的思維不但不會幫助中醫推廣，反而會導致中醫的滅亡，更不用說能治癒中重症新冠肺炎病例。</p>",
  "article_time": "2020年03月26日 12:39",
  "comments": [
    {
      "id": "d42c3ad98b3f2e85d28e52d9fb3a5b3f",
      "author": "逍遙大夫",
      "time": "2020年03月26日 18:13",
      "content": "<p>同意啊, 中醫強調辨證論治,<br/>\n同一條方子, 並不適合所有人的…..</p>",
      "level": 0,
      "highlight": false,
      "children": []
    },
    {
      "id": "d866d29e4a9131c2ffff13ef244c3068",
      "author": "趙建發",
      "time": "2020年03月26日 20:01",
      "content": "<p>鍾南山院士是西醫，不懂中醫的說中藥這是必然的結果，大陸還是西醫的天下！</p>",
      "level": 0,
      "highlight": false,
      "children": []
    },
    {
      "id": "1aef8bdb4c7b42cd7e43991fccb159e0",
      "author": "叶建城",
      "time": "2020年03月26日 20:54",
      "content": "<p>中医离开阴阳五行，八纲辩证都是耍流氓。</p>",
      "level": 0,
      "highlight": false,
      "children": []
    },
    {
      "id": "e935792cb1297ad63533097d3b9cc3fb",
      "author": "shawn",
      "time": "2020年03月26日 22:27",
      "content": "<p>事实而论，这次很多轻证表现了麻石甘石汤证，肌肉痛，发烧，口渴，喉咙痛。四川那边也有报道用麻杏石甘汤效果很好。<br/>\n这个中成药是临床实验得出来的，并不是某人团队这种体外实验出来的。他只是西医。再加上媒体扇风引火。。</p>",
      "level": 0,
      "highlight": false,
      "children": [
        {
          "id": "62e2ac4e6769e6619fbccb5bfde229a2",
          "author": "李宗恩",
          "time": "2020年03月27日 22:34",
          "content": "<p>麻杏甘石湯證常常是表寒入裡後輕微化熱，在看到麻杏甘石湯證前，很常先看到葛根湯證、小青龍湯證。</p>",
          "level": 1,
          "highlight": true,
          "children": []
        }
      ]
    },
    {
      "id": "627f55114de23a669d255b1933c90ea5",
      "author": "Gary",
      "time": "2020年03月27日 01:47",
      "content": "<p>宗恩老師好，幾天沒來報道了。感覺這次中招的病人大體都是宅男型，熬夜，飲食不規律，不運動，濕氣重，肺寒，就算年輕人也不能倖免的樣子</p>",
      "level": 0,
      "highlight": false,
      "children": []
    },
    {
      "id": "75acff967ff3c344fec44e4e0a3c1548",
      "author": "wang",
      "time": "2020年03月27日 02:17",
      "content": "<p>看到李医师文章了，已买到咱诊所的预防方和治疗方了，通过您的采访视频知道您预防方的思路，治疗方不太明白。感谢您的帮助</p>",
      "level": 0,
      "highlight": false,
      "children": []
    },
    {
      "id": "edcc8426dffc5aaa774c9aa0c9c81d7b",
      "author": "中醫愛好者",
      "time": "2020年03月27日 14:54",
      "content": "<p>其實台灣也一樣，重西醫輕中醫 很多中醫學院上的都</p>\n<p>是西醫的生理學病理學，完全不是用中醫的方法來看</p>\n<p>人體 ，更有聽說是西醫來上中醫的課，像我前陣子要</p>\n<p>去藥房買一個生半夏，他們都沒有，都只有所謂的制</p>\n<p>半夏，制半夏根本是藥渣，一點效都沒有，有時要去</p>\n<p>除喉嚨的痰飲，肺部的痰飲，還真的要生半夏不可， </p>\n<p>大部分中醫今天治不好病，甚至連一個咳嗽都常治不好，說</p>\n<p>實在的，是自己把自己的雙手雙腳給斬斷</p>",
      "level": 0,
      "highlight": false,
      "children": [
        {
          "id": "96a50cdfece7853ac349af08dc936b80",
          "author": "李宗恩",
          "time": "2020年03月27日 22:38",
          "content": "<p>無論台灣或大陸，中醫藥學系的中醫教育有很大的問題，很多中醫教授自己臨床都看不好什麼重症急症，自己感冒了就馬上吃抗生素，靠著實驗室小白鼠實驗來寫論文升等，這樣的中醫教授如何能教導出好的中醫師？</p>",
          "level": 1,
          "highlight": true,
          "children": []
        }
      ]
    },
    {
      "id": "81d2b4a712f8691174aa99733104a87c",
      "author": "倪师粉丝",
      "time": "2020年03月27日 20:38",
      "content": "<p>李医生，请教一个问题，倪师说过，中医不立病名，是因为立病名，会让疾病的定义更为狭隘，符合老子所谓的名可名非常名。</p>\n<p>名可名，非常名。这六个字到底该怎么理解？李医生能否帮忙解答一下？不一定从非要从中医的角度来解释，也可以从世间万物的角度来解释，谢谢！</p>",
      "level": 0,
      "highlight": false,
      "children": [
        {
          "id": "c4c7928ece6bcc1cf01befe5a633b5eb",
          "author": "倪师粉丝",
          "time": "2020年03月27日 20:46",
          "content": "<p>我知道中医治病不用看西医的病名，只看症状。但是我对“名可名非常名”这六个字还是没有彻底理解，百度的答案我也不满意，请李医生指点</p>",
          "level": 1,
          "highlight": false,
          "children": [
            {
              "id": "935d20e820128af5d58036d52f0999f8",
              "author": "李宗恩",
              "time": "2020年03月27日 22:42",
              "content": "<p>你問這個問題，對你目前學習中醫沒有什麼意義，不要一開始就把中醫搞得那麼玄，務實的從臨床來學習。等到你臨床經驗多了、人生智慧增長了，再去討論這樣的哲學問題。到了那個時候，你不需要問我，你自己能體會出其中的意義。</p>",
              "level": 2,
              "highlight": true,
              "children": [
                {
                  "id": "01c6d9826d3d0d09e53cc0ea3c5879b4",
                  "author": "倪师粉丝",
                  "time": "2020年03月28日 18:43",
                  "content": "<p>好的，谢谢李医生的指点</p>",
                  "level": 3,
                  "highlight": false,
                  "children": []
                },
                {
                  "id": "06bdc7041d65510c28ad5a1c72e8ea56",
                  "author": "李梁",
                  "time": "2024年05月11日 20:35",
                  "content": "<p>宗恩老师说的太好了，中医的务实非常重要，成天整那一套玄学，高深的东西大可不必！</p>",
                  "level": 3,
                  "highlight": false,
                  "children": []
                }
              ]
            }
          ]
        }
      ]
    },
    {
      "id": "4bcf39f67f8e99a6878e1540bd91f3c8",
      "author": "汪汪",
      "time": "2020年03月28日 12:10",
      "content": "<p>請問李博士，洋人似乎轉重症機率高很多，不知是否因飲食習慣造成體質偏性所致? 例如食奶製品多，飲酒多?</p>",
      "level": 0,
      "highlight": false,
      "children": [
        {
          "id": "810821fac9e691d406aaf2823e3b4a0d",
          "author": "李宗恩",
          "time": "2020年03月28日 21:58",
          "content": "<p>目前看到的報導，歐美白人轉重症的確實好像比較多，原因仍不確定，但是，生活飲食習慣及長期服用西藥可能為原因之一。</p>",
          "level": 1,
          "highlight": true,
          "children": []
        },
        {
          "id": "1e2378845424e085f94156e8050608ec",
          "author": "shawn",
          "time": "2020年03月29日 02:15",
          "content": "<p>我觉得一是老龄化问题，二是大陆方舱医院大规模投入中药（90%以上患者），中国政府援助意大利并没有用上中药 有法律问题，据说正在研究</p>",
          "level": 1,
          "highlight": false,
          "children": []
        }
      ]
    },
    {
      "id": "5cb44735c4d210dafda10fd2dd9824bd",
      "author": "Oboe",
      "time": "2020年03月28日 07:40",
      "content": "<p>良藥苦口。雖然有人不願意聽，但是非常需要李醫師正本清源。<br/>\n鍾南山院士不懂中醫，只能以西醫的思路去審視，偏差遠矣。</p>\n<p>宇宙浩瀚。人類的認知彷彿盲人摸象，坐井觀天。<br/>\n可惜這個社交媒體氾濫的時代，芸芸眾生偏食資訊，還自以為是，彼此相輕。<br/>\n這也是為什麼人類社會分歧越來越大。<br/>\n頭腦感染的虛假片面認知病毒，比Covid19還要嚴峻。</p>\n<p>怎麼辦呢？<br/>\n1. 終極的檢驗標準就是實踐。<br/>\n2. 思考不同、甚至相反的見解，避免偏食。<br/>\n3. 盡量汲取第一手信息，避免以訛傳訛。<br/>\n4. 如果沒有第一手的信息，只好冒險聽取其他的來源。盡量找可信度比較高的，而且僅限於在這個來源所擅長，值得相信的領域。聽信鐘院士對蓮花清瘟的判斷，就超出了他值得相信的領域。<br/>\n5. 多方鑑別，從不同的來源，不同的語言的報導來比對。</p>\n<p>簡單來說，有點像法庭取證。</p>",
      "level": 0,
      "highlight": false,
      "children": []
    },
    {
      "id": "a8409e87f55322b652922aa508cdb85b",
      "author": "王守龍",
      "time": "2020年03月28日 10:19",
      "content": "<p>宗恩老師，麻煩請教您對白雲閣藏版的《傷寒雜病論》怎麼看？學生這幾年一直在看呢！</p>",
      "level": 0,
      "highlight": false,
      "children": []
    },
    {
      "id": "b85373bc76aed265a87b7f4f5c7d30c5",
      "author": "Joyce",
      "time": "2020年03月28日 22:40",
      "content": "<p>請問李醫師，這段時間診所還是正常看診嗎？</p>",
      "level": 0,
      "highlight": false,
      "children": [
        {
          "id": "97f02e54be305bd7a328363e7bd6d899",
          "author": "李宗恩",
          "time": "2020年03月29日 09:15",
          "content": "<p>診所正常看診。</p>",
          "level": 1,
          "highlight": true,
          "children": []
        }
      ]
    },
    {
      "id": "25adcd8fefd1a2b878c6d10ee55ede11",
      "author": "無為",
      "time": "2020年03月29日 07:07",
      "content": "<p>李博士，看一些消息报道，新冠病毒对男性生殖器会有影响，你是怎么看待这个问题的，能简单分析下吗?</p>",
      "level": 0,
      "highlight": false,
      "children": [
        {
          "id": "3982a5beafc17f1e466cc779ecd6b4d3",
          "author": "李宗恩",
          "time": "2020年03月29日 20:35",
          "content": "<p>如果肝腎受到傷害，自然有可能導致生殖方面的問題。</p>",
          "level": 1,
          "highlight": true,
          "children": []
        }
      ]
    },
    {
      "id": "0a9255fc547e67505f3097d46e2690ad",
      "author": "無為",
      "time": "2020年03月29日 07:26",
      "content": "<p>最近美国病例增长那么迅速，以及经济重创，望李博士在美注意防护，注意安全。</p>",
      "level": 0,
      "highlight": false,
      "children": [
        {
          "id": "f9ca5825d0a24b025b5eee76f7aa9daf",
          "author": "李宗恩",
          "time": "2020年03月29日 20:39",
          "content": "<p>謝謝你的關心。</p>",
          "level": 1,
          "highlight": true,
          "children": []
        }
      ]
    },
    {
      "id": "cbaa934a65528ddfa9ff06801262f290",
      "author": "廖欣强",
      "time": "2020年03月30日 02:23",
      "content": "<p>李博士的观点真的比钟老仙升的观点高了N个层次，钟老仙升的观点里面夹杂着太多资本家的想法了，他说话的眼神里充满了极度的自我怀疑，丝毫没有王毅外长那坚毅自信的眼神。他作为一个活了大半辈子中国人，还没活明白？<br/>\n另外我在没经过您的同意下，私自将您的观点转载到了个人QQ空间，但也已经注明了转载出处，望您谅解。我就是希望 让更多的朋友，能接收到这种正确的中医观念，这样才是对正统医学的认可，谢谢！</p>",
      "level": 0,
      "highlight": false,
      "children": [
        {
          "id": "b3c59ce7bba984330a550fefc6af30f4",
          "author": "李宗恩",
          "time": "2020年03月30日 10:57",
          "content": "<p>中國好幾個網群本來轉載，但是看到許多其它評論鍾院士的文章被微信刪除，他們怕被網群被封，詢問我之後，把這篇的轉載撤了。</p>",
          "level": 1,
          "highlight": true,
          "children": []
        }
      ]
    },
    {
      "id": "afce91279d0c96fec7bebfa4ef4d7e27",
      "author": "淳賓",
      "time": "2020年03月30日 07:14",
      "content": "<p>鐘院士之前一直在說沒有證據顯示中藥能治癒新冠肺炎，但其實有很多實際案例放在他的眼前也不理會，一直在堅持要先找到證據，我覺得這有點本末倒置，他應該先承認中醫中藥能夠治愈新冠肺炎（有這麼多實例放在眼前）之後他要做研究是他的事情</p>",
      "level": 0,
      "highlight": false,
      "children": [
        {
          "id": "7c3a344dcf4c843fc3570d563c013cf6",
          "author": "李宗恩",
          "time": "2020年03月30日 11:02",
          "content": "<p>這背後可能有很多政治因素，超過醫學的考量。</p>",
          "level": 1,
          "highlight": true,
          "children": []
        }
      ]
    },
    {
      "id": "d57f76d8a80fb84ce962f4a9fa860762",
      "author": "麻黃",
      "time": "2020年03月31日 23:02",
      "content": "<p>某南山是高級中醫黑</p>",
      "level": 0,
      "highlight": false,
      "children": []
    },
    {
      "id": "04bd6f6890b7a3d8c7b83b26e89b426e",
      "author": "沈煇峰",
      "time": "2020年04月01日 07:06",
      "content": "<p>讀您的文章使我受益良多。請教李醫師，此次的新冠肺炎有部分患者的症狀表現似乎是以胃腸問題為主，肺功能的問題反而不是很嚴重，想聽聽您對其病機及治療的看法，謝謝！</p>",
      "level": 0,
      "highlight": false,
      "children": [
        {
          "id": "a24d19907ab30b207b714517f6f0b47c",
          "author": "李宗恩",
          "time": "2020年04月03日 10:32",
          "content": "<p>葛根湯證轉為葛芩連湯證，再發展出各種中焦的問題。這個在一般感冒及流感也常看見。</p>",
          "level": 1,
          "highlight": true,
          "children": [
            {
              "id": "8c1b7be400b7c5d64194a9c1419afab9",
              "author": "沈煇峰",
              "time": "2020年04月03日 19:33",
              "content": "<p>感謝李醫師！希望日後有機會和榮幸向您學習，發掦中醫！</p>",
              "level": 2,
              "highlight": false,
              "children": []
            }
          ]
        }
      ]
    },
    {
      "id": "a5ac3534ad0ae306ab091a7281ce7a4e",
      "author": "求助李医生帮助解答疑惑",
      "time": "2020年04月03日 22:30",
      "content": "<p>李医生您好，上次您千聊中说有一位脑积水的孩子你们用小建中汤，加五苓散，就可以强脾胃，然后再通过脾脏把积水带出。我回去给孩子用了小建中汤，加五苓散结果孩子两天不大便。她本来就大便不好，孩子心包经好像不太通，还有耳鸣现象，每天8点多会哆嗦一下，（害怕是癫痫）小便也不多。现在能继续用小建中汤吗？</p>",
      "level": 0,
      "highlight": false,
      "children": [
        {
          "id": "a92f9e433e5b8b8811ba44aa93e5b399",
          "author": "李宗恩",
          "time": "2020年04月05日 21:14",
          "content": "<p>不要自己隨便給小孩子試中藥，不是聽到一個什麼病例就照抄。我不在網上看診，也無法一一回答這樣的詢問。</p>",
          "level": 1,
          "highlight": true,
          "children": []
        }
      ]
    }
  ],
  "page": 22,
  "order": 6,
  "filename": "data\\page22\\page22_order5_627f55114de23a669d255b1933c90ea5.json"
}