{
  "article_url": "https://andylee.pro/wp/?p=7827",
  "title": "幾段短片的英文字幕",
  "content": "<p>感謝幾位熱心朋友的幫忙，為幾段短片加了英文字幕，方便不懂中文的社群傳閱，期望能幫到更多的人。翻譯短片內的字句，是件繁雜耗時的事情，幾位翻譯人士沒有太多時間，也急於儘早推出來幫助對抗疫情，而我個人也沒有時間校對，如果英文翻譯上不盡完善，還請大家見諒。</p>\n<p><strong>Treating Severely ill COVID-19 patients using TCM</strong>  – English subtitled by Wong’s Acupuncture P.C. (NY) and Tammy Huang, L.Ac.</p>\n<figure class=\"wp-block-embed-youtube wp-block-embed is-type-video is-provider-youtube wp-embed-aspect-16-9 wp-has-aspect-ratio\"><div class=\"wp-block-embed__wrapper\">\n<iframe allow=\"accelerometer; autoplay; clipboard-write; encrypted-media; gyroscope; picture-in-picture; web-share\" allowfullscreen=\"\" frameborder=\"0\" height=\"281\" referrerpolicy=\"strict-origin-when-cross-origin\" src=\"https://www.youtube.com/embed/uyjn6ioZisc?feature=oembed\" title=\"Treating severely ill Covid 19 patients using TCM\" width=\"500\"></iframe>\n</div><figcaption><br/></figcaption></figure>\n<p><strong>How to prevent COVID-19 using TCM?</strong> – English subtitled by Wong’s Acupuncture P.C. (NY) and Tammy Huang, L.Ac. </p>\n<figure class=\"wp-block-embed-youtube wp-block-embed is-type-video is-provider-youtube wp-embed-aspect-16-9 wp-has-aspect-ratio\"><div class=\"wp-block-embed__wrapper\">\n<iframe allow=\"accelerometer; autoplay; clipboard-write; encrypted-media; gyroscope; picture-in-picture; web-share\" allowfullscreen=\"\" frameborder=\"0\" height=\"281\" referrerpolicy=\"strict-origin-when-cross-origin\" src=\"https://www.youtube.com/embed/6PViTaWeD7g?feature=oembed\" title=\"How to prevent Covid 19 using TCM? Dr. Andy Lee shared his recommended formulas.\" width=\"500\"></iframe>\n</div></figure>\n<p><strong>CCTV-4 Special Report on TCM Solutions for Coronavirus</strong> – English subtitle provided by Fei-Fei Liu L.Ac.</p>\n<figure class=\"wp-block-embed-youtube wp-block-embed is-type-video is-provider-youtube wp-embed-aspect-16-9 wp-has-aspect-ratio\"><div class=\"wp-block-embed__wrapper\">\n<iframe allow=\"accelerometer; autoplay; clipboard-write; encrypted-media; gyroscope; picture-in-picture; web-share\" allowfullscreen=\"\" frameborder=\"0\" height=\"281\" referrerpolicy=\"strict-origin-when-cross-origin\" src=\"https://www.youtube.com/embed/mKIcigVXB-k?feature=oembed\" title=\"Solution for Coronavirus -- over 94% successful rate -English version\" width=\"500\"></iframe>\n</div></figure>",
  "article_time": "2020年04月02日 20:49",
  "comments": [
    {
      "id": "569ce77dcf9102ad2c0c4a1f0fc43ca4",
      "author": "罗瑞芳",
      "time": "2020年04月05日 12:53",
      "content": "<p>善举！</p>",
      "level": 0,
      "highlight": false,
      "children": []
    }
  ],
  "page": 22,
  "order": 2,
  "filename": "data\\page22\\page22_order1_0176790a4c770d6e6381d9068a510d38.json"
}