{
  "article_url": "https://andylee.pro/wp/?p=8846",
  "title": "川普的新冠治療",
  "content": "<p>美國川普總統感染新冠肺炎，住院短短三天後出院，雖然川普總統的「出院」離「痊癒」還有一大段距離，這樣快速的進展讓很多醫學人士及一般大眾非常好奇，紛紛討論這位歐美國家中最有權力的人物，到底是接受了怎麼樣的治療方法。</p>\n<p>依據各種新聞報導及醫學評論，以及我和幾位西醫專家的討論，簡單來說，川普總統接受了三個步驟的治療。第一個步驟是Regeneron製藥公司的「多株抗體雞尾酒療法 REGN-COV2」，讓病人體內的抗體數目大幅增加，期待抗體和病毒RNA結合，阻止或減緩病毒RNA竊取人體細胞而大量複製，減少體內病毒的數量，並改善病人症狀。第二個步驟是使用Gilead製藥公司的「瑞德西偉 Remdesivir」，期待減緩新冠病毒複製，縮短病人康復時間。第三個步驟是使用皮質類固醇「地塞米松 Dexamethasone」，人體免疫系統盲目混亂地抵抗病毒時，造成體內大規模的發炎現象，可能嚴重損傷人體器官，「地塞米松 」是用來治療關節炎及其它免疫系統疾病的消炎藥。另外，根據白宮新聞公告，川普總統還服用了阿斯匹靈 Aspirin、抗組織胺及制酸藥 Famotidine、褪黑素 Melatonin、維他命Ｄ、鋅補充劑等等。</p>\n<p>如果這樣的治療方式有效，為什麼不拿來治療所有的新冠肺炎確診病人？問題沒有那麼單純，除了主要藥物的價格不菲外，那些藥物都是特殊性質、一刀兩刃的藥物，使用的時機、先後順序、劑量等等都非常關鍵，稍有偏差，不但沒法逆轉病情，可能還會導致更嚴重的問題。因此，即使川普總統真的因此而痊癒，也不代表可以大規模地使用在幾十萬、幾百萬個確診病患身上。</p>\n<p>另外，川普總統的治療突顯出西醫學及西藥研發的巨大困境。很多人認為西醫「明明白白」、中醫「模糊不清」，總以為西藥的作用有很清楚的病理及生物化學解釋，「A造成B，B造成C，把病因阻隔了，病情就控制了」，其實，這樣的認知往往是錯誤的。美國食品藥物管理局（FDA）藥物申請過程，以「安全性」及「有效性」為考核標準，「安全性」不太需要解釋，讀者大概都知道是什麼意思，重點在於「有效性」是如何建立了。</p>\n<p>西藥研發的過程中，當然得對疾病的原因有基本的認識，也對治療方法有些概念，不能隨便亂猜，不然龐大的研發經費將付諸流水。但是，理論歸理論，「有效性」的考核不在於醫理的解釋，而是臨床試驗的結果。換句話說，FDA並不在乎你的理論有多合理、多深入，只要你的臨床試驗效果超過現有的醫療方法及安慰劑作用（placebo effect），「安全性」又在權衡下的合理範圍內，你的藥物就被核准上市。另一方面，這二三十年來，西藥研發的費用攀升了十倍、百倍，「簡單疾病」的西藥也早被各個西藥廠給掌控了，新西藥的研發變得非常困難。怎麼辦？最直接的辦法就是拿現成的「舊藥」來試一試各種「新問題」，「安全性」的評估在當初「舊藥」研發時就已經通過FDA審核，現在只需要找些病人來臨床試驗「新問題」。如果運氣好，臨床試驗顯示出一些效果，那又是幾百億、幾千億美金的市場，如果運氣不好，臨床試驗沒有什麼效果，經費損失遠小於動輒幾十億美金的新藥研發。至於，這些「舊藥」治療「新問題」的理論基礎、生物化學的來龍去脈，只要能通過FDA的臨床試驗，沒有多少人會關心，更不用說實際治療大量病人的效果及尚未察覺的副作用，那可能要等到十年後出了問題，才會有人拿出來討論。</p>\n<p>這樣的「Trial and Error （反覆試驗改錯)」，正是歐美國家應付新冠肺炎的方法，而川普總統的治療是其中最被大家關注的試驗。不過，事情總有兩面，這樣各種西藥治療新冠肺炎的臨床試驗，其實也適用於中藥方劑的審核。「大青龍湯」、「射干麻黃湯」等中藥方劑內的各個中藥材早就被FDA准許使用，很容易通過「安全性」的審核，然後再找個幾十位新冠確診病人來做中藥方劑的「雙盲測試」，只要效果在某個程度以上，FDA一樣會准許上市，是不需要解釋為什麼這麼一堆花花草草可以治療新冠肺炎的！很可惜，「雙盲測試」的費用對大西藥廠來說沒什麼，對中醫師、中醫診所而言，卻是一筆龐大的經費，沒有投資基金或政府機構的支持，是很難付出實踐的。</p>\n<p>這裡再提一個插曲。上週我和心臟內科醫生見面討論，心臟內科醫生很感慨地說，西醫臨床治療比一般人想像的混亂很多。他以血液凝結為例子，心臟內科醫學有好幾個驗血指標來判斷病人血液凝結的可能性及速度，卻沒有一個指標真的「準」，心臟外科醫生根本不看這些指標。那麼，心臟外科醫生開刀時怎麼做決定？很簡單，病人麻醉後，直接在病人身上劃一刀，看看多少秒內可以凝血，最實際也最可靠！我問心臟內科醫生那些凝血指標怎麼來的，他說某位醫學專家做了某個研究、發表了某篇論文，然後大家就直接把論文的結論應用到臨床治療，西藥研發也以提高或壓低論文中的「指標」為目標。直到某一天，另外一位醫學專家做了某個研究、發表了某篇論文，推翻了原來的理論，大家才轉向，換成以新的「指標」來治病。更麻煩的是，許多情況下，一部份的人相信舊的理論，一部份的人相信新的理論，學術界因而產生了不同的學派，臨床醫生也因而採取差異很大的治療方法。各說各話，就好像美國心臟科學會幾年前把高血壓標準放鬆，認為血壓會隨著年紀增長而自然提高，六十歲以上的人血壓150，不是什麼太大的問題。結果，不到兩年，心臟科學會高層改選後，立即把高血壓標準大幅壓低，不但不承認血壓隨著年紀增長而提高為正常的，反而把正常血壓標準訂的比幾年前更低，當然，馬上也就有更多病人被醫生要求長期服用高血壓藥物！</p>",
  "article_time": "2020年10月07日 21:21",
  "comments": [
    {
      "id": "974075d5bd94a8e9f4a13934bade0b1d",
      "author": "明遠",
      "time": "2020年10月07日 21:46",
      "content": "<p>謝謝李醫師詳細的說明，辛苦了!</p>",
      "level": 0,
      "highlight": false,
      "children": []
    },
    {
      "id": "65461b3142ffcb36e95e19b468a8a1fe",
      "author": "fang",
      "time": "2020年10月07日 22:52",
      "content": "<p>感谢李医师又快又准确的分析，让我们的疑惑得已解答</p>",
      "level": 0,
      "highlight": false,
      "children": []
    },
    {
      "id": "0359e32d40dc5e598b8c0585a890c62f",
      "author": "Andrew Wong",
      "time": "2020年10月08日 12:30",
      "content": "<p>西医缺乏一个统一又整体的医理，因此不同的西医专家有自己的不同意见，要看哪一个专家有说服力。</p>\n<p>经过时间的考验，另一个专家推翻了前一个专家的医理。</p>\n<p>这也是我对从109年自闭症的发现到今天的分析，关于西医医学对此障碍的发展与研究的过程。</p>\n<p>虽然白多年前的自闭症理论被推翻了，到如今西医还是没有正确的病因的解释。</p>\n<p>我的分享，黄帝内经，不只能解释自闭症各种的障碍，也提供调理的方法。</p>\n<p>有兴趣的人可以参加</p>\n<p>自闭症 ： 从理解到解决行动<br/>\n（不同角度了解自闭症，需要新的思维模式。）</p>\n<p><a href=\"https://www.udemy.com/course/spectrum/?referralCode=78E4E48FE1FA12E3EA07\" rel=\"nofollow ugc\">https://www.udemy.com/course/spectrum/?referralCode=78E4E48FE1FA12E3EA07</a></p>",
      "level": 0,
      "highlight": false,
      "children": []
    },
    {
      "id": "6c0268b987d0c2c7c92eaabef7f60c47",
      "author": "fang",
      "time": "2020年10月08日 02:58",
      "content": "<p>李医师你好今天在听倪师讲奶水月事的关系，倪师讲女人喂奶期间没有月事仍可以怀孕因为卵和月经不是一回事，按照这个思路女人到停经年龄后，为什么不能怀孕，或者说有一部分人没有月经也会导致不能怀孕，感觉上月经和卵还是有关系，希望能得到您的解答</p>",
      "level": 0,
      "highlight": false,
      "children": [
        {
          "id": "cd74861840c7d90f974295c0a5d7ded2",
          "author": "李宗恩",
          "time": "2020年10月08日 15:58",
          "content": "<p>黃帝内經：「七七任脈虛，太衝脈衰少，天癸竭，地道不通，故形壞而無子也。」女人更年期停經為天癸竭是一個現象，不是因爲停經而不能懷孕，而是因爲天癸竭而不能懷孕。</p>",
          "level": 1,
          "highlight": true,
          "children": [
            {
              "id": "bb27e444de15997fc5d2c1167ad5b281",
              "author": "fang",
              "time": "2020年10月11日 01:12",
              "content": "<p>感谢李医师耐心解答，现在进入秋冬季节雾霾天开始出现，对我们的肺是很大的挑战，现在肺部结节经常听到的话题，还请教李医师肺结节的根本原因是什么，中医治疗效果怎么样，非常感谢</p>",
              "level": 2,
              "highlight": false,
              "children": [
                {
                  "id": "48fb102de432d25034f6a39ba79e38cc",
                  "author": "李宗恩",
                  "time": "2020年10月16日 13:04",
                  "content": "<p>中醫可以幫助西醫所謂的肺結節，但不以西醫病名來診斷。</p>",
                  "level": 3,
                  "highlight": true,
                  "children": [
                    {
                      "id": "3cd9551e0d0074c6a9c6989b489702eb",
                      "author": "JL",
                      "time": "2022年06月08日 08:16",
                      "content": "<p>請教李醫師：<br/>\n1.針對西醫所謂的「肺結節」，在您臨床中醫治療的經驗中有那些典型症狀可以用來輔助診斷 ?<br/>\n2.台灣目前積極推動「低劑量CT」為高風險族群早期肺癌的普篩工具，您認為是否恰當 ? 其原因為何 ?</p>",
                      "level": 4,
                      "highlight": false,
                      "children": []
                    },
                    {
                      "id": "20c0b0b34a65f74664815272c9fef161",
                      "author": "李宗恩",
                      "time": "2022年06月10日 13:01",
                      "content": "<p>肺結節是西醫的診斷名稱，中醫要辨證論治，不要反過來以西醫病名來想中醫有什麽症狀、怎麽治療。關於低劑量CT，中醫不需要CT檢查也知道哪些病人有高風險及如何預防。</p>",
                      "level": 4,
                      "highlight": true,
                      "children": []
                    },
                    {
                      "id": "a5b3d425e9350468c00c8ef8867fd758",
                      "author": "Vivi",
                      "time": "2022年06月10日 18:21",
                      "content": "<p>跟李醫師分享，CT檢查目前有不少西醫專家抱持質疑甚至反對意見，主要原因「高伪陽性、檢查與後續追蹤的輻射量累積」。</p>\n<p>請問，經方派中醫是否有方法能夠不透過CT檢查來診斷出肺上可能已經有質變的肺結節 (確認是否為肺癌高風險族群)，以及追蹤後續肺結節的中醫治療成效 ?</p>",
                      "level": 4,
                      "highlight": false,
                      "children": []
                    },
                    {
                      "id": "73f4dc3b73794a03e68d597df20836c5",
                      "author": "李宗恩",
                      "time": "2022年06月10日 21:58",
                      "content": "<p>你的想法依然是按照西醫的思維，如果肺結節導致肺家問題，會有中醫望聞問切的症狀出現，如果肺結節完全沒有影響到肺家運作，也就不會有症狀表現，我們也不需要擔心。問題不在西醫定義的肺結節，而是肺家及其它身體平衡是否有問題。</p>",
                      "level": 4,
                      "highlight": true,
                      "children": []
                    }
                  ]
                }
              ]
            }
          ]
        }
      ]
    },
    {
      "id": "98fb6bd6b203515670176c0802e93126",
      "author": "fang",
      "time": "2020年10月08日 03:01",
      "content": "<p>李医师你好今天在听倪师讲奶水月事的关系，倪师讲女人喂奶期间没有月事仍可以怀孕因为卵和月经不是一回事，按照这个思路女人到停经年龄后，为什么不能怀孕，或者说有一部分人没有月经也会导致不能怀孕，感觉上月经和卵还是有关系，希望能得到您的解答，系统有点慢不知道会不会重复提交</p>",
      "level": 0,
      "highlight": false,
      "children": []
    },
    {
      "id": "11480bfeb110f7690985865f17f5da09",
      "author": "马小寒",
      "time": "2020年10月08日 22:13",
      "content": "<p>李博士您好，我想问一下倪师的眼诊您现在有在授课吗？临床上用了感觉非常好用，但是总感觉自己学的不全面。希望能跟您多多学习</p>",
      "level": 0,
      "highlight": false,
      "children": [
        {
          "id": "1bc77c39d996f1e83cac30fe870e3663",
          "author": "ieitZYB",
          "time": "2020年10月09日 16:01",
          "content": "<p>供参考，点下面内容或把内容复制粘到地址栏，<br/>\n也许是最近的学习条件，深圳：<br/>\n<a href=\"https://mp.weixin.qq.com/s/6EbQAkigw4RvX9srUk9wmQ\" rel=\"nofollow ugc\">https://mp.weixin.qq.com/s/6EbQAkigw4RvX9srUk9wmQ</a></p>\n<p>找到更多人：<br/>\n<a href=\"https://www.kdocs.cn/p/76497412291\" rel=\"nofollow ugc\">https://www.kdocs.cn/p/76497412291</a></p>",
          "level": 1,
          "highlight": false,
          "children": []
        }
      ]
    },
    {
      "id": "058c76d0d7495fa3b1af04362153411a",
      "author": "四川 颜永信",
      "time": "2020年10月11日 06:29",
      "content": "<p>感谢李老师对大家关心的现实问题作出及时准确的分析，老师辛苦了。<br/>\n   治静脉炎倪师说用芍药甘草汤，有人用数据说要加桂枝茯苓丸活血化瘀，倪海厦老师讲课时早就说过，没有必要用丹皮桃仁活血化瘀，用热药就可以了，这就突出了静脉炎治疗的本质。</p>",
      "level": 0,
      "highlight": false,
      "children": []
    },
    {
      "id": "bf4dc18db116e8537e656e738080a330",
      "author": "无显示",
      "time": "2020年10月13日 13:54",
      "content": "<p>李医师，您好！6岁的男孩被性刺激后（现在还不知道到底是谁对他做的，一时半会儿也问不出来，已经跟警察报告过了），半年前是第一次发现他躲在枕头套里超过半小时高强度的手淫，最近发现只要进浴室他就开始手淫。寻找懂得家暴/性暴力的儿童心理咨询师的支持是必须的，我现在不能开口对美国人说手淫伤害我儿子的身体，这是中医的观念，我也这么认为，美国人一般认为手淫不伤身体。我告诉他这样的行为伤身体他可能越是抵抗跟我说这个事或内心觉得他不够好，我确实担心他手淫过渡死在浴室。他确实平时手脚冰冷。成人性过度不也是身体坏到底吗？况且我儿子马上7岁，那么小。伴随每晚睡觉害怕噩梦一年多了，尿床，rage平时太生气。请问您高见？</p>",
      "level": 0,
      "highlight": false,
      "children": [
        {
          "id": "fe91a9a5186c5062c6b474d7af939e6b",
          "author": "李宗恩",
          "time": "2020年10月16日 14:35",
          "content": "<p>性衝動過高，往往是腎陰陽兩虛，好比汽車引擎功力不佳，但冷卻水也不足，導致引擎過熱。這個時候，並不能靠清熱的中藥，得從根本著手。</p>",
          "level": 1,
          "highlight": true,
          "children": [
            {
              "id": "87f79e1ce7c34eebfcbc2148dc3bc7bd",
              "author": "无显示",
              "time": "2020年10月21日 16:47",
              "content": "<p>感觉小孩好像是个空壳。7岁不到手淫，全口牙齿全部蛀牙，每晚睡觉前害怕噩梦近一年，恐惧压抑的生活环境。孩子已经被恐吓不准跟医生、儿童心理咨询师、社工说话/得闭嘴。很需要帮助的</p>",
              "level": 2,
              "highlight": false,
              "children": []
            },
            {
              "id": "c94731102522f07860308b53790da3d9",
              "author": "明遠",
              "time": "2020年10月23日 16:17",
              "content": "<p>李醫師 您好:</p>\n<p>能否簡述根本為何?是否是補腎陰腎陽?我是指身體醫療範圍，非精神方面或教育管制措施。</p>\n<p>謝謝!</p>",
              "level": 2,
              "highlight": false,
              "children": []
            }
          ]
        }
      ]
    },
    {
      "id": "42aeec46ca5b8e3ced861f35ca1c0127",
      "author": "shawn",
      "time": "2020年10月15日 03:14",
      "content": "<p>提供个案例供对，虽然未明确指明什么中药：</p>\n<p>新华社基辅10月14日电乌克兰前总理季莫申科日前接受中国驻乌媒体集体采访时表示，各国应重视研究中医药这一宝贵财富并将其应用于全人类的健康事业，她本人将积极推动中医药国际化。</p>\n<p>8月23日季莫申科确诊感染新冠病毒且病情严重，24日晚接受呼吸机治疗。在中国驻乌使馆帮助下，季莫申科的医疗团队与中国中医专家取得联系。9月5日季莫申科服用了中国专家提供的中药后，体温开始下降，病情出现好转。服用数日后，9月11日季莫申科新冠核酸检测呈阴性，并于9月下旬开始恢复正常生活和工作。</p>\n<p>季莫申科说，通过这次治疗，她切身感受到了中医药的疗效，这些药物对她和家人的康复发挥了重要作用。对此她要真诚感谢中国大使馆和中医专家的无私帮助。</p>\n<p>季莫申科说，现在越来越多的科学家在研究和发展中医药。千百年来中医药积累了丰富的经验和实践，相关独特知识是中国和世界的共同财富。各国应当认真研究中医药并将其用于全人类的健康事业。</p>\n<p>季莫申科在接受采访时还称赞中国的抗疫努力堪称世界典范。她说，武汉的抗疫壮举充分展示了中国的医疗保障能力和以人为本的精神。季莫申科说，中国在抗疫过程中的公开、透明以及和全世界分享经验的做法令人印象深刻。中国在自身疫情得到控制后，为多国提供抗疫援助，这样的举动令人难忘。</p>\n<p>季莫申科说，中国的抗疫援助让乌克兰人民真切感受到了朋友般的温暖。在当前全世界疫情依旧肆虐的艰难时刻，各国只有团结一致，人类社会才有延续生存、迎来繁荣的可能</p>",
      "level": 0,
      "highlight": false,
      "children": [
        {
          "id": "eb4d8ba0eaf481b3e18ae7e19a1ff59b",
          "author": "李宗恩",
          "time": "2020年10月16日 14:36",
          "content": "<p>謝謝你的分享。</p>",
          "level": 1,
          "highlight": true,
          "children": []
        }
      ]
    },
    {
      "id": "57361d3927aa80f1533765d116019499",
      "author": "xianglei",
      "time": "2020年10月16日 17:31",
      "content": "<p>李老师，请问从有记忆开始，只有蹲，动一下关节就会咔咔响，能否听一下您对这方面的见解，是真的西医说的需要补钙还是要吃中药补肾健骨类的，谢谢您！</p>",
      "level": 0,
      "highlight": false,
      "children": [
        {
          "id": "eeae9471f8639a5e7c113736d6dd18d8",
          "author": "李宗恩",
          "time": "2020年10月16日 20:05",
          "content": "<p>鈣片是沒什麼用的。中醫治療，你得找中醫師看診，不是自己隨便服用補腎的中藥，關節咔咔響只是一個症狀，勉強說是骨頭相互摩擦，但背後可能的原因很多。</p>",
          "level": 1,
          "highlight": true,
          "children": []
        },
        {
          "id": "9333a011594e6960e8fbff20fb70bb61",
          "author": "粉丝",
          "time": "2020年10月18日 12:40",
          "content": "<p>我也是 咔咔响</p>",
          "level": 1,
          "highlight": false,
          "children": []
        }
      ]
    },
    {
      "id": "9019fa6f8305b2fc469509e6b3694cd1",
      "author": "淘淘",
      "time": "2020年10月22日 19:55",
      "content": "<p>您好，请问中药有没有可能治愈心脏瓣膜脱垂问题，谢谢</p>",
      "level": 0,
      "highlight": false,
      "children": [
        {
          "id": "b615039280846127b062bd572e10c8fd",
          "author": "李宗恩",
          "time": "2020年10月22日 20:15",
          "content": "<p>心臟瓣膜脫垂是很難逆轉的，然而，整個問題不僅僅是瓣膜的問題，往往心臟肥大、心臟衰弱等讓問題更嚴重、更複雜，中藥是可以治療心臟肥大、心臟衰弱等，因而可以減少心臟瓣膜脫垂的嚴重性。</p>",
          "level": 1,
          "highlight": true,
          "children": [
            {
              "id": "a218cf6bd8213371a8c7a6f014e06aa0",
              "author": "淘淘",
              "time": "2020年10月23日 06:13",
              "content": "<p>谢谢李老师回复！</p>",
              "level": 2,
              "highlight": false,
              "children": []
            }
          ]
        }
      ]
    },
    {
      "id": "0f8d8157ecf66e667758c6f907e7434a",
      "author": "明遠",
      "time": "2020年10月23日 04:42",
      "content": "<p>李醫師 您好:</p>\n<p>能否簡述根本為何?是否是補腎陰腎陽?我是指身體醫療範圍，非精神方面或教育管制措施。</p>\n<p>謝謝!</p>",
      "level": 0,
      "highlight": false,
      "children": [
        {
          "id": "41688b7ae759faa21b27527de9c196ad",
          "author": "李宗恩",
          "time": "2020年10月23日 13:43",
          "content": "<p>我不確定你是針對什麽問這個問題。</p>",
          "level": 1,
          "highlight": true,
          "children": []
        }
      ]
    },
    {
      "id": "6e1fefa2de441d2526b6d82fa5e8b495",
      "author": "明遠",
      "time": "2020年10月23日 04:54",
      "content": "<p>李醫師 您好:</p>\n<p>倪老師在人紀DVD說過，木防己湯對心臟瓣膜有問題很好，書中雖有說明該處方的作用，但沒說對心臟問題的作用。請問該處方如何幫助心臟瓣膜問題?</p>\n<p>謝謝</p>",
      "level": 0,
      "highlight": false,
      "children": [
        {
          "id": "16049cb4a5c1701c067a65681dd97d0f",
          "author": "李宗恩",
          "time": "2020年10月23日 14:58",
          "content": "<p>心臟瓣膜有問題時，容易導致心下及膈間有水飲，木防己湯主要針對這個水飲，不容易直接修復心臟瓣膜本身。順便提一下，這也是爲什麽心臟有問題時，西醫常常要求病人服用利尿劑。</p>",
          "level": 1,
          "highlight": true,
          "children": []
        }
      ]
    }
  ],
  "page": 19,
  "order": 3,
  "filename": "data\\page19\\page19_order2_0359e32d40dc5e598b8c0585a890c62f.json"
}