{
  "article_url": "https://andylee.pro/wp/?p=7587",
  "title": "開封清零 通許縣人民醫院再度立功",
  "content": "<p>開封市今天宣布，自新冠肺炎爆發以來，市區及各縣共收治26位確診病人，已全部治癒，無死亡病例，目前無新增病例。</p>\n<p>受到通許縣人民醫院以中醫方法快速治癒確診病人的影響，開封市為最早全部確診病人皆服用中藥的城市之一。一週多前，26位確診病人，已有18位治癒出院，但仍有8位確診病人無法痊癒，外加3位高風險發燒病人也沒有治癒。開封市政府集結了一群中醫專家，共同討論如何治癒這棘手的11位病人，通許縣人民醫院抗疫功臣婁副院長及湯主任被要求一定要參加。經過交流討論後，婁副院長及湯主任被指派支援6家醫院，接手治療7位病人，剩下4位病人由原來醫療團隊以交流討論內容來加強中藥治療。服用中藥約三天，這11位棘手的病例，全部基因核酸檢測陰性，CT影像及醫學檢測均達到出院標準，開封市宣布「清零」，開封市政府高度肯定通許縣人民醫院的經方中醫治療，多位領導及醫學專家對倪海廈老師的中醫教學傳承更是敬佩不已！</p>\n<p>另外，這裡又有一段小插曲。婁副院長及湯主任接手治療7位病人，第一件做的事，是花很多時間和病人們溝通，除了深入了解病人的心理狀態外，也讓他們知道治療計劃，及之前其他病例的療效等等。這個溝通過程很重要，建立病人對醫生的信任及信心，也讓病人放下心中的憂慮及恐懼。結果，有兩位病人，還沒來得及服用中藥，溝通後隔天就痊癒了！雖然這應該是前面醫生治療的功勞，但肺主憂，不憂了，肺部因此而大幅轉好，也不是完全不可能的。</p>\n<p><a href=\"http://www.kfwsjsw.gov.cn/news/wsxw/20200303/8598.html\">http://www.kfwsjsw.gov.cn/news/wsxw/20200303/8598.html</a></p>\n<p><a href=\"https://mp.weixin.qq.com/s/705Z-76mUPzHQKxUsZ82RQ\">https://mp.weixin.qq.com/s/705Z-76mUPzHQKxUsZ82RQ</a></p>\n<figure class=\"wp-block-image is-resized\"><img alt=\"\" class=\"wp-image-7589\" decoding=\"async\" fetchpriority=\"high\" height=\"683\" src=\"https://andylee.pro/wp/wp-content/uploads/2020/03/Screen-Shot-2020-03-03-at-10.07.16-AM-1024x910.png\" width=\"700\"/></figure>",
  "article_time": "2020年03月03日 11:33",
  "comments": [
    {
      "id": "bcb350135f362a3e815df8a06fcb5d54",
      "author": "刘剑彬",
      "time": "2020年03月03日 15:30",
      "content": "<p>李医师，您好，我想问下经常口腔溃疡是身体津液缺少？但是我没有感觉很囗渴，喝米汤是不是可以补津液，可以每天喝多喝米汤吗？</p>",
      "level": 0,
      "highlight": false,
      "children": [
        {
          "id": "25a9c05ffdb056a0d1024929ffdd1bdc",
          "author": "ICE",
          "time": "2020年03月05日 19:46",
          "content": "<p>我只能说我曾经坚持喝过米汤，效果未知。个人觉得如果身体出现不适，还是要整体的去看待吧，不然和西医的什么症状吃什么药有何不同呢？</p>",
          "level": 1,
          "highlight": false,
          "children": []
        }
      ]
    },
    {
      "id": "497e2d965dcb1f27f1e13fe70f0d984a",
      "author": "王彦强",
      "time": "2020年03月03日 16:43",
      "content": "<p>李医师，现在美国也在流行新冠肺炎，自己也要注意，纽约的朋友都开始囤积枪支弹药了，形式不容乐观。</p>",
      "level": 0,
      "highlight": false,
      "children": [
        {
          "id": "23295bc7645141bbfb77c8e657262084",
          "author": "andy",
          "time": "2020年03月04日 20:08",
          "content": "<p>感謝關心！</p>",
          "level": 1,
          "highlight": true,
          "children": []
        }
      ]
    },
    {
      "id": "8147aecc19cdfeb2fd80a99a9e761de9",
      "author": "罗瑞芳",
      "time": "2020年03月03日 21:59",
      "content": "<p>其实国内好多城市都清零了，武汉疫区临时医院有些已经撤了</p>",
      "level": 0,
      "highlight": false,
      "children": []
    }
  ],
  "page": 23,
  "order": 4,
  "filename": "data\\page23\\page23_order3_23295bc7645141bbfb77c8e657262084.json"
}