{
  "article_url": "https://andylee.pro/wp/?p=7409",
  "title": "通許四位新冠肺炎確診病人 全部中醫快速治癒",
  "content": "<p>今天是一個有意義的日子，通許縣人民醫院第四位新冠肺炎病人，經過兩次基因核酸檢測陰性、肺部CT影像及各種西醫檢測，確定治癒。通許縣人民醫院自新冠肺炎爆發以來，接收了四位確診病人，在「中醫治療、西醫檢測」的理念下，病人快速康復，四位病人全部治癒，展現了中醫療效卓越、快速、成本低廉。同時，在服用中藥預防下，醫院一千多位醫療人員，無一感染。雖然一家小小的縣級醫院只接收到四位確診病人，統計數字上仍十分不足，但在這個可悲可泣的抗疫大悲劇裡，我們迎來了一個小小的勝利。</p>\n<p>通許縣人民醫院是一家一千多位醫護人員的縣級西醫院，自2018年暑期開始，大力推展「西醫學習中醫」，上百位醫護人員以倪海廈老師的中醫教材為依據，積極學習中醫。倪海廈老師學生楊貞醫師，長期在醫院教導及帶領大家臨床實習。一年多來，通許縣人民醫院的多位醫生已經以中醫治療方式幫助了很多不同疾病的病人，療效良好，讓他們對中醫更加有信心，中醫醫術也不斷提升。</p>\n<p>這次新冠肺炎爆發後，70歲的奈孝凱院長親自坐鎮，在他全力支持下，娄愛芝副院長擔任抗疫治療總負責人，感染科湯英主任領軍，帶領醫護人員在隔離區內每天24小時不斷的救治病人，其他全體醫院同仁在隔離區外忙碌的支援他們，楊貞醫師及我個人遠距離提供意見，再加上很多倪海廈老師的學生、中醫愛好者，以及非常多的網群朋友們大力支持下，我們一起度過了幾周的奮鬥、辛勞、及煎熬。從第一位病人的第一次基因核酸檢測報告出來為陰性，我們既興奮又感動的留下眼淚，再經過許多非醫療因素的阻礙，到第四位病人確定治癒，大家經歷的心靈震撼，無法言語，只能說身為醫療人員的我們，在這次抗疫大悲劇中，展現了我們的職責及人生意義。</p>\n<p>通許這次的經驗非常難得。雖然很多人相信中醫可以治好新冠肺炎，實質上很難有直接明確的證據。沒有西醫檢測確診，即使症狀表現及病人背景呈現高度的可能性，還是會被人質疑，畢竟其它幾種流感肺炎也呈現相似的症狀。中醫師治好了高度可能的病例，沒有西醫檢測證實，也會被人質疑，更何況這次新冠肺炎許多病人暫時轉好，症狀消失，體內卻仍有新冠病毒，幾天後病情再度直轉而下，甚至死亡。反過來說，如果西醫檢測確診，那不得了了，病人馬上被轉入重點西醫院隔離治療，之前看診的中醫師也得一併隔離檢測，更別說繼續幫病人看診。而中國大陸許多地方宣傳中醫治好新冠肺炎，可以被證實的病例中，除了部份輕型外，皆為「西醫為主、中醫輔助」。譬如使用大量的激素、抗生素、干擾素等等七八天，情況穩定許多後，才轉成中藥為主的治療。或者，病人服用中藥時，西藥還是不敢停。在這些情況下，即使真的是中藥治好的，也很難讓不相信中醫的專家及群眾真心信服。而通許縣人民醫院從一開始接收病人，還來不及確定是不是新冠病毒感染時，就已經以中醫為主來救治，以肺部CT影像及各種西醫檢測來觀察治療進度，最後再以兩次基因核酸檢測來確定治癒。這樣的治療及檢測過程，為中醫治癒新冠肺炎的事實，提供了非常好、非常特殊的證據。另外，其中一位病人一度拒絕服用中藥， 病情膠著，直到其他三位病人都已治癒出院，這位病人才願意再度服用中藥。重新服用中藥後，進步迅速，幾天後基因核酸檢測轉為陰性。這個意外的「對照組」，更加增強了中醫對新冠肺炎療效的證據。</p>\n<p>誠如許多人明白指出，面對新冠肺炎，這是考驗每個人「人性」的時候。很多醫護人員簽下生死狀，冒著生命風險去重災區救人。卻也有些人到處搶購口罩，翻個數十倍高價轉賣，趁著疫情來斂財。更有人為了自身利益或權威，不惜打壓中醫治癒訊息，編造各種故事來抹黑那些犧牲自己、不眠不休的第一線醫護人員。「人性」的偉大與齷齪，新冠肺炎像照妖鏡一樣，讓大家看得清清楚楚。</p>",
  "article_time": "2020年02月17日 04:15",
  "comments": [
    {
      "id": "875643c62383548cb383784392fe07fb",
      "author": "爱中医",
      "time": "2020年02月17日 10:17",
      "content": "<p>谢谢分享宝贵的实战经验</p>\n<p>对新冠的战斗 中医治疗 西医检测 各有特点 共同抗战 希望更多人能认识到这一点</p>\n<p>值得注意的是 现在中医的特点是一对一的辩证治疗 对于庞大数量的重症病人 再加上能够真正治病的中医非常有限 这对中医的挑战是很大的</p>\n<p>希望看到有关重症患者 不仅肺炎治好 另外各自的基础病都得到改善的报道</p>",
      "level": 0,
      "highlight": false,
      "children": [
        {
          "id": "5e283d7509fd260bcf1272c5c0b9fe6b",
          "author": "andy",
          "time": "2020年02月17日 20:27",
          "content": "<p>雖然中醫是辨證論治，疫病通常有比一般疾病高許多的一致性，還是可以大致分類來做第一回的治療，然後根據病人的反應，再分層治療，輕中度的病人應該可以穩定住，讓功力高的中醫師專注在嚴重的病人。</p>",
          "level": 1,
          "highlight": true,
          "children": []
        }
      ]
    },
    {
      "id": "5fe9182095289233c36ee46b5a95a74b",
      "author": "Oboe",
      "time": "2020年02月17日 13:17",
      "content": "<p>謝謝李醫師分享好消息！</p>\n<p>看到一篇文章介紹危重病人十分痛苦。肺部充滿積液，無法呼吸，彷彿溺水而死。</p>\n<p>您上次提到“大戟比較偏向去肺部四周的積液，葶藶子比較偏向去肺部下方的膿痰”。</p>\n<p>如果用上中藥，去痰飲。是不是應該效果好很多？</p>",
      "level": 0,
      "highlight": false,
      "children": [
        {
          "id": "04b5d79a3761c6b6c4ca42f2fbc25578",
          "author": "andy",
          "time": "2020年02月17日 20:18",
          "content": "<p>中醫可以治療肺積水，只是醫生功力要夠。</p>",
          "level": 1,
          "highlight": true,
          "children": []
        }
      ]
    },
    {
      "id": "4de51b9491a9e44d774ea8d4fe9a5dbe",
      "author": "ieitZYB",
      "time": "2020年02月17日 18:39",
      "content": "<p>4例全愈，对河南已19例病亡来说确实相当好结果（其中12例地区未确诊也是奇怪）</p>",
      "level": 0,
      "highlight": false,
      "children": [
        {
          "id": "0dd5678cbdb5abd003ed4791643e7bad",
          "author": "andy",
          "time": "2020年02月17日 20:21",
          "content": "<p>通許縣人民醫院是河南省第一個把接收到的確診病人都治癒出院的醫院，已經受到了河南省政府的高度關注。</p>",
          "level": 1,
          "highlight": true,
          "children": []
        }
      ]
    },
    {
      "id": "3c1ea094a9f20fbed81810fd28a354e1",
      "author": "ZiHan",
      "time": "2020年02月17日 22:33",
      "content": "<p>李医生您好！通过微信公众号《汉唐经方再传承》以及《千聊》才得以了解到您的Facebook，时时关注，倍感幸运。感谢您让我们更多的了解经方以及在疫情中您心系内陆给予的指导。<br/>\n我在学习《人纪》的过程中也在为自己和家人解决一些身体上的问题，近期在用炙甘草汤治疗心脏，但是遇到一些瓶颈，想就此问题请教李医生，具体情况我已发送至youngQi的邮箱，还望李医生能在百忙中抽空看一看。盼复。</p>",
      "level": 0,
      "highlight": false,
      "children": [
        {
          "id": "fe08014752523384b300bc60f99ff925",
          "author": "andy",
          "time": "2020年02月20日 10:25",
          "content": "<p>診所會盡量幫助處理。</p>",
          "level": 1,
          "highlight": true,
          "children": []
        }
      ]
    },
    {
      "id": "d251befbf2d860b38c49ae915e26bfc9",
      "author": "魯豆腐",
      "time": "2020年02月17日 23:09",
      "content": "<p>對於這次通許醫院來說，原本西醫院用的都是西藥化學藥品，但經過這次肺炎戰役後，幾乎所有醫護人員對於中醫藥的實戰經驗都已深刻體會到，想要全面戰勝內科疾病還是得靠中藥才行也才可靠。</p>\n<p>畢竟中醫藥自黃帝以來就在中原地區廣泛施治流傳，稱之為最有價值的國寶更不為過，平時治個小病痛感冒之類的就可見其神效，用在重大內科疾病更可以手到擒來。此次通許人民醫院更是大膽將中藥應用在實戰對抗肺炎，獲得的成效也令所有醫護人員刮目相看，不但用來救人更用以自我防護增加對疾病的免疫力，真是最好的廣告。</p>\n<p>通許醫院成了最佳的中藥代言醫療體系，相信Dr.李和楊貞醫師的辛苦終於開花結果，他們也必將成為中醫的種子醫院，繼續為中醫藥的傳承貢獻重大力量，這也是倪師最希望看到的成果。為了這場戰役你們都辛苦了，也將為中醫藥寫下一頁重大的歷史，再次感謝 Dr.李的全力幫助咱中華兒女。</p>",
      "level": 0,
      "highlight": false,
      "children": [
        {
          "id": "e3c692f44be4d9165c1eff279d1a8515",
          "author": "andy",
          "time": "2020年02月20日 10:28",
          "content": "<p>可惜台灣政府只相信西醫，對中醫的態度只是應付應付而已，而台灣一些知名中醫教授對外也說中醫只是輔助醫學。</p>",
          "level": 1,
          "highlight": true,
          "children": []
        }
      ]
    },
    {
      "id": "1490e6d6b166cc40a271f44b4306f278",
      "author": "Yan Zheng",
      "time": "2020年02月18日 22:58",
      "content": "<p>李老师：<br/>\n您好！<br/>\n我是西安交大医学院的医生，西安这边的中医发展的很差。我临床二十多年，2015年初，我有幸看到的倪老师的讲座，认认真真的看了一遍，开始自己开点中药，可是如您所说，难度很大，不是病人的问题，绝大多数的病人，不管你是中医西医，只要能看好病就好。我们药房大多数中药没有，让病人去外面抓药，不是说药量太大，就说附子有毒，就说半夏附子不能一起，我有好几个熟人，刚开始都很虔诚积极，给开了草药，跑了几个药店，就觉得中药不能抓了。<br/>\n另外，最大的问题是我们西医开草药不合法，太可笑了，我们的学生分配到中医医院，三个月后就可以开草药，我们是老师竟然没有权利开草药！<br/>\n再有一个问题就是我们很想很想好好学习中医，想什么时候请您到我们学校来看看，讲讲课，我们的学生是西北地区最优秀的学生，他们的成绩大都在620分左右，好的在660分，甚至更高，八年制的孩子有些都是本来准备上北大的。<br/>\n如果我们陕西的交大附属医院可以用中医治病，那么就可以带动其下区县 的医生，因为他们发部分在我们这里进修，一定受到我们的影响。</p>",
      "level": 0,
      "highlight": false,
      "children": [
        {
          "id": "5131f177805cd645713ca98c4ddfa64c",
          "author": "andy",
          "time": "2020年02月20日 10:38",
          "content": "<p>許多中醫制度及教育方式有問題，已經慢慢在改進，需要更多的人來推展。如果有適當的機會，我很樂意到貴校和大家討論。</p>",
          "level": 1,
          "highlight": true,
          "children": []
        }
      ]
    },
    {
      "id": "a01618da933c2201ea1ac29386b23ae9",
      "author": "GORDON",
      "time": "2020年02月24日 06:58",
      "content": "<p>為了自身利益或權威，不惜打壓中醫治癒訊息，編造各種故事來抹黑那些犧牲自己、不眠不休的第一線醫護人員。这是一个例子，我觉得有可信性：https://mp.weixin.qq.com/s/BDxNNa-XdZj_fpsGraiTtw</p>",
      "level": 0,
      "highlight": false,
      "children": [
        {
          "id": "b46f9093e0cfb8cd61e17dbc41e0a110",
          "author": "andy",
          "time": "2020年02月24日 10:03",
          "content": "<p>這個就無法評論了。</p>",
          "level": 1,
          "highlight": true,
          "children": []
        }
      ]
    },
    {
      "id": "4944a3e9f4d163cfdbbd1bfa1e7c4d19",
      "author": "展望未来",
      "time": "2022年03月22日 19:07",
      "content": "<p>中国同样如此</p>",
      "level": 0,
      "highlight": false,
      "children": []
    }
  ],
  "page": 23,
  "order": 10,
  "filename": "data\\page23\\page23_order9_e3c692f44be4d9165c1eff279d1a8515.json"
}