{
  "article_url": "https://andylee.pro/wp/?p=13771",
  "title": "Podcast 04 – “學霸“只是長期主義的果實(上)",
  "content": "<p>一位診所病人邀請我參與她製作的podcast，雖然我沒有太多時間花在社群媒體，她在看診時，問了許多有深度的非醫學問題，讓我覺得可以試一試不一樣的對話。目前沒有特定的題材，也沒有特定的時間表，隨性也隨時間，藉由主持人的提問，來和大家聊一聊。</p>\n<p></p>\n<figure class=\"wp-block-image size-large\"><a href=\"https://andylee.pro/wp/wp-content/uploads/2025/04/Screenshot-2025-04-27-at-8.27.26 PM.png\"><img alt=\"\" class=\"wp-image-13770\" decoding=\"async\" fetchpriority=\"high\" height=\"994\" sizes=\"(max-width: 1024px) 100vw, 1024px\" src=\"https://andylee.pro/wp/wp-content/uploads/2025/04/Screenshot-2025-04-27-at-8.27.26 PM-1024x994.png\" srcset=\"https://andylee.pro/wp/wp-content/uploads/2025/04/Screenshot-2025-04-27-at-8.27.26 PM-1024x994.png 1024w, https://andylee.pro/wp/wp-content/uploads/2025/04/Screenshot-2025-04-27-at-8.27.26 PM-300x291.png 300w, https://andylee.pro/wp/wp-content/uploads/2025/04/Screenshot-2025-04-27-at-8.27.26 PM-768x746.png 768w, https://andylee.pro/wp/wp-content/uploads/2025/04/Screenshot-2025-04-27-at-8.27.26 PM.png 1038w\" width=\"1024\"/></a></figure>\n<p></p>\n<div class=\"wp-block-file\"><a href=\"https://andylee.pro/wp/wp-content/uploads/2025/04/4.对话李宗恩｜学霸是长期主义的果实（上）。.mp3\" id=\"wp-block-file--media-b745e2e5-a3af-4a72-8d02-4e73b34b0f06\">4. 对话李宗恩｜“学霸“是长期主义的果实（上）。</a><a aria-describedby=\"wp-block-file--media-b745e2e5-a3af-4a72-8d02-4e73b34b0f06\" class=\"wp-block-file__button wp-element-button\" download=\"\" href=\"https://andylee.pro/wp/wp-content/uploads/2025/04/4.对话李宗恩｜学霸是长期主义的果实（上）。.mp3\">下載</a></div>\n<p></p>\n<p>小宇宙： <a href=\"https://www.xiaoyuzhoufm.com/episode/680db2e28aed253fa3be2aa4\">https://www.xiaoyuzhoufm.com/episode/680db2e28aed253fa3be2aa4</a></p>\n<p>蘋果播客：<a href=\"https://podcasts.apple.com/us/podcast/%E9%96%80/id1808983975?i=1000705091867\">https://podcasts.apple.com/us/podcast/%E9%96%80/id1808983975?i=1000705091867</a></p>\n<p>Spotify： <a href=\"https://open.spotify.com/episode/2ZJtUHsxsLUOUgYw8hmYOy?si=zPjzDkduT-GOaEkfZKow5A\">https://open.spotify.com/episode/2ZJtUHsxsLUOUgYw8hmYOy?si=zPjzDkduT-GOaEkfZKow5A</a></p>",
  "article_time": "2025年04月27日 17:33",
  "comments": [
    {
      "id": "3372274dbd3e66c7748331856afb93a5",
      "author": "Yingnan",
      "time": "2025年04月27日 19:42",
      "content": "<p>很喜欢这个播客系列，将李博士其他的宝贵经验用对话方式展现了出来，对我有很多启发和帮助。<br/>\n相比于博客上中医范围内的经验和知识，我觉得对话系列对现实的帮助更大了呢（当然李博士中医知识也非常给力呢，哈哈。）</p>\n<p>感谢李博士和主持人姑娘，希望这个系列能做下去，期待李博士更多的经验和智慧分享。</p>",
      "level": 0,
      "highlight": false,
      "children": []
    },
    {
      "id": "c4fc755cefa81df72b0dc01d6a1e6b3d",
      "author": "吴茱萸",
      "time": "2025年04月27日 22:38",
      "content": "<p>倪师在天纪里讲的，我非常受用。易——简易，禅——指示简单，顿悟——一通百通。读图是最高效的。感谢倪师把他的心血都录下来。让我有幸学到这个世界的纪律。</p>",
      "level": 0,
      "highlight": false,
      "children": []
    },
    {
      "id": "ad66beb9d087b7c126a9f1dcf3438ed1",
      "author": "吴茱萸",
      "time": "2025年04月27日 22:44",
      "content": "<p>这个世界，连自己的潜意识都在欺骗自己的主观想法。很难说人不是活在虚拟世界中</p>",
      "level": 0,
      "highlight": false,
      "children": []
    },
    {
      "id": "8d296e259c47ae9657d556df8dff9809",
      "author": "路人甲",
      "time": "2025年04月28日 10:37",
      "content": "<p>感谢李医生和主持人，本期节目受益匪浅。</p>",
      "level": 0,
      "highlight": false,
      "children": []
    },
    {
      "id": "044f69201cabf8a3695e275172204483",
      "author": "prove it",
      "time": "2025年04月28日 11:37",
      "content": "<p>在几天之前我在群里讨论一个李医师用红糖治疗糖尿病的案例，里面就有一位医生就说这种一看就是广告，夸大宣传，我问他为什么不行，他说从古至今有没有用红糖治疗糖尿病的案例，他不会思考背后的原因是什么而是一味地抨击，甚至别的文章也没有看过，也不知道李医师说红糖治疗糖尿病的前提是病人脾虚，后来我也不再争辩，因为和不逻辑的人讲逻辑是一件毫无意义的事情</p>",
      "level": 0,
      "highlight": false,
      "children": [
        {
          "id": "08fca9b8059321ff6d1cbf13fda209bb",
          "author": "哈啰",
          "time": "2025年04月28日 17:03",
          "content": "<p>这个医生是西医？</p>",
          "level": 1,
          "highlight": false,
          "children": []
        }
      ]
    },
    {
      "id": "fbc44a5d48538e4fc4ed083536aca240",
      "author": "飞飞飞",
      "time": "2025年04月29日 05:18",
      "content": "<p>李医师，跟您分享个有意思的事情。<br/>\n看抖音上有一个记录自身每晚梦游的人，基本是直播，梦游时，带着眼罩，如俯卧撑，杠铃，吃东西不剥皮。甚至他正常走路是瘸的，因为打了支架，梦游时直接健步如飞，清醒时在画板写的问题，梦游还会回复。。<br/>\n个人感觉不像是剧本，虽然从中医角度这种状态很不好，但是还是感觉有意思。。。</p>",
      "level": 0,
      "highlight": false,
      "children": [
        {
          "id": "19303f4628a414dc05fbc4ef3bc21e1d",
          "author": "李宗恩",
          "time": "2025年05月04日 07:49",
          "content": "<p>是的，世界各地有許多這樣的病例，人類對大腦的理解仍有限。</p>",
          "level": 1,
          "highlight": true,
          "children": []
        }
      ]
    },
    {
      "id": "9c8f97fca026a14dcc83784e42e701a6",
      "author": "多种甘蔗",
      "time": "2025年04月29日 18:51",
      "content": "<p>首先感谢李博士和lceymell姑娘的河润之行。自门节目播出以来，实无时不期盼着下一期的播出，屡次如此，实在是因为每次收听都有着不菲之收获。lceymell姑娘扮演着好奇的听众，问题有深度而不失趣味，而李博士更是带着自身医学大家的气质，回答问题时的大局观令人倾佩，又能在棱起之处快准的“下药”。令人感慨以倪师之才情如此欣赏您实在出之有据。<br/>\n       物不可以终止，故授之以渐，渐者进也。取自孔老夫子给易经做的序卦。李博士就像渐卦卦图中登梯的官人，内心平和而爱物，高望天下。恕无能言表心中所感【笑】。这也是进步的真谛，一步一步–而所谓的突飞猛进不过是视角的迁移而已。<br/>\n       事之末难知也。这六字背后的道理，竟困扰了我六年之久，呜呼！或许个性习气使然，让我了解到人如何处身实在困难。以至我实在是有着正常的环境，可同老鼠人几乎难以分辨，，，，难以言表，总之机缘中，门节目做出了答复。是因为我所处的时位吗，还是因为李博士作为人师比之经师更具说服力，‘地球少了谁都一样转’这句话终于触动了我的心，我安然了。<br/>\n       听着李博士和lceymell姑娘的对话，思绪逐渐飘忽，忽然看到您转视来，完成你的人格，要这样做…<br/>\n       李医师之博客翠然而丽，假以时日，或为新时代阳春有脚之美谈。</p>",
      "level": 0,
      "highlight": false,
      "children": [
        {
          "id": "ef5cf37bd999bbfad15c344d67a7d0c0",
          "author": "李宗恩",
          "time": "2025年05月04日 07:51",
          "content": "<p>謝謝你告訴我。</p>",
          "level": 1,
          "highlight": true,
          "children": []
        }
      ]
    },
    {
      "id": "ecf69401cac2f68dfd94a3c036561b52",
      "author": "出師未捷身先死",
      "time": "2025年04月29日 23:13",
      "content": "<p>個人認爲中國大陸一些文科學生數學學得非常差的原因就是缺少像倪海廈李博士這種耐心細緻不厭其煩循循善誘善於將複雜枯燥的理論用最淺顯易懂的語言來啓發學生思維的老師。中國大陸個別數學老師脾氣暴躁就如同脫繮的瘋狗一樣，學生聼不明白就動輒辱駡暴力毆打，這種變態畸形的教育如何培養一個學生對數學的興趣？</p>",
      "level": 0,
      "highlight": false,
      "children": []
    },
    {
      "id": "f053c88ab71007e4958d185497d97235",
      "author": "。。",
      "time": "2025年05月26日 21:16",
      "content": "<p>一看书心念就动个不停，总是担心这，害怕那，只有一刷抖音或者其他软件内心情绪才能稍稍平复一点点….想静下心看书有点难</p>",
      "level": 0,
      "highlight": false,
      "children": []
    }
  ],
  "timestamp": 1749096176.5952034,
  "page": 2,
  "order": 8,
  "filename": "data\\page2\\page2_order7_3d7986ee1149872df0f7530ee8396eeb.json"
}