{
  "article_url": "https://andylee.pro/wp/?p=5873",
  "title": "FM96.1：中醫如何看待基因改造？",
  "content": "<figure class=\"wp-block-audio\"><audio controls=\"\" src=\"https://andylee.pro/wp/wp-content/uploads/2019/05/20181127中醫如何看待基因改造？-1.mp3\"></audio></figure>\n<p>（語音檔案由FM96.1電台提供，文章摘錄撰寫中，請稍加等待謝謝。）</p>",
  "article_time": "2018年11月27日 11:44",
  "comments": [],
  "page": 33,
  "order": 4,
  "filename": "data\\page33\\page33_order3_47200a18283fc9ef4c849b4f32d70336.json"
}