{
  "article_url": "https://andylee.pro/wp/?p=5877",
  "title": "FM96.1：中醫在WHO的大突破",
  "content": "<figure class=\"wp-block-audio\"><audio controls=\"\" src=\"https://andylee.pro/wp/wp-content/uploads/2019/06/S-20181002中醫在WHO的大突破.mp3\"></audio></figure>\n<p>（語音檔案由FM96.1電台提供，文章摘錄撰寫中，請稍加等待謝謝。）</p>",
  "article_time": "2018年10月02日 11:46",
  "comments": [],
  "page": 33,
  "order": 9,
  "filename": "data\\page33\\page33_order8_b6cb6c8a46cd631056f8d71010b33fcf.json"
}