{
  "article_url": "https://andylee.pro/wp/?p=10807",
  "title": "子宮切除無害？",
  "content": "<p>臨床上，常常遇到病人告訴我，他們的家庭醫生及婦產科醫生都說，只要不再生小孩，子宮切除沒什麼害處。真的嗎？黃帝內經：「腦、髓、骨、脈、膽、女子胞，此六者，地氣之所生也，皆藏於陰而象於地，故藏而不瀉，名曰奇桓之腑。」以中醫的角度而言，<meta charset=\"utf-8\"/>子宮及卵巢，即<meta charset=\"utf-8\"/>女子胞，不僅僅是為了生小孩，對人體內部的整體運作而言，有更多的功能。當然，這樣的中醫解釋，<meta charset=\"utf-8\"/>家庭醫生及婦產科醫生根本不理會，而有些病人雖然相信中醫，想想西醫的勸導，以及需要麻煩地服用中藥幾個月，那還不如乾脆把<meta charset=\"utf-8\"/>子宮切除算了。然而，即使我們不管中醫理論，純粹以西醫學的角度來討論，那些宣稱<meta charset=\"utf-8\"/>子宮切除無害的西醫生們也是錯誤的。</p>\n<p>醫學研究顯示，<meta charset=\"utf-8\"/>頭腦和<meta charset=\"utf-8\"/>子宮卵巢有許多的互動，他們像有對話一般，相互影響彼此的運作，其中一項就是<meta charset=\"utf-8\"/>雌激素（Estrogen）的產生及傳送。<meta charset=\"utf-8\"/>雌激素不僅僅是維持女性生殖器官的作用，亦參與內分泌系統、心血管系統、新陳代謝、骨骼生長等的運作，同時對腦細胞成長及功能有深遠的影響，譬如記憶力及認知能力等。這些醫學研究已經發現，切除子宮卵巢後，病人得到老年癡呆症（Dementia）及帕金森氏症（Parkinson’s disease）的可能性大幅增加，其它的後遺症也逐漸被證實中。更重要的是，<meta charset=\"utf-8\"/>切除子宮卵巢後，即使病人長期服用<meta charset=\"utf-8\"/>雌激素藥物，並不能有效減少<meta charset=\"utf-8\"/>這些後遺症，因為重點不僅僅是<meta charset=\"utf-8\"/>雌激素，而是頭腦與<meta charset=\"utf-8\"/>子宮卵巢的互動，<meta charset=\"utf-8\"/>雌激素只是目前醫學研究能了解的部分而已。</p>\n<p>中醫有許多的理論，看起來好像「天馬行空」，其實卻是「先知灼見」。既然上面提到<meta charset=\"utf-8\"/>雌激素，我們就拿<meta charset=\"utf-8\"/>雌激素和<meta charset=\"utf-8\"/>睾丸酮（<meta charset=\"utf-8\"/>Testosterone）做過例子。<meta charset=\"utf-8\"/>睾丸酮和<meta charset=\"utf-8\"/>雌激素被認為是男女差別的主要因素之一，男人有較多的<meta charset=\"utf-8\"/>睾丸酮，女人有較多的<meta charset=\"utf-8\"/>雌激素。隨著年齡增長，體內的睾丸酮和<meta charset=\"utf-8\"/>雌激素都會減少，然而，男人體內的<meta charset=\"utf-8\"/>睾丸酮會慢慢減少，<meta charset=\"utf-8\"/>女人體內的<meta charset=\"utf-8\"/>雌激素卻在中年時大幅減少。這樣的變化，讓現代醫學感到不安，認為女人比男人還快衰老。然而，黃帝內經早就提到，女人每七年一個階段，男人每八年一個階段，相對應下，女人確實成熟得較快也較早衰老，男人成熟較慢，也就比較晚衰老。黃帝內經說，女人「七七（49歲），任脈虛，太衝脈衰少，天癸竭，地道不通，故形壞而無子也」，男人「七八（56歲），肝氣衰，筋不能動，天癸竭，精少，腎藏衰，形體皆極」，又說「此雖有子，男不過盡八八<meta charset=\"utf-8\"/>（64歲），女不過盡七七<meta charset=\"utf-8\"/>（49歲），而天地之精氣皆竭矣」。雖然男女<meta charset=\"utf-8\"/>睾丸酮和<meta charset=\"utf-8\"/>雌激素的變化差異只是眾多可能因素之一，當我們看到黃帝內經這樣的陳述，不要像看小說一樣，心不在焉地翻過去，而是該想想，這樣的理論是不是可以為現代醫學研究帶來什麼新的方向、什麼突破性的思維？經典中醫不需要西醫研究來證明其對錯，<meta charset=\"utf-8\"/>睾丸酮、雌激素的解釋對中醫並不重要，反而是現代醫學可以從中醫理論上找尋到大量的假設及截然不同的整體觀，把醫學研究推到一個更高的層次。</p>\n<p>下次再有醫生告訴你，「如果不想生小孩，<meta charset=\"utf-8\"/>子宮切除沒什麼害處」，你可以反問他，<meta charset=\"utf-8\"/><meta charset=\"utf-8\"/>頭腦和<meta charset=\"utf-8\"/>子宮<meta charset=\"utf-8\"/>卵巢有什麼互動？如果他的回答只是單向<meta charset=\"utf-8\"/><meta charset=\"utf-8\"/>性的「頭腦命令<meta charset=\"utf-8\"/>子宮卵巢分泌<meta charset=\"utf-8\"/>雌激素」，而非雙向性的「子宮卵巢影響頭腦的記憶及認知能力」，那你不需要跟他討論中醫的理論，只需要請他多關心現代醫學的研究成果！</p>",
  "article_time": "2021年11月13日 22:02",
  "comments": [
    {
      "id": "cffdd57847fed858dd50153e920a10c6",
      "author": "Need Help",
      "time": "2021年11月16日 11:32",
      "content": "<p>李醫師，<br/>\n幸好拜讀您的這篇文章。 我有子宮內膜異位症， 子宮腺肌症， 子宮前傾， 卵巢還有一個小的畸胎瘤！ 子宮約一般的兩倍大， 也造成膀胱壓迫。<br/>\n血色素最近一次月經前的結果是8，嚴重貧血。 子宮切片檢查是正常，甲狀腺正常， 近更年期但無停經現象。  我的婦科醫生強烈建議切除子宮。<br/>\n我的情形有希望可以不動刀， 治癒嗎？我在加拿大溫哥華。 如何可以給您診治？ 謝謝</p>",
      "level": 0,
      "highlight": false,
      "children": [
        {
          "id": "456900a0df894f628ab7b8232d82cf13",
          "author": "李宗恩",
          "time": "2021年11月16日 19:14",
          "content": "<p>沒有看診，無法評論，你可以聯絡診所: <a href=\"mailto:info@youngQi.com\">info@youngQi.com</a></p>",
          "level": 1,
          "highlight": true,
          "children": [
            {
              "id": "e5cb3d667952f8ae094a6f683a051f4e",
              "author": "Need Help",
              "time": "2021年11月16日 19:18",
              "content": "<p>感謝！</p>",
              "level": 2,
              "highlight": false,
              "children": []
            }
          ]
        }
      ]
    },
    {
      "id": "e379ce8ab6161e452fd57c1122cd6891",
      "author": "jane",
      "time": "2021年11月17日 03:41",
      "content": "<p>李醫師好,<br/>\n之前看過醫案，有人斷了腳，仍一直感覺腳還在。<br/>\n是否可以把子宮等器官看作「磁場」（象陰），為能量的保存地點，而體內氣的流動，視為電場（象陽），兩者作用而分泌雌激素⋯⋯，若是切除子宮，電磁場作用則會中斷，即使補充雌激素，人體也無法吸收？<br/>\n不知從中醫的領域來看，是否能將中斷的電磁（陰陽）作用補上，或是有其他補救方式？（從倪海廈老師的醫案來看，似乎對此持否定態度）</p>",
      "level": 0,
      "highlight": false,
      "children": [
        {
          "id": "b8646ee0fbcbd9cf34c6b32d08dbcc24",
          "author": "李宗恩",
          "time": "2021年11月18日 20:23",
          "content": "<p>我想你不是理工背景，對電磁學的了解很有限，不要牽強附會。</p>",
          "level": 1,
          "highlight": true,
          "children": [
            {
              "id": "e71e71f9928955a651eae9ca5ed587de",
              "author": "jane",
              "time": "2021年11月19日 01:23",
              "content": "<p>没有冒犯的意圖，世界太大了，很多事越來越不能確定，希望未來李醫師能用物理的方式解說，好讓我們可以一窺中醫的奧妙！</p>",
              "level": 2,
              "highlight": false,
              "children": [
                {
                  "id": "e57c50dbacc0787f94fcff7c2183c09f",
                  "author": "李宗恩",
                  "time": "2021年11月30日 19:33",
                  "content": "<p>「物理方式」有兩個不同意義，一個是使用正確嚴謹的物理學來解釋事物的本質，另一個是利用物理學上某些概念來做比喻，只是幫助聯想，不是解釋事物的本質。許多人聽過一些物理名詞，譬如量子糾纏，根本不了解其中的意義，只看了報章雜誌上不專業的粗淺字面解釋，就自以為是地拿來解釋其它的東西，這是亂七八糟的。如果要利用一門學科的知識來解釋另一門學科，那必須先對這兩門學科都很熟悉，不然都是胡思亂想。</p>",
                  "level": 3,
                  "highlight": true,
                  "children": []
                }
              ]
            }
          ]
        }
      ]
    },
    {
      "id": "3aee0d9cb33f58a521dbc2b3079bd47f",
      "author": "Ashley",
      "time": "2025年03月17日 04:45",
      "content": "<p>李醫師您好：我媽在我還小時，因為長期痛經加上有子宮肌瘤的關係，在西醫的治療下，切除了整個子宮，不知道李醫師在臨床上觀察到這種情況下會有什麼後遺症？我好幫我媽注意一下，謝謝李醫師</p>",
      "level": 0,
      "highlight": false,
      "children": [
        {
          "id": "ffea216855f8fe5688f7effa23d3a090",
          "author": "李宗恩",
          "time": "2025年03月17日 15:21",
          "content": "<p>每個病人情況不一樣。</p>",
          "level": 1,
          "highlight": true,
          "children": []
        }
      ]
    }
  ],
  "page": 13,
  "order": 2,
  "filename": "data\\page13\\page13_order1_321e7dd858cdcade10882a26a71f4469.json",
  "timestamp": 1743221064.278619
}