{
  "article_url": "https://andylee.pro/wp/?p=10595",
  "title": "又一個奇特的少女病例",
  "content": "<p>這位快20歲的年輕女孩，住在中國廣東，長得很清秀，也很乖巧懂事。13歲時，有次感冒沒吃早餐，自行服用了藿香正氣液中成藥後，就趕到學校考試。考試中精神不濟，手脚心冒冷汗。之後人便開始很容易疲憊，念書、做作業時就手脚心冒冷汗，本來月經已經來了，也因此中斷了一年多。</p>\n<p>14歲時，在學校暈倒，頭腦是清醒的，卻全身無力，眼睛看不到東西。接下來人變得更疲憊，不但説話走動累，連吃東西都無力，一頓飯要吃好兩三個小時，勉强吃一些東西下去。病人累到沒有辦法刷牙，結果牙齒幾乎都蛀光了，這讓吃東西更加困難。 15歲時， 更加虛弱，無法進食，到西醫院急診，7天内科住院治療無效，轉兒科住院30多天，依然沒有改善，勉强靠流質食物來維持。五年來，病人停學在家修養，大部分的時間都躺在床上，在家裏沒有什麽大的肢體動作，更別説出門了。病人睡眠時間很雜亂，常常早上五六點才睡，睡到下午五六點才起床。平時小便次數少，也好幾天才大便一次。中間在深圳尋求中醫看診多次，效果不彰。</p>\n<p>怎麽治療？其實挺傷腦筋的，遠程看診本來就嚴重缺乏望聞問切的資訊，久虛的病人對中藥的反應往往也和一般人很不一樣，只好先以輕的中藥方來試探病人的反應，第一次開的藥方為：浮小麥、紅棗、炙甘草、遠志、酸棗仁、川芎、知母、茯苓、茯神、炙黃耆，桂圓肉、百合、生地。</p>\n<p>病人對中藥的反應還不錯，平緩卻有改變，説話、表情、動作速度等都展現進步，睡眠久一些、沉一些，比較常下床走動，病人父親用「生命力增强」來形容。第二次藥方稍微增强一些，以當歸四逆湯、四物湯爲主，加炙黃耆及一些通利大小便的藥材。病人動作、走路、反應等持續進步，病人父親說大約可以達到正常人的百分之六十左右。睡眠時間往正常方向改變，從以前下午四五點起床，改成中午以前起床。</p>\n<p> 第三次藥方再稍微轉變，以四物湯、小建中湯爲主，加炙黃耆、黨參、柴胡、升麻、陳皮、白朮及一些通利大便的藥材。病人服用後，流汗變多，疲憊情況起起伏伏，睡眠明顯進步，可以早睡早起，但起床時頭暈，整體心情比服用上次藥方來得差。看來藥性稍稍超過病人可以承受的程度，在還沒來得及回診情的況下，改為浮小麥、紅棗、炙甘草、遠志、酸棗仁、川芎、知母、茯苓、茯神、百合、生地、柴胡、玉金、龍骨、牡蠣 。 </p>\n<p>上周第四次看診，病人情況不錯，白天大多不需要躺在床上了，自己會在家中走動、做些事，動作、反應、上下樓梯等都快許多、敏銳許多，也可以踢毽子做運動了。病人父親看診時有些激動，他說女兒生病這麽幾年來，疲憊到根本沒有辦法出門，現在可以和他們一起到馬路上散步，三個月多的治療，總算讓他們看到了希望。</p>\n<p>這位年輕的病人，之前也服用過不少中藥，許多都是大熱大補的中藥材。其實，病人情況雖然不尋常，卻沒有那麽嚴重，身體長久虛弱下，那些大熱大補的藥反而讓病人受不了，適得其反。反過來說，甘麥大棗湯不是只用於 「婦人藏燥、悲傷欲哭」，酸棗仁湯也不是只用於 「虛勞虛煩不得眠 」，而是得深入了解每一味中藥材、每一個中藥方劑可以造成人體内部什麽樣的改變，如何利用這些改變來重新平衡病人的身體，以至於減除各種外在的症狀表現。</p>\n<p>藥不是重就好、貴就有效，是要「對證」。而 「辨證」的意義，不是對應一堆症狀的連連看，而是經由整體症狀表現來了解病人内部的問題根源，也就是所謂的「證」。現在很多中醫師及中醫愛好者把「辨證」誤以爲是「辨症」，還大剌剌地宣稱傷寒雜病論就是一本「症狀對應方劑」的書、經方就是如此看診，看不好病就拼命加大劑量，生附子五六十克、炮附子八九十克，甚至麻黃一天一百多克！病人及家屬得謹慎判斷，不僅僅是浪費金錢的問題，更會嚴重耽誤病情，錯失了看診時機，把生命都賠下去了！</p>",
  "article_time": "2021年09月13日 15:31",
  "comments": [
    {
      "id": "f7990d9cde45e6d9f2c687f98bfc5c93",
      "author": "傳承",
      "time": "2021年09月14日 04:35",
      "content": "<p>中國大陸這幾天熱搜，有一個只要做數學題，眼睛就腫的女孩，哈哈哈，像極了小時候裝病不想上學的我</p>",
      "level": 0,
      "highlight": false,
      "children": []
    },
    {
      "id": "348ed2a60059659cc7861d566eff1adb",
      "author": "Super",
      "time": "2021年09月17日 14:36",
      "content": "<p>请问李医生，病人是用煮的中药还是药粉？谢谢！</p>",
      "level": 0,
      "highlight": false,
      "children": [
        {
          "id": "ca64d56d159e4c48bf9a44d7c8eba120",
          "author": "李宗恩",
          "time": "2021年09月20日 21:31",
          "content": "<p>水藥。</p>",
          "level": 1,
          "highlight": true,
          "children": []
        }
      ]
    },
    {
      "id": "69fe91e8969d4881fea16137aa61a768",
      "author": "Vincent.Do",
      "time": "2021年09月19日 20:19",
      "content": "<p>“經由整體症狀表現來了解病人内部的問題根源，也就是所謂的「證」”，謝謝您的指点,说出学习中医的问题所在。另外，您的试探、逐步调整，不足就加、过了就减的治疗思路，很受用。谢谢您的分享。</p>",
      "level": 0,
      "highlight": false,
      "children": []
    },
    {
      "id": "8ce51cddfb59f0982e3ab5d027299f23",
      "author": "傳承",
      "time": "2021年09月20日 09:22",
      "content": "<p>李博士，你好，最近中國大陸網路宣傳120萬人民幣一針的抗癌藥，採用免疫療法，很多人都非常的深信不疑。幸虧很昂貴，不然，多少個家庭得破產。近期，清華大學副校長施一公轉述“卡特總統的黑色素瘤和腦瘤，在三個半月內，被靶向治療和免疫療法治好，卡特總統的醫生宣佈卡特總統永遠終身免於癌症侵擾”。個人感覺不靠譜，李博士，抽空能不能給我們科普一下，相關免疫療法方面的知識，謝謝</p>",
      "level": 0,
      "highlight": false,
      "children": [
        {
          "id": "4a50362e04ee816d4a59840e4d30481d",
          "author": "李宗恩",
          "time": "2021年09月20日 21:34",
          "content": "<p>免疫療法在某些特定癌症種類及部位有療效，但還無法有效應用在大部分的癌症，美國很多癌症病人進行免疫療法，依然無法逆轉癌症病情發展。</p>",
          "level": 1,
          "highlight": true,
          "children": [
            {
              "id": "302994316989e269aa3259167f1f4a5c",
              "author": "傳承",
              "time": "2021年09月21日 08:37",
              "content": "<p>謝謝李博士的答復。</p>",
              "level": 2,
              "highlight": false,
              "children": []
            }
          ]
        }
      ]
    },
    {
      "id": "e0a8a27dad4b86d09675033625f54047",
      "author": "宇",
      "time": "2023年10月28日 17:19",
      "content": "<p>李博士，我想问问为什么第三次会承受不住药性，第三次药方“四物湯、小建中湯爲主，加炙黃耆、黨參、柴胡、升麻、陳皮、白朮及一些通利大便的藥材。”与第二次的“當歸四逆湯、四物湯为主加减”相比，似乎有不及而无过之。还有像这样久虚之人的通便是选择承气一类的药方吗？如果是会有攻下太过的顾虑吗？因为缺少临床经验，对于药性在临床上的反馈没有很深的理解，如果李博士能够抽空回复将十分感激！谢谢</p>",
      "level": 0,
      "highlight": false,
      "children": [
        {
          "id": "0a2a2065772dc1478414aa46ce9526e1",
          "author": "李宗恩",
          "time": "2023年10月30日 10:28",
          "content": "<p>身體不平衡的人，對中藥的反應不一定和常人一樣。</p>",
          "level": 1,
          "highlight": true,
          "children": [
            {
              "id": "9fa55c1f5bcadbfaca448fa61b84ddc2",
              "author": "王俊丽",
              "time": "2023年11月02日 19:15",
              "content": "<p>李博士您好，我想请问您麻杏甘石汤和千金苇茎汤用法有啥区别？望您百忙之中能给予答复，感恩。</p>",
              "level": 2,
              "highlight": false,
              "children": [
                {
                  "id": "722ae5a7cc2983dc33ce6a524cd3f7e8",
                  "author": "李宗恩",
                  "time": "2023年11月07日 09:59",
                  "content": "<p>簡單的說，和麻杏甘石湯相比，千金葦莖湯用在痰飲更加膿稠的時候。</p>",
                  "level": 3,
                  "highlight": true,
                  "children": [
                    {
                      "id": "92a04a0a8fa73e23e805183758cc1678",
                      "author": "善兴悦",
                      "time": "2023年11月08日 05:18",
                      "content": "<p>非常感谢您的回复李博士，我想请问一下，麻杏甘石汤是否可以配伍白术茯苓</p>",
                      "level": 4,
                      "highlight": false,
                      "children": []
                    },
                    {
                      "id": "7f4fee81fce35f4c037547f4db96139b",
                      "author": "李宗恩",
                      "time": "2023年11月08日 17:31",
                      "content": "<p>你的問題很奇怪，重點是你為什麼要加白术茯苓，而不是什麼湯方可不可以配伍白术茯苓。</p>",
                      "level": 4,
                      "highlight": true,
                      "children": []
                    }
                  ]
                }
              ]
            }
          ]
        }
      ]
    },
    {
      "id": "00514b937c31c5ce6798ad37de9f6699",
      "author": "王俊丽",
      "time": "2023年11月10日 12:52",
      "content": "<p>李博士，您好，最近孩子们支原体肺炎很普遍，您能不能简单聊一聊这个肺炎？从哪个地方着手预防？</p>",
      "level": 0,
      "highlight": false,
      "children": [
        {
          "id": "e915cda794c0aad589b30d6c711a0a62",
          "author": "李宗恩",
          "time": "2023年11月14日 10:00",
          "content": "<p>你的問題，代表你沒有好好研讀及聆聽我之前討論新冠肺炎的文章及多次視頻教學。中醫是不管哪種肺炎的，而是以人體的症狀反應來做診斷治療。因此，西醫不同種類的肺炎，中醫還是一樣的思維。</p>",
          "level": 1,
          "highlight": true,
          "children": []
        }
      ]
    },
    {
      "id": "1ab813616e43bb810e1912925a97fc4c",
      "author": "昌都之昀",
      "time": "2024年03月27日 23:45",
      "content": "<p>李大夫，我看你上方使用黃耆是炙用，用意是如炙甘草一樣走心嗎</p>",
      "level": 0,
      "highlight": false,
      "children": [
        {
          "id": "b7e796696c7054889b5727632e503169",
          "author": "李宗恩",
          "time": "2024年04月11日 15:29",
          "content": "<p>蜜炙有苦味，增加強心的作用。</p>",
          "level": 1,
          "highlight": true,
          "children": []
        }
      ]
    }
  ],
  "page": 13,
  "order": 8,
  "filename": "data\\page13\\page13_order7_e0a8a27dad4b86d09675033625f54047.json"
}