{
  "article_url": "https://andylee.pro/wp/?p=11812",
  "title": "直播講座 – 從如何學好中醫談起並回答大家的問題",
  "content": "<figure class=\"wp-block-image size-full\"><a href=\"https://andylee.pro/wp/wp-content/uploads/2022/08/Online-talk.jpg\"><img alt=\"\" class=\"wp-image-11814\" decoding=\"async\" src=\"https://andylee.pro/wp/wp-content/uploads/2022/08/Online-talk.jpg\"/></a></figure>\n<p><strong>時間：</strong>加州時間8月20日下午7pm / 北京時間8月21日上午10am</p>\n<p><strong>內容：</strong>從如何學好中醫談起並回答大家的問題</p>\n<p><strong>主辦單位：</strong>岐黃聖賢智慧公益學習平台</p>\n<p><strong>觀看直播通過方式預約：</strong></p>\n<p>用微信（WeChat）掃描圖片中的二維碼，點擊預約直播，屆時進入微信視頻號觀看直播。</p>",
  "article_time": "2022年08月09日 15:17",
  "comments": [
    {
      "id": "46295c3a64f661c64bab069c808f4ec4",
      "author": "wbb",
      "time": "2022年08月10日 01:50",
      "content": "<p>李老师，我男朋友查出来尿毒症，但是他的之前并没有无法排汗或者无法上厕所的情况，腿肿那些更是没有。检查之前确实有拉肚子恶心呕吐的情况。现在医生让立刻透析。我不知道该怎么办了，他说透析一周要两次…以后永远这样出给匹配到肾脏</p>",
      "level": 0,
      "highlight": false,
      "children": [
        {
          "id": "bb99c17563ffdb7fbd8ea47cfc4980cb",
          "author": "李宗恩",
          "time": "2022年08月10日 10:15",
          "content": "<p>你得找中醫師看診。</p>",
          "level": 1,
          "highlight": true,
          "children": []
        }
      ]
    },
    {
      "id": "0e0cff7bd3016e69ec542e7346a675ba",
      "author": "闫党康",
      "time": "2022年08月13日 02:14",
      "content": "<p>我是做IT的，无意中刷到了网友剪辑出倪师的短视频，开始了解倪师和中医，对倪师的宏愿和贡献报以感激之情，也希望以后能尽自己的一份力。此外，前些天听了李先生线上的中医问答，解惑了一些中医问题，受益匪浅，我仅代表我个人非常感谢李医生做出的贡献和努力！</p>",
      "level": 0,
      "highlight": false,
      "children": [
        {
          "id": "18a9cb7c76ac3b3e605c348cb91a620c",
          "author": "李宗恩",
          "time": "2022年08月13日 08:26",
          "content": "<p>謝謝你的支持與鼓勵。</p>",
          "level": 1,
          "highlight": true,
          "children": [
            {
              "id": "7d8fe84e3e9af48a090f1dcb593b0d20",
              "author": "再见理想的二楼后座",
              "time": "2022年08月29日 19:40",
              "content": "<p>和兄弟感受一样，中华文化的传承，需要千千万万个倪师，以及李医生这样的遵守师道的秉承弟子。然而多数人看到的都是李医生表面的风光无限，背后的努力是常人难想象承受，没有一个真正男人宽大的胸怀和胆识，是无法做到如此高度的！再此也感谢李医生的贡献和努力！（每次看到李医生给各类网友的回复，言语中都能感受到那种隔着屏幕的亲切感，悬壶济世！）</p>",
              "level": 2,
              "highlight": false,
              "children": [
                {
                  "id": "f1240f8add2b83b6ab3ca25a37c4e8d4",
                  "author": "李宗恩",
                  "time": "2022年09月15日 12:52",
                  "content": "<p>謝謝你的支持及鼓勵。</p>",
                  "level": 3,
                  "highlight": true,
                  "children": []
                }
              ]
            }
          ]
        }
      ]
    },
    {
      "id": "7d21923bac43bab8fd49458acca2648b",
      "author": "艸水平",
      "time": "2022年08月28日 09:34",
      "content": "<p>請問<br/>\n此講座有錄音檔嗎？</p>",
      "level": 0,
      "highlight": false,
      "children": [
        {
          "id": "b9960658ae4be745d92579df531713bb",
          "author": "方学东",
          "time": "2022年08月29日 19:03",
          "content": "<p>哔哩哔哩（app名字）有人录下来了，搜索李博士的名字查询即可。</p>",
          "level": 1,
          "highlight": false,
          "children": []
        }
      ]
    },
    {
      "id": "e99d84d62d4817021d9349acb290ad62",
      "author": "蔡雅茹",
      "time": "2022年08月28日 22:24",
      "content": "<p>李医生您好，我是倪师的粉丝；我妈妈得了脑瘤，这次又复发了，很担心，也很无助，这些天妈妈已经开始起不来床了，我们在大陆，不方便前往美国，有什么办法联系到您，请李医生救救我们。</p>",
      "level": 0,
      "highlight": false,
      "children": [
        {
          "id": "38ea1fa68e4549dc8f3011523867d732",
          "author": "方学东",
          "time": "2022年08月29日 18:53",
          "content": "<p>请联系诊所。 <a href=\"mailto:info@youngQi.com\">info@youngQi.com</a></p>",
          "level": 1,
          "highlight": false,
          "children": []
        },
        {
          "id": "e2ad67026180ccc6411bf30323189d15",
          "author": "李宗恩",
          "time": "2022年09月15日 12:51",
          "content": "<p>請聯絡診所 <a href=\"mailto:info@youngQi.com\">info@youngQi.com</a></p>",
          "level": 1,
          "highlight": true,
          "children": []
        }
      ]
    },
    {
      "id": "62b0f19ac35f5b126646b137385deab8",
      "author": "'熙攘",
      "time": "2022年10月10日 04:03",
      "content": "<p>李老师您好，我的亲人，女患有心脏肥大导致小便困难，脾胃也不好，我给用的处方白术12g、桂枝12g、泽泻15g、猪苓10g、茯苓16g，醋香附12g，山茱萸10g，当归12g，熟地20g，炮附子12g，炙甘草12g，瓜蒌实10g，薤白10g，枳实10g。厚朴12g，党参20g，淮山12g。已服用两天还是小便困难，还是得需要服用西药利尿剂才行，准备使用半夏去利水，白术12g、桂枝12g、半夏9g、生姜9g茯苓16g，醋香附12g，山茱萸10g，当归12g，熟地20g，炮附子12g，炙甘草12g，瓜蒌实10g，薤白10g，枳实10g。厚朴12g，党参20g，淮山12g，请李老师指点一下思路是否正确？</p>",
      "level": 0,
      "highlight": false,
      "children": [
        {
          "id": "6d010e0b25aa707f3d01a362357b0182",
          "author": "李宗恩",
          "time": "2022年10月10日 15:15",
          "content": "<p>你這樣的陳述等於沒有說，中醫不是只憑幾個症狀就開藥方，代表你沒有深入了解病人真正的問題。</p>",
          "level": 1,
          "highlight": true,
          "children": []
        }
      ]
    }
  ],
  "page": 10,
  "order": 4,
  "filename": "data\\page10\\page10_order3_18a9cb7c76ac3b3e605c348cb91a620c.json"
}