{
  "article_url": "https://andylee.pro/wp/?p=11662",
  "title": "無精症",
  "content": "<p>隨著加州新冠疫情再度升高，忙於幫忙緊急需要救治的病人，好一陣子沒寫文章了，今天我們來簡短討論一個無精症的病人。</p>\n<p>這位病人正值青壯年，卻被西醫診斷為<meta charset=\"utf-8\"/>無精症。長期檢查下來，所有身體產生的精子都是死的，卻找不出問題所在。病人睪丸沒有病變，理論上最多是精子品質及動能不良，不應該會完全沒有活的精子，因而西醫認為很可能是基因遺傳的問題，也就是沒有辦法治療的意思。</p>\n<p>中醫認為，男人精子起源於精宮，<meta charset=\"utf-8\"/>精宮位於小腸與膀胱之間，受小腸之熱，化血為精，再從<meta charset=\"utf-8\"/>精宮轉到睪丸儲存。中醫這個論點不被西醫承認，因為解剖下並沒有一個所謂<meta charset=\"utf-8\"/>精宮的內臟在<meta charset=\"utf-8\"/>小腸與膀胱之間，更不用說什麼<meta charset=\"utf-8\"/>化血為精的「荒唐理論」。然而，從大量的臨床病例上看來，中醫<meta charset=\"utf-8\"/>精宮的論述確實是很有依據，更對臨床治療有很大的幫助。</p>\n<p>這位病人，身體肥胖，中下焦寒濕很重，平時幾乎沒有晨勃，性功能不佳，行房時間非常短。這樣的情況下，我們不難推論病人<meta charset=\"utf-8\"/>精宮好比泡在冷水裡，<meta charset=\"utf-8\"/>小腸本身也已經不夠熱了，更不用提<meta charset=\"utf-8\"/>小腸加熱<meta charset=\"utf-8\"/>精宮來<meta charset=\"utf-8\"/>化血為精。另一方面，病人的頭腦反應似乎不是那麼順暢，太太表示病人一直以來都是如此，思路好像會突然卡住一般。這樣的神志表現，加上<meta charset=\"utf-8\"/>性功能問題，<meta charset=\"utf-8\"/>我們不難推論病人腎家也<meta charset=\"utf-8\"/>好比泡在冷水裡，無法正常支援稱為「髓海」的腦，也拖累了生殖功能。</p>\n<p>怎麼治療？從上面的論點，似乎不難治療，然而真的臨床治療起來，還挺麻煩、挺有挑戰性的，更何況如果病人是基因造成的天生無<meta charset=\"utf-8\"/>精症，那中醫的理論再厲害，也無法改變老天的決定。</p>\n<p>治療初期以去中下焦<meta charset=\"utf-8\"/>寒濕為主，但病人反應真的是「不動如山」，而且是座冰山！兩三個月下去了，竟然變化不大，最多只是<meta charset=\"utf-8\"/>晨勃多了一些、性功能好那麼一點點。這讓我懷疑方向是否有所偏離，左思右想下，依然覺得診斷是正確的，決定維持治療的方向，加入生硫磺等比較猛烈的藥材。又是兩三個月過去了，病人的<meta charset=\"utf-8\"/>寒濕總算開始減少，<meta charset=\"utf-8\"/>晨勃頻率多了許多，射精的精液也多了許多，但是依然還是沒有一個<meta charset=\"utf-8\"/>活的精子。這個時候，治療進入第二階段，轉變方向，改以補肝血、壯腎陽、<meta charset=\"utf-8\"/>補<meta charset=\"utf-8\"/>腎陰為主，守方<meta charset=\"utf-8\"/>兩三個月。我心裡想，如果再沒有任何活的<meta charset=\"utf-8\"/>精子，我也仁至義盡了，如果是老天讓病人天生缺陷而無精子的，那我也只能舉白旗低頭了。</p>\n<p>病人上週複診，帶來了一個非常好的消息，最近一次西醫檢查，總算有活的精子了。品質優良的A級<meta charset=\"utf-8\"/>精子近3%，<meta charset=\"utf-8\"/>品質尚可的B級<meta charset=\"utf-8\"/>精子近4%。雖然剩下的93%依然是死的或品質極差的精子，這樣的改善已經有可能讓病人太太正常懷孕了。病人夫婦很高興，我們開始轉向以助孕為主，希望他們可以在不做人工受孕的情況下，很快能自然的懷孕。</p>\n<p>這個無精症的病例，花了我大半年的時間，本來已經挺麻煩的了，又是遠程看診，望聞問切的資訊少了七八成，加上診所的行程非常緊，只能安排這位病人每兩三個月看一次診，進度不容易掌握。同時，病人當地購買的中藥材也遠不如診所使用的品質水準，讓我下猛藥時會有些猶豫不決，擔心藥材品質不好反而傷害了病人。還好老天幫忙，總算讓這對夫婦有了生養小孩的希望。</p>\n<p>順便提一下，有些病人詢問中醫墮胎，雖然在道德及法律上我沒有預設立場，<meta charset=\"utf-8\"/>墮胎請不要來找我，請詢問婦產科醫生或其他中醫師。</p>",
  "article_time": "2022年07月16日 12:30",
  "comments": [
    {
      "id": "72a72475c5a7c290647e2c579ce448ec",
      "author": "胤宇健康-光之医者",
      "time": "2022年07月24日 04:03",
      "content": "<p>哈哈，李老师没看他丑宫/酉宫有没有化忌吗？这样的病人确实是很棘手。</p>",
      "level": 0,
      "highlight": false,
      "children": []
    },
    {
      "id": "756eb99523a0673acd29e712a8548e75",
      "author": "范先生",
      "time": "2022年07月27日 01:28",
      "content": "<p>这种病症我正统火神派比较拿手</p>",
      "level": 0,
      "highlight": false,
      "children": [
        {
          "id": "93d54e127792fdc92d2f00b9d97433bc",
          "author": "李宗恩",
          "time": "2022年07月27日 11:32",
          "content": "<p>如果有病例，可以分享。</p>",
          "level": 1,
          "highlight": true,
          "children": [
            {
              "id": "1aa586cc0f2553e7563604e8ba4e8e60",
              "author": "冯先生",
              "time": "2022年11月01日 02:10",
              "content": "<p>李老师您好，请问像这种的症状 艾灸关元穴能够调理好么？</p>",
              "level": 2,
              "highlight": false,
              "children": [
                {
                  "id": "d44e8ae72385d883472e9c5bf1b2aca0",
                  "author": "李宗恩",
                  "time": "2022年11月10日 11:54",
                  "content": "<p>效果有限</p>",
                  "level": 3,
                  "highlight": true,
                  "children": []
                },
                {
                  "id": "4576b15f405f4d4fe1f0b194c4f0e210",
                  "author": "暗香疏影",
                  "time": "2024年03月21日 20:24",
                  "content": "<p>艾灸只是局部起到一定作用，没法全方位快速起效，而且这里面还牵扯到补阴和其他脏器的调理，应该辅助治疗可以用的！每看博士一遍文章都至少有一个可以填补我空缺的知识点，这样慢慢积累，连点成片让我思路越来越清晰，感谢博士！</p>",
                  "level": 3,
                  "highlight": false,
                  "children": []
                }
              ]
            }
          ]
        }
      ]
    },
    {
      "id": "f28effe30c716a6d1a58a7be8bd51cb5",
      "author": "XiaYanji",
      "time": "2022年08月25日 19:17",
      "content": "<p>李老师您好:</p>\n<p>   我来自上海, 男。由于结婚3年无法怀孕，想寻求您的帮助和建议。<br/>\n   我和老婆最近几年经常去医院治疗。</p>\n<p>   西医检查结果：我之前做了一次精索静脉曲张手术后，最近每月检查情况是精子A级在25%～30%，但是每次精液量偏少（第一次射精量还可以，后面就偏少,大概2毫升左右), 我老婆的检查情况是: 诊断有多囊卵巢综合症，但是每次检查彩超里能看到优势卵泡，20mm左右，按理说应该能怀孕，可就是每次都失望。 我们也去过上海的中医院，可是开了很多药，连续3个月，也没有效果。<br/>\n   偶尔在网上看到了您和倪海厦老师的视频，受益匪浅，想得到您更专业的建议，后面有机会想当面得到您的诊疗。</p>\n<p>   我自己最近的情况，胃口正常，大便每天早上一次，小便正常颜色，睡眠都很正常,四肢也都是温热的，平常会艾灸一下背后。</p>\n<p>   我老婆情况，胃口正常，小便很黄，大便有时正常，有时会2到3天来一次，舌苔周围齿痕很多，舌头上有很多红色的点，来月经时，腹部痛经严重（我们自己判断是有淤血和下焦寒，在喝王清任的少腹逐瘀汤加桂枝，白芍，炮附子，丹皮，桃仁，茯苓，白术，吃了2个月效果感觉也不好，还是会痛经），四肢以前冬天时很冰，现在夏天和秋天时手脚温度正常，以前很难入睡，现在睡眠情况有所好转，平常在做艾灸腹部，三阴交，血海。 脚底很黄，手掌以前也很黄，现在手掌有血色了，指尖还剩余一些黄。</p>\n<p>   以上是我和我老婆的症状，期待您的答复</p>",
      "level": 0,
      "highlight": false,
      "children": [
        {
          "id": "73167cfb63dd137a6298111416001a17",
          "author": "李宗恩",
          "time": "2022年08月26日 09:27",
          "content": "<p>有醫療需要，請聯絡診所 <a href=\"mailto:info@youngQi.com\">info@youngQi.com</a>，我無法在網上針對個案一一討論。</p>",
          "level": 1,
          "highlight": true,
          "children": []
        },
        {
          "id": "4eb7aa03437b785b6174b9f756922f87",
          "author": "eleven",
          "time": "2023年05月12日 19:52",
          "content": "<p>你好，我也来自上海请问你找到李医生看诊了吗？</p>",
          "level": 1,
          "highlight": false,
          "children": []
        },
        {
          "id": "6ac330f5975435b16c85fbd2e384d838",
          "author": "欧阳",
          "time": "2023年10月07日 08:21",
          "content": "<p>我不是个中医，但我觉得一味的用炮附子强肾阳之前，得先看看心阳足不足，如果心阳不足的话，再怎么强肾阳，都是无根之萍。如果心阳不足的话，我会先去看看肝血足不足，肺气足不足。疏肝补肝血，强心强脾，再去处理下焦寒湿会快很多。</p>",
          "level": 1,
          "highlight": false,
          "children": []
        }
      ]
    },
    {
      "id": "c8a248e456c782ace5d370933a84b0b2",
      "author": "Josef Chang",
      "time": "2023年04月21日 12:16",
      "content": "<p>李老師不好意思，想跟您請教，因為有查到在「藥性解」描述了「硫磺畏細辛」，是兩種藥不能一起下嗎？  經方派會在意這樣所謂「相畏」嗎？  如果有需要，硫磺跟細辛兩個同時下，會有不好的影響嗎？</p>",
      "level": 0,
      "highlight": false,
      "children": [
        {
          "id": "5498bb940a5c0c813c3aeb1a07de1c4a",
          "author": "李宗恩",
          "time": "2023年04月21日 14:06",
          "content": "<p>我的書裏討論了十八反十九畏，你可以好好研讀一下。</p>",
          "level": 1,
          "highlight": true,
          "children": [
            {
              "id": "46e858ea2800fdb55b1c6f68e0b758c5",
              "author": "昌都之昀",
              "time": "2024年02月19日 19:50",
              "content": "<p>李大夫，你的書是《當張仲景遇上斯坦福》那本書嗎？</p>",
              "level": 2,
              "highlight": false,
              "children": []
            }
          ]
        }
      ]
    },
    {
      "id": "7a09b4da31bdcbd401c51f876f306e8f",
      "author": "Danielle",
      "time": "2023年04月25日 11:39",
      "content": "<p>李老师你好，我一直在听倪师的课，很受启发，我也认同这个“精宫”的理论，但是才疏学浅没有能找到古书的记载。请问您知倪师所讲的这个精液产生出于哪一本书吗？</p>",
      "level": 0,
      "highlight": false,
      "children": [
        {
          "id": "20d4906075feb9bf5430d79bd760f845",
          "author": "李宗恩",
          "time": "2023年04月25日 19:15",
          "content": "<p>不少中醫古籍都有提到精宮，你可以自己上網查詢。</p>",
          "level": 1,
          "highlight": true,
          "children": []
        }
      ]
    },
    {
      "id": "45d9b6d51ef28e792025e579b8fda139",
      "author": "北辰",
      "time": "2024年01月25日 12:30",
      "content": "<p>李老师文中所提到的“精宫”虽然现代科学无法证实，但是许多中医和道家养生的典籍上都有提出过。在《医林改错》和西医的解剖中，都大概认为“精宫”的位置表面上看其实是一条输精管。但是在我印象里唐容川说过“精宫”可以看做男人的“丹田”。人可以活着就是因为有一口“阳气”所以男人在还活着的时候“精宫”的这个地方犹如一个“气球”我们可以简单的想成和膀胱,胃脏一样鼓鼓的“皮球”。但是男人一但死去身体的“一口阳气”也随着散掉，“精宫”也就像泄了气的气球一样所以解剖呈现在人们眼前的就只有一条窄窄的通道。（就好比我们如今去解剖尸体所看见的内脏基本都是布满褶皱，不是教科书图边上所画的那样鲜艳充盈）我记得这个是唐容川先生大致的意思。而且许多道家典籍养生修真里也曾提出过类似的观点。李老师要是有兴趣可以看看一位得道的百岁老人名叫张至顺，他就曾经表述过“就和气球一样”“和太上老君的炼丹炉一样热”这正好就是“精宫”可以存阳的理论一样。医道不分家，我觉得很多时候老祖宗给我们留下这些前沿的理论都是值得我们去细细品味和挖掘的。</p>",
      "level": 0,
      "highlight": false,
      "children": [
        {
          "id": "8095dcb43514a7f550287e7a22c89b96",
          "author": "李宗恩",
          "time": "2024年01月29日 09:12",
          "content": "<p>謝謝你的分享。</p>",
          "level": 1,
          "highlight": true,
          "children": []
        }
      ]
    },
    {
      "id": "7482f3fafb030bdea5aade4127c6e952",
      "author": "干姜",
      "time": "2025年01月11日 19:40",
      "content": "<p>请问李医师，中下焦寒湿，没有晨勃这样，只是灸关元，大概能做到什么样呢？</p>",
      "level": 0,
      "highlight": false,
      "children": [
        {
          "id": "a4356705c7f50846faaa68e6f71877b1",
          "author": "李宗恩",
          "time": "2025年01月13日 10:25",
          "content": "<p>辨證論治，你應該研讀中醫基礎，而不是網上看什麼捷徑，每個病人情況不一樣，灸關元不一定是對的。</p>",
          "level": 1,
          "highlight": true,
          "children": []
        }
      ]
    },
    {
      "id": "595595edcceda98628e974629a7830a6",
      "author": "Di",
      "time": "2025年01月16日 03:34",
      "content": "<p>李医生，会不会是他的精子从睾丸产生后，经过地方的温度或者化学环境不合适导致精子大量死亡。</p>",
      "level": 0,
      "highlight": false,
      "children": [
        {
          "id": "9026ee1d916c685b8d89e420b495a834",
          "author": "李宗恩",
          "time": "2025年01月25日 15:05",
          "content": "<p>有可能，重點是怎麼治療。</p>",
          "level": 1,
          "highlight": true,
          "children": []
        }
      ]
    }
  ],
  "page": 10,
  "order": 7,
  "filename": "data\\page10\\page10_order6_f28effe30c716a6d1a58a7be8bd51cb5.json"
}