{
  "article_url": "https://andylee.pro/wp/?p=9377",
  "title": "精神分裂、躁鬱、發狂大叫",
  "content": "<p>今天討論一個奇特的病例，本來認爲會非常棘手，沒想到病人進步快速，兩次看診下來，已經有很大的改善，</p>\n<p>病人，女，華人，27歲。兩歲半開始有自閉症表現，不易與人互動，但學習還不錯，念到大專，很會畫畫及彈鋼琴。兩年前開始出現無法控制的發狂大叫症狀，每天會不定時很激動的大叫好多次，怎麽安撫都沒有用。有時候病人會半夜大叫很久，聲音非常尖銳，長期下來家人擔心會被公寓鄰居厭惡排擠，只好用被子硬把病人蓋住。病人大叫很急的時候，也會把頭用力撞在牆上，根本不管自己會不會痛及受傷。西醫診斷為精神分裂症、躁鬱症、强迫症，只能使用鎮靜劑及其它精神科藥物來强壓病人症狀，無法真的治療。病人看過許多中醫，針灸及服用甘麥大棗湯、龍膽瀉肝湯、元胡止痛片等等，效果不彰。</p>\n<p>病人還有其它的表現。長期月經不正常，往往延後半個月到四五個月，月經來前發狂大叫更加嚴重，節氣交換時發狂大叫也比較嚴重。肚子很容易漲氣，吃東西很容易上火，不用說牛羊肉，吃到鷄肉都會上火，平時家人只敢給病人吃鴨肉、魚肉及一點點豬肉。嘴唇長期乾裂，手脚常常冰冷。病人每天排便，都躲在厠所裡一個小時才出來，家人不知道是心理問題，還是排便不順，只知道病人排便很臭。另外，病人每天都睡到中午才願意起床，起來後心情很差，往往會開始發狂大叫。</p>\n<p>怎麽治療？許多對中醫有些研究的讀者大概不難猜出和肝血虛、肝陽上亢有關。然而，真的臨床治療時，「The devil is in the details （細節決定成敗）」，並不是直接套用甘麥大棗湯、龍膽瀉肝湯等就可以治愈，而某個方劑的加減，「加減」兩個字往往是最重要的部分，才是決定能不能治好病的關鍵。這也是目前中醫一個很大的問題，很多中醫教授及所謂「大師」講得很好聼，這個病就哪個方劑、那個病就哪個穴位，實際臨床療效卻亂七八糟。這就好像一個人讀了拳王阿里寫的拳擊書，覺得念得很有心得，認爲理解了怎麽防守這樣的對手、怎麽進攻那樣的對手，自己沒打贏過什麽擂臺賽，卻到處收學生教導如何打拳擊。更奇怪的是，竟然還有很多學生跟著學習，還以爲哪天被人搶劫了，可以用來打倒搶匪！</p>\n<p>這位病人是遠程治療，在望聞問切資訊嚴重不足的情況下，我會在剛開始治療時刻意多加幾味中藥材，用來試探病人的服藥反應，以證實看診時的一些想法，因而藥方會冗長一些。這位病人的藥方為浮小麥、炙甘草、紅棗、遠志、酸棗仁、川芎、知母、茯苓、百合、生地、麥門冬、大黃、厚朴、枳實、木香、陳皮、吳茱萸、炮附子、石膏。病人媽媽看到藥方有炮附子，十分擔心病人會嚴重上火，我解釋病人之所以會上火，是因爲中下焦寒濕重，胃火、肝火、心火反逆的結果，病人媽媽常常給病人清熱解毒的中藥及寒涼的食物，只會讓上火越來越嚴重，使用炮附子治本時，適當搭配石膏，並不會導致上火。</p>\n<p>兩次看診下來，病人進步很多。根據病人家屬的反饋，病人發狂大叫的次數大幅減少，發作程度也輕許多，已經可以用言語讓她平復情緒。病人沒發作的時候，清醒許多，比以前懂事及安靜很多，不像以前那樣不斷囉嗦及焦慮不安，也重新開始畫畫及彈鋼琴了。早上八九點會自己起床了，起床後精神好、心情好，不像以前中午起床後脾氣很大。病人也不再躲在厠所很久，現在幾分鐘内排便好就離開厠所。食欲變好，也開始吃雞牛羊肉，並沒有上火。</p>\n<p>病人家屬非常高興看到病人的進步，兩年來家裡每個人神經都是緊綳的，無時無刻不提心吊膽，不知道病人什麽時候會發狂大叫，現在總算可以放鬆許多。這位病人還在接受治療當中，西醫所謂的精神分裂症、躁鬱症、强迫症的現象再減少及穩定後，會改偏重於月經及其它問題。中醫臨床很重要的一點，不要想一次解決所有的問題，古代大醫强調十個問題只抓兩個最主要的問題來治療，就像打仗一樣，必須有戰略，按部就班的進行。這也從另一個角度説明，盲目地把病人症狀列出來，直接對應古書方劑的看診方法，或許可以治療一些輕微的小病，對稍微複雜一些病症是不行的，反而很可能會讓病情更加複雜。看診最重要的部分，是從生理病理上透視病人疾病的癥結，知道病人爲什麽有那麽多複雜的症狀，全盤考慮下決定該如何按部就班來治療，順著思路及病人反應，一步一步開立不同的藥方是水到渠成的事情。</p>\n<p></p>",
  "article_time": "2021年01月12日 16:27",
  "comments": [
    {
      "id": "4006755fdeb3ea12f7466cef5edb88ae",
      "author": "adang",
      "time": "2021年01月12日 19:19",
      "content": "<p>感恩有你！</p>",
      "level": 0,
      "highlight": false,
      "children": []
    },
    {
      "id": "6c056e8302c53ada406824e58ca34801",
      "author": "sai",
      "time": "2021年01月13日 09:17",
      "content": "<p>如何与您进行网诊？</p>",
      "level": 0,
      "highlight": false,
      "children": [
        {
          "id": "aa59c4206f43df169675b1dde6ca14ad",
          "author": "李宗恩",
          "time": "2021年01月13日 15:21",
          "content": "<p>請和診所聯絡 <a href=\"mailto:info@youngQi.com\">info@youngQi.com</a></p>",
          "level": 1,
          "highlight": true,
          "children": []
        }
      ]
    },
    {
      "id": "4050c347555c9222aebf775fb2a0d84a",
      "author": "Cherry",
      "time": "2021年01月16日 07:44",
      "content": "<p>Andy，<br/>\n请问在西雅图及其周边地区有没有您推荐的倪师同门经方家？<br/>\n谢谢！</p>",
      "level": 0,
      "highlight": false,
      "children": [
        {
          "id": "d2873744dccde6b5f64eab5b352eb802",
          "author": "李宗恩",
          "time": "2021年01月19日 09:49",
          "content": "<p>不清楚</p>",
          "level": 1,
          "highlight": true,
          "children": [
            {
              "id": "4133d55aeced6f6bcd90b0fa85f8c594",
              "author": "lmc",
              "time": "2021年03月21日 01:57",
              "content": "<p>谢谢李师分享衣案，从来没有想过，吴茱萸和石膏同用，受教了，胃寒呕逆吴茱萸，石膏降胃气，长期便秘沼气燥气一起降，整个圆循环才圆满，就好像倪师讲感冒中风加便秘一样，桂枝汤加一点大黄，经典，经方还是要活学活用才行啊。</p>",
              "level": 2,
              "highlight": false,
              "children": [
                {
                  "id": "c6b087b653515978d373d1e37da53529",
                  "author": "lmc",
                  "time": "2021年04月01日 22:01",
                  "content": "<p>李师，你们治疗中风时，一般补气是黄芪还是红参啊。</p>",
                  "level": 3,
                  "highlight": false,
                  "children": [
                    {
                      "id": "056513b2a3c8c7b2cc687b527ae44a1a",
                      "author": "李宗恩",
                      "time": "2021年04月05日 14:52",
                      "content": "<p>黃耆</p>",
                      "level": 4,
                      "highlight": true,
                      "children": []
                    }
                  ]
                }
              ]
            },
            {
              "id": "6b75abaa484c8fe658c2da6cc1f4cdf8",
              "author": "lmc",
              "time": "2021年04月17日 08:35",
              "content": "<p>李师，我最近用红参后会上火，眼睛看东西会花这个事先我也知道，后面我用地龙胶囊2～3颗就没事了，一天的量，加快血液循环了，就不会上火了，地龙胶囊多了反而会影响红参的效果。您可以了解一下。</p>",
              "level": 2,
              "highlight": false,
              "children": [
                {
                  "id": "87e662aa301d853759b23df5831c0386",
                  "author": "李宗恩",
                  "time": "2021年04月20日 21:37",
                  "content": "<p>謝謝你的分享。</p>",
                  "level": 3,
                  "highlight": true,
                  "children": [
                    {
                      "id": "1378fa2f085df0265eb6704341557dbe",
                      "author": "lmc",
                      "time": "2021年04月24日 18:20",
                      "content": "<p>李师，能不能帮忙把石膏说透一些，看了倪师说的时候，好像没有说透一样，寒证也看到用石膏，所以有太多不解。</p>",
                      "level": 4,
                      "highlight": false,
                      "children": []
                    },
                    {
                      "id": "458a2094e9bd93cc11ced51c65e13e6d",
                      "author": "李宗恩",
                      "time": "2021年04月27日 11:52",
                      "content": "<p>你可能還沒有仔細學習倪老師的教材，寒症不代表不能使用寒藥。</p>",
                      "level": 4,
                      "highlight": true,
                      "children": []
                    },
                    {
                      "id": "93b5fa9a2298f3eed6daea6aacb873d5",
                      "author": "lmc",
                      "time": "2021年04月24日 18:41",
                      "content": "<p>例如，没有热证的时候，用生附子强心阳，在用石膏，知母，木香，陈皮，厚朴，吴茱萸，在里面看上去就是寒证，石膏是不是降胃家浊气，脾胃本身功能也是分清降浊气的，是不是这个作用</p>",
                      "level": 4,
                      "highlight": false,
                      "children": []
                    },
                    {
                      "id": "e3bfec7f47815e3d7c1b5430ccdcdd25",
                      "author": "李宗恩",
                      "time": "2021年04月27日 11:53",
                      "content": "<p>肺家津液不足、燥熱時，心陽無法下行，只強心是不足的，石膏是爲了肺家。</p>",
                      "level": 4,
                      "highlight": true,
                      "children": []
                    }
                  ]
                }
              ]
            }
          ]
        }
      ]
    },
    {
      "id": "011ed23c5004fe37f34fb8e090a3e24a",
      "author": "杨医师",
      "time": "2021年03月25日 03:59",
      "content": "<p>你好，我是来自马来西亚的杨医师，很想加入你们，跟你们一起学习。谢谢</p>",
      "level": 0,
      "highlight": false,
      "children": []
    },
    {
      "id": "b6c6c3abf5b45af21cd28eb1933ba80b",
      "author": "校长",
      "time": "2021年04月06日 04:46",
      "content": "<p>远志能解附子的毒性，一个药方里面同时出现这两个药，不知会不会减弱附子的药效？</p>",
      "level": 0,
      "highlight": false,
      "children": [
        {
          "id": "dd8e45b1dc6c86773c5270aa22798d62",
          "author": "李宗恩",
          "time": "2021年04月11日 17:44",
          "content": "<p>不會減弱附子的藥效。</p>",
          "level": 1,
          "highlight": true,
          "children": []
        }
      ]
    },
    {
      "id": "0cdf6f8d08205f700cfcebe577a0b205",
      "author": "明遠",
      "time": "2021年04月30日 02:08",
      "content": "<p>李醫師 您好:</p>\n<p>同時用遠志和附子，不會減弱附子的藥效，但遠志能解附子毒性。能否再詳細說明，如果是這樣，那遠志如何解附子毒性?</p>\n<p>謝謝</p>",
      "level": 0,
      "highlight": false,
      "children": [
        {
          "id": "2b73e855b807a433db52c619ff9eec62",
          "author": "李宗恩",
          "time": "2021年05月02日 11:18",
          "content": "<p>附子的毒性和熱性是不一樣的。雖然現代生化分析研究仍有限，也不一定能代表中藥藥性，我們假借附子化學成分來大致解釋，附子的毒來自雙酯烏頭鹼，沸水煮後，有毒的雙酯烏頭鹼轉化爲毒性很弱的單酯烏頭鹼，在再轉化爲可以視為無毒的醇胺。如果有什麼中藥材可以中和湯藥中的雙酯烏頭鹼，卻不影響湯藥中的單酯烏頭鹼和醇胺，那麼或許可以說成解附子毒卻不影響附子的熱性。當然，這樣的方式不一定能全面解釋問題癥結，只是拿來思考用。</p>",
          "level": 1,
          "highlight": true,
          "children": [
            {
              "id": "4d3253604115a463defd40abfb57c31d",
              "author": "lmc",
              "time": "2021年05月05日 12:57",
              "content": "<p>李师，汤药如果加上米酒效果会不会加强很多</p>",
              "level": 2,
              "highlight": false,
              "children": [
                {
                  "id": "07c06f3e3c26afd01268094ec36a9566",
                  "author": "李宗恩",
                  "time": "2021年05月09日 10:15",
                  "content": "<p>並非如此，而是得看你加酒是想要達到什麼功能。</p>",
                  "level": 3,
                  "highlight": true,
                  "children": [
                    {
                      "id": "9097097aba3784b69f85c9bf313faa6c",
                      "author": "lmc",
                      "time": "2021年05月15日 07:54",
                      "content": "<p>李师，想和您讨论一下高烧的条件，在反推生附子等是否可以做到中药制造高烧，来提高中药的治疗效果，，，高烧是因为出汗少，人体内部能量供应过快，消耗能量过慢，通过这个逻辑就可以了解小续命汤的处方逻辑了，高烧的人一般不是阳虚的人，我们暂时叫阳实，小孩子一般会发高烧，什么脏腑充实，从这边可以延伸 高烧的条件，肝家，脾家，心家要充实，加上生附子点火，炮附子去表实，是不是整个发热的条件就满足了，中医能不能做到人为的高烧，这只是我的一个瞎想。</p>",
                      "level": 4,
                      "highlight": false,
                      "children": []
                    },
                    {
                      "id": "b309cf00cec00ad37a00d8d9246963a0",
                      "author": "李宗恩",
                      "time": "2021年05月18日 11:37",
                      "content": "<p>高燒的原因很多，並非都因爲出汗少，更不是人體内部能量供應過快。所以，你這樣的反推有許多的誤解。</p>",
                      "level": 4,
                      "highlight": true,
                      "children": []
                    }
                  ]
                }
              ]
            }
          ]
        }
      ]
    },
    {
      "id": "b74735f0dc22b134897cd37bc8e0b478",
      "author": "樺",
      "time": "2021年06月05日 17:11",
      "content": "<p>李醫師是否有驚恐症，幽閉恐懼症症的治療病例可分享?</p>",
      "level": 0,
      "highlight": false,
      "children": [
        {
          "id": "b2089b286c88f653ef335609f91bd165",
          "author": "李宗恩",
          "time": "2021年06月05日 21:42",
          "content": "<p>我有不少驚恐症、幽閉恐懼症病例，以後有時間可以討論。</p>",
          "level": 1,
          "highlight": true,
          "children": []
        }
      ]
    },
    {
      "id": "22aa3f82a3e35ee0f6717ce3718e0845",
      "author": "樺",
      "time": "2021年06月06日 23:41",
      "content": "<p>謝謝您，期待你您有關的分享。<br/>\n我有驚恐症和幽閉恐懼症。在新加坡這裡有看中醫可是并沒有改善，已大幅度影響我家的生活和健康。<br/>\n李醫師,我已聯絡您的診所，希望您能幫我遠程看診.</p>",
      "level": 0,
      "highlight": false,
      "children": []
    },
    {
      "id": "627492f5189669a7146f20857ae075c1",
      "author": "David Yang",
      "time": "2021年12月28日 23:18",
      "content": "<p>失戀情緒不佳的人除了自己想開，藉由中藥幫忙效果如何?</p>",
      "level": 0,
      "highlight": false,
      "children": [
        {
          "id": "dffb05dce5dc6236a706ab10949445cb",
          "author": "李宗恩",
          "time": "2022年01月01日 10:42",
          "content": "<p>中醫可以治癒情志病，不過，病人及家屬得配合改變生活習慣及互動模式。</p>",
          "level": 1,
          "highlight": true,
          "children": []
        }
      ]
    },
    {
      "id": "538088e266ec3ed8c04df87e2298056f",
      "author": "送你座帆船",
      "time": "2024年05月05日 22:44",
      "content": "<p>哈哈，自从看了李医师的案例每次看到吃东西容易上火都下意识感觉中下焦有湿，也算是得到一些临床经验了</p>",
      "level": 0,
      "highlight": false,
      "children": []
    },
    {
      "id": "af3cf5e829774096c5e0895d28be3c25",
      "author": "李梁",
      "time": "2024年05月25日 09:34",
      "content": "<p>记一下笔记方便自己以后在学习！这一篇医案重点在于如何正确理解肝阳上亢在中医生理病理学中所呈现的其中之一的一个过程，肝阳上亢只是一个最终表现出来的一个症状而已，当有这个症状的时候，需要结合自身所呈现出的症状以及平衡点之间的互相影响去反推会不会构成所谓的肝阳上亢的表现，而并非冒然直接使用归纳总结所对应的方剂龙胆泻肝汤！</p>",
      "level": 0,
      "highlight": false,
      "children": [
        {
          "id": "4f7583143abbea7a7013973d0f0f9d5a",
          "author": "李梁",
          "time": "2024年05月26日 08:51",
          "content": "<p>提醒一下自己，1+2可以＝3，同样道理1+0.5+1.5也可以＝3，同一个结果可能有不同的开合点共同作用！</p>",
          "level": 1,
          "highlight": false,
          "children": []
        }
      ]
    },
    {
      "id": "ad8344690f7662bab5490703f7db0c38",
      "author": "君荷",
      "time": "2024年09月13日 18:27",
      "content": "<p>甘麦大枣汤＋酸枣仁汤＋百合地黄汤:补肝血<br/>\n吴茱萸:温肝<br/>\n大黄 厚朴 枳实:解决便秘<br/>\n木香 陈皮:健脾消食<br/>\n炮附子 石膏:解决上热下寒<br/>\n麦门冬的作用同石膏。<br/>\n李老师，请问我的理解正确吗？</p>",
      "level": 0,
      "highlight": false,
      "children": [
        {
          "id": "5ac9b788fbc97c92d5bb88cf92b29299",
          "author": "李宗恩",
          "time": "2024年09月19日 12:01",
          "content": "<p>基本方向是對的。</p>",
          "level": 1,
          "highlight": true,
          "children": []
        }
      ]
    }
  ],
  "page": 17,
  "order": 7,
  "filename": "data\\page17\\page17_order6_c6b087b653515978d373d1e37da53529.json"
}