{
  "article_url": "https://andylee.pro/wp/?p=4889",
  "title": "一個該被痛罵的病人母親",
  "content": "<p>我很少罵病人或病人家屬，最多是和診所同仁討論少數病人或病人家屬如何因為他們自己不正確的態度而傷害到自己或家人。然而，這個病例非得痛罵，一方面我很同情這位年輕的病人，另一方面病人母親的錯誤，是造成病人傷害的主要原之一。</p>\n<p>這位年僅二十歲的年輕病人，九歲半以前跟祖父母在中國住，到了九歲半才回到住在美國的父母身邊。在英文不流暢及文化差異下，適應美國生活的情況不是很好，也受到了一些美國同學言語上的欺負。更嚴重的是，病人的親生父親有嚴重的躁鬱症（bipolar）及暴力傾向，控制慾很強，常常用暴力的方式打罵這位病人。事態嚴重到得報警處理，法院下了限制令（restriction order）。然而，病人母親不敢為保護小孩而真的對抗病人的父親，讓這樣父親虐待小孩的情況繼續下去。</p>\n<p>病人在十三歲多時出現了不正常的行為及思想，剛開始想和陌生人不停的說話，後來變得無法和他人正常說話，出現自殺念頭，會用頭大力撞牆，全身肌肉僵硬緊繃，整天無法做事，也不吃喝，直到半夜睡覺前才勉強吃些東西。身體很累，記憶力非常差，也有嚴重幻覺，覺得有魔鬼在身體裡面。</p>\n<p>西醫MRI檢查腦部，找不出問題，於是給病人服用各種精神科藥物。許多年下來，劑量越加越大，一直看不到效果，竟然還用早已被認為問題嚴重的強烈電療法！而病人父親並沒有停止打罵虐待病人，病人母親也以「先生揚言如果他們再報警會殺了他們」為理由，默默的讓事情繼續下去，直到病人十七歲左右，才受不了，帶著病人逃離到加州，離開病人父親，但是依然給孩子服用各種精神科藥物。</p>\n<p>去年中旬，病人快十九歲，第一次來找我看診，我花了很多時間了解整個背景故事及之前精神科的治療，也花了很多時間深入討論病情及安撫病人母親，開了一週的中藥給病人服用。病人母親回家後，沒有按照指示早晚餐前服藥，而是半夜十一二點才給病人服藥，結果當天晚上病人睡不著，隔天打電話來問是不是中藥有問題。診所前台解釋半天，病人母親還要求要英文版的藥方單，説是要給西醫精神科醫師看。過了幾天，診所打電話追蹤，病人母親説按照指示早晚餐前服藥，就沒有睡不著的問題。然而，病人母親沒有帶病人來回診。</p>\n<p>這一消失就是一年多，直到兩週前，病人母親又帶病人來看診。她説這一年來，病人情況更糟糕了，除了全身肌肉緊繃更嚴重，肝的部位疼痛嚴重到受不了，同時，幻覺及恐懼感也更嚴重了，病人白天看不到母親，會覺得是自己把媽媽殺了，會跑到大馬路躺在地上，説是要等警察來抓，有時看到陽台圍欄，會試著想要跳樓自殺。我問病人母親，這一年多來做了什麼治療，她説還是一樣給病人服用各種精神科藥物，情況嚴重到史丹佛醫院的醫師都認為無法治療了，同時，連西醫自己也警告那些種精神科藥物非常傷肝。病人母親説，病人的情況比以前更嚴重了，整個人幾乎算是報廢了，西醫實在已經沒有辦法治療，只好再來找我看診。</p>\n<p>這次我還是一樣，壓著心中的不高興，耐心的解釋中醫如何看待病人現在的情況，該如何處理，要求病人母親這次得按照我的指示，一步一步的治療，不然病人只會越來越糟，病人母親一再答應這次會乖乖聽話。</p>\n<p>病人母親還沒走出診所，看到藥方中有龍膽草一味藥，就和診所前台吵了很久，説什麼大陸報導龍膽草有毒等等，診所前台不願意打擾我看診，花了很多時間和病人母親解釋，她才半信半疑的離開。病人服用三天藥後，病人母親打電話來抱怨，説病人肌肉更緊繃了、肝臟部位更痛、更難入睡。診所前台問我後跟她解釋，病人才剛剛開始服用中藥，藥方也開的很輕，主要是試探病人身體的反應，自己覺得好的反應不一定代表好，自己覺得壞的反應不一定代表壞，更何況病人目前仍然繼續服用那些對肝及其它器官有強烈副作用的精神科藥物，很多身體反應是精神科藥物副作用不斷累積的結果。診所前台轉達我的意思，要病人繼續服藥，等今天複診時，讓我親自檢查，我自然會依照病人身體反應來決定下一步。</p>\n<p>結果呢？診所前台早上告訴我，病人母親取消了今天的複診，決定不來看診了。諸位讀者們，你們文章看到這裡，應該已經了解我為什麼非得罵這位病人母親。這位病人母親，教育程度不高，對中西醫都不了解，本來我很同情她受到先生的霸凌及自己知識不足的限制，無法保護自己小孩免於父親的虐待及西藥的迫害，然而，經過這一年多來病人病情變得更糟糕的教訓，還是執迷不悟、自以為是，那麼孩子承受的痛苦及被報廢的人生，要怪誰呢？</p>\n<p> </p>\n<p> </p>",
  "article_time": "2018年07月05日 15:50",
  "comments": [
    {
      "id": "e4e391e03ad63592597d3d171e2aada0",
      "author": "云淡风轻",
      "time": "2018年07月05日 16:09",
      "content": "<p>医者父母心！您这样为病人着想是他们的福气</p>",
      "level": 0,
      "highlight": false,
      "children": []
    },
    {
      "id": "ac12a5dac7fabb39e3f280208e53b8ab",
      "author": "魯豆腐",
      "time": "2018年07月05日 19:04",
      "content": "<p>學了十幾年倪醫師的經方絕活，當然也學到了他那獅子吼的個性，我想這是曾經直接經過倪師親傳的人多少都會感染到的性格。無所謂好壞，因為都希望能幫人往正向發展，見到了執迷不悟者都會先苦口婆心勸說，如果一再不聽就惹來怒氣以待希望能駡醒病人。</p>\n<p>但有些人就是那種怎麼也駡不醒的，那就隨他們去了，既然駡不醒就叫他們別再來浪費時間和金錢，更阻塞了許多真心想求診病人的寶貴時間，只能說一樣米養百樣人就是這樣，無奈！</p>",
      "level": 0,
      "highlight": false,
      "children": [
        {
          "id": "bf82ad53dadbb7a7ef81c071f1a487d6",
          "author": "暗香疏影",
          "time": "2024年03月25日 21:58",
          "content": "<p>可怜之人必有可恨之处</p>",
          "level": 1,
          "highlight": false,
          "children": []
        }
      ]
    },
    {
      "id": "78e965aba03014f567b2799b23f948fb",
      "author": "深圳罗先生",
      "time": "2018年07月05日 22:42",
      "content": "<p>有句歌词：“一切显现皆因果”。又经云：神通敌不过业力。《不思议光菩萨所说经》中婴儿与世尊的对话极为精彩，其中婴儿往昔的业力就大。</p>",
      "level": 0,
      "highlight": false,
      "children": []
    },
    {
      "id": "665136d2fb9436c63b82794333c6fa9f",
      "author": "台北sam",
      "time": "2018年07月08日 10:13",
      "content": "<p>請問Andy醫師，淋巴癌轉移漢唐7號一天可以吃幾次？是早晚還是早中晚？謝謝您</p>",
      "level": 0,
      "highlight": false,
      "children": [
        {
          "id": "ee2e6a1b2e19f7d7fb34fa8baa2d575c",
          "author": "andy",
          "time": "2018年07月09日 09:48",
          "content": "<p>沒有親自診斷病人，我不會知道，甚至不會知道病人適不適合服用漢唐7號。</p>",
          "level": 1,
          "highlight": true,
          "children": [
            {
              "id": "6fd7a510a8d2d7c67f4342d20cab0489",
              "author": "sam",
              "time": "2018年07月10日 21:03",
              "content": "<p>謝謝您的回答.是我的毛小孩得淋巴癌擴散.獸醫也沒法了.我曾經因糖尿病得倪醫師親診而癒.我已經在讓小狗服用漢唐7號只想能否有奇蹟.我想盡人事就好.不好意思打擾了.</p>",
              "level": 2,
              "highlight": false,
              "children": []
            }
          ]
        }
      ]
    },
    {
      "id": "2f7563466755993e68c1b1151ee0da17",
      "author": "Ferry瑞芳",
      "time": "2018年07月09日 12:35",
      "content": "<p>我认为这个事不能痛骂其母，想想看:有多少父母真正了解中医和西医呢?又有多少医学生真正了解中医和西医呢?真正让病人受到伤害的是错误的治疗方案(包括服用的药物)，而其母没有医学知识，加上大环境的影响，她别无选择。</p>",
      "level": 0,
      "highlight": false,
      "children": [
        {
          "id": "bf948d36a68b4bab3381cdad2959bec4",
          "author": "andy",
          "time": "2018年07月09日 09:41",
          "content": "<p>雖然大環境如此，一年多前我跟她解釋的很清楚，一年多來她們又再度體會精神科藥物的無效及副作用，這次我又再度解釋的很清楚，所以，這次沒有理由推拖到大環境的洗腦。</p>",
          "level": 1,
          "highlight": true,
          "children": [
            {
              "id": "e48a70f163b9b7c453ed691927310067",
              "author": "Ferry瑞芳",
              "time": "2018年07月09日 17:20",
              "content": "<p>嗯，好吧</p>",
              "level": 2,
              "highlight": false,
              "children": []
            },
            {
              "id": "3a3eaea0d12ae3fd5a4c216ca2f7eea9",
              "author": "Ferry瑞芳",
              "time": "2018年07月09日 17:42",
              "content": "<p>问题就在于，您说得这么清楚了，她听明白了吗?她听进去了吗?我们假设她都听懂了，她不照做，痛骂又有什么用呢</p>",
              "level": 2,
              "highlight": false,
              "children": [
                {
                  "id": "cdd28733ea7e0e42036a107ed6f96dc4",
                  "author": "andy",
                  "time": "2018年07月09日 20:17",
                  "content": "<p>罵是罵給其他人聽的，如果能罵醒幾個執迷不悟卻沒人解釋給他們聽的人們，就幫助到他們。</p>",
                  "level": 3,
                  "highlight": true,
                  "children": [
                    {
                      "id": "c61c416a48afcd4946d2a0b35d8bb1b2",
                      "author": "Roc",
                      "time": "2018年07月09日 20:43",
                      "content": "<p>正所谓佛不度无缘之人。确实会有人从中醒悟过来。感恩李医师的医者仁心！</p>",
                      "level": 4,
                      "highlight": false,
                      "children": []
                    },
                    {
                      "id": "0ae8fac34e4214dccfe702e4774125cf",
                      "author": "Ferry瑞芳",
                      "time": "2018年07月10日 03:17",
                      "content": "<p>有理!</p>",
                      "level": 4,
                      "highlight": false,
                      "children": []
                    }
                  ]
                }
              ]
            }
          ]
        }
      ]
    },
    {
      "id": "3ee596822948659fe903b9b472df8fc0",
      "author": "lmc",
      "time": "2018年07月14日 17:36",
      "content": "<p>李医生，倪师曾经说过为人父母者不学医识为不慈，为子女者不学医识为不孝，当时倪师能说这句话，可能当时心情和你此刻的心情是一样的，，，</p>",
      "level": 0,
      "highlight": false,
      "children": [
        {
          "id": "a7b4a2f955d1f95fc72eacec70109608",
          "author": "andy",
          "time": "2018年07月16日 10:58",
          "content": "<p>是的，如果父母用不對的方式教育小孩，老師們和親朋好友之中一定會有人挺身出來說些什麼，可是如果父母不斷讓小孩子服用有強烈副作用的西藥，對小孩子傷害遠大過教育方式，卻很少會有人出來阻止。</p>",
          "level": 1,
          "highlight": true,
          "children": []
        }
      ]
    },
    {
      "id": "464cfd82a14b8a9ac6a841d4f8828ddd",
      "author": "lmc",
      "time": "2018年07月17日 05:35",
      "content": "<p>李医生，我两个手关节处有皮肤发暗（大母指没有，其他四指有），在手掌关节上，一般到冬天就好，夏天就发，不知道是什么问题，用对侧法来看的话应该是肾，或者，骨，骨髓，之类的问题，还请给于指导，，，</p>",
      "level": 0,
      "highlight": false,
      "children": []
    },
    {
      "id": "131409f13f26a62230914471c8c52ef0",
      "author": "任勇伟",
      "time": "2018年08月15日 06:41",
      "content": "<p>李老师你 好，我以前有个少阴证的患者兼有腰部命门极疼的患者，就像定进钢板了，根本就下不了地，现在又来说其他都正常，就是腰上没力，不能做大的动作，走路有时要双手护着自己腰走，不能走的太远，走起路来腰部歪的，西医拍片说腰间盘突出，我给针灸10天（双后溪，双委中，双阳陵泉，双绝骨，双足三里，双太溪）当时挺有效果，过俩天又不行了，给做艾灸也没反应，我觉得还是有寒湿，我最近看到你治疗僵直性脊柱炎用生硫磺做猛将，他开始的命门像定进刚板的疼和脊柱炎性质我觉得差不多，现在虽然不是那样急痛，但是也在督脉上，所以我这次考虑用布包生硫磺粉12g先煎30分，在和桂枝汤重用桂枝25g加白术茯苓去湿组合，我买的进口生硫磺，品质是火山口的，想试一下，我就是问问老师我的大方向对不，可以到督脉吗？卖药的说直接吃的作用大，我听倪海厦老师课程是包煎，老师帮我看看我的做法哪有不足，谢谢</p>",
      "level": 0,
      "highlight": false,
      "children": [
        {
          "id": "8f78eb77f7c7e5a374518863c4c55757",
          "author": "任勇伟",
          "time": "2018年08月16日 15:22",
          "content": "<p>我少阴证治好后，就给他针灸，吃药都是给补肾为主，都看不到一点效果，中间有吃寒药，腰痛明显加重，我只是用了桂附八味汤药吃，没有反应，所以我只考虑硫磺了，我也知道硫磺也不用先煎了，就是不知道和桂枝汤搭配是不很完美，希望老师指点一下，他又找过我来，我想也想让他看见点希望，不然又去找西医了 。</p>",
          "level": 1,
          "highlight": false,
          "children": []
        },
        {
          "id": "0ce38da9e913598b408329e16a3f4a7f",
          "author": "Jonson GU",
          "time": "2018年08月16日 15:49",
          "content": "<p>前几天我也有这个症状，就是起身后命门哪里突然痛，腰无法直立，躺下后腰部觉得空空的，自己无法下针，就在肾俞和委中拔火罐，被拔的地方都是淤（紫红色），拔了二次后就好了，药都不用。个人认为问题在肾和脾上，脾主肌肉，骨头不会无缘无故生什么东西，而是肌肉出了问题。</p>",
          "level": 1,
          "highlight": false,
          "children": []
        }
      ]
    }
  ],
  "page": 34,
  "order": 10,
  "filename": "data\\page34\\page34_order9_e48a70f163b9b7c453ed691927310067.json"
}