{
  "article_url": "https://andylee.pro/wp/?p=5007",
  "title": "FM 96.1： 子宮息肉和腫瘤還相差多少?傳統中醫談婦科",
  "content": "<!--[if lt IE 9]><script>document.createElement('audio');</script><![endif]-->\n<audio class=\"wp-audio-shortcode\" controls=\"controls\" id=\"audio-5007-1\" preload=\"none\" style=\"width: 100%;\"><source src=\"https://andylee.pro/wp/wp-content/uploads/2018/08/sdrtalk-20180821-508-534pm-23m51s.mp3?_=1\" type=\"audio/mpeg\"/><a href=\"https://andylee.pro/wp/wp-content/uploads/2018/08/sdrtalk-20180821-508-534pm-23m51s.mp3\">https://andylee.pro/wp/wp-content/uploads/2018/08/sdrtalk-20180821-508-534pm-23m51s.mp3</a></audio>\n<p>中醫認為女人乳水充盈，在排卵期左右會分泌乳水，乳水充盈之後，心的陽氣將乳水經由任沖二脈推行至子宮。子宮後面是小腸，小腸也受熱於心，心與小腸都在五行裡屬火，心為君主之官，提供熱能給小腸。隨後小腸再將熱能傳給附近的子宮，精宮，膀胱，大腸，一部分的胃等等。當乳水下行至子宮後，經小腸熱能的蒸煮，子宮就將乳水運化成經血，當時機適當則流出，此為中醫認為女性月經週期的來源機制。</p>\n<p>子宮病變基本上由寒而來，根據中醫上述的理論，寒可以由數方面而來，比如說心陽不足，或肝血不足造成心陽不足，或是乳水下行受到堵塞等。乳房腫塊，下腹寒濕淤積或是受傷血瘀等等都能造成乳水下行通路的瘀阻，當下行通路阻塞，則心陽無法下行，一方面可能會上沖於頭面而使臉上有痘，另一方面會造成小腸熱不足使周圍器官受寒而造成寒濕淤積，子宮一旦受寒，則有經痛，白帶增多，月經不調等等症狀。</p>\n<p>子宮寒多積久則為寒實，如子宮息肉之類，至極致則為陰實，如腫瘤，甚至癌變等等。而手術切除子宮息肉，可能會反覆發作，就如同房間十分寒冷，又有縫漏水結成冰，將冰打掉後，其根本問題並沒有解決，漏水的冰冷房間仍會結冰。中醫也可以使用暖子宮的藥，如艾葉，吳茱萸等，使子宮暖起來先治標救急，如膠艾湯能暖宮止大量出血，但最終仍須配合治本的方法調理。</p>\n<p>有４０多歲女性，想來治療月經期亂與停經問題，但醫生認為患者每月乳房腫脹的部分是下行堵塞又因停經期為乳癌高峰期，故乳房腫脹為較嚴重的問題，會先治療乳房腫脹，再來調整停經經亂。因此實際治療方式與進程，需要醫生與病人好好溝通，才不會產生誤解。</p>\n<p>冰凍三尺非一日之寒，當身體有寒象時，如小腹肥大有濕淤積，儘早找醫師去除子宮寒濕，解決問題。</p>\n<p><strong>（語音檔案由FM96.1電台提供，文章摘錄自語音檔案內容，部分文字略有異同，敬請見諒。）</strong></p>",
  "article_time": "2018年08月21日 16:47",
  "comments": [
    {
      "id": "1cfe33b7e9032c93d034ea0e1943f028",
      "author": "魯豆腐",
      "time": "2018年09月10日 19:03",
      "content": "<p>請教Dr.李，我有一位朋友據他說每年都會去切除大腸的息肉，想預防大腸病變，這又會引發什麼副作用嗎？他很自豪但我卻為他擔心</p>",
      "level": 0,
      "highlight": false,
      "children": [
        {
          "id": "e37eef15683807ac2230ba979a7dfa79",
          "author": "andy",
          "time": "2018年09月12日 10:33",
          "content": "<p>大腸息肉的產生，是身體的訊息，代表生活習慣及健康上有問題，只是切去息肉，不把身體狀況調整回來，不去改善生活習慣，並不能真的避免大腸癌。大腸息肉切除不是什麼大手術，除了造成大腸內許多傷疤外，本來問題不大，然而，事情沒有那麼單純，隱藏的癌細胞受到攻擊時，已經被證實會加速擴散，而大腸的癌細胞擴散時，肝和肺首當其衝，肝癌及肺癌比大腸癌嚴重很多，也更難治療或減緩惡化。換句話說，你的朋友「每年都去切除大腸息肉」，也就是説他每年大腸息肉都是切了再長，代表他身體早就有問題，不去解決背後的原因，只是不斷的手術切除息肉，那麼他的健康遲早會出更大的問題。</p>",
          "level": 1,
          "highlight": true,
          "children": [
            {
              "id": "542f7c690f0e3d45d6a5827dfcf7b5c2",
              "author": "魯豆腐",
              "time": "2018年09月12日 16:12",
              "content": "<p>是啊，您真的很厲害！我朋友他不但生活習慣不正常，而且愛吃膏梁厚味的飲食，難怪身體肥胖又不健康，看來我若是不重重的嚇他，可能很難把他救回來，真的多謝 Dr.李您了</p>",
              "level": 2,
              "highlight": false,
              "children": [
                {
                  "id": "3fa8d340eac03eda27c2c4bc20afd287",
                  "author": "魯豆腐",
                  "time": "2018年09月12日 17:59",
                  "content": "<p>就在剛要來上班之前看到電視新聞在播，日本又發展出什麼鬼疫苗，也願意分享他們研發的成果給台灣防治，這不但又要來大撈其錢又可害死台灣人，大家可得注意其陰謀詭計了</p>",
                  "level": 3,
                  "highlight": false,
                  "children": []
                }
              ]
            }
          ]
        }
      ]
    },
    {
      "id": "770c858f090cd07e228298d619a71ca2",
      "author": "魯豆腐",
      "time": "2018年09月24日 22:26",
      "content": "<p>分享一則令人覺得驚的醫學新聞，我的猜想應是沒有受到西醫學過度的治療有關吧！<br/>\n<a href=\"https://tw.news.yahoo.com/%E6%8E%A5%E7%94%9F%E7%99%8C%E6%9C%AB%E5%AC%B0-%E5%B9%B4%E5%8D%BB%E5%BA%B7%E5%BE%A9-%E5%8F%B0%E5%A4%A7%E5%90%8D%E9%86%AB-%E6%AF%8D%E6%84%9B%E9%82%84%E6%98%AF%E5%A5%87%E8%B9%9F-230441402.html\" rel=\"nofollow ugc\">https://tw.news.yahoo.com/%E6%8E%A5%E7%94%9F%E7%99%8C%E6%9C%AB%E5%AC%B0-%E5%B9%B4%E5%8D%BB%E5%BA%B7%E5%BE%A9-%E5%8F%B0%E5%A4%A7%E5%90%8D%E9%86%AB-%E6%AF%8D%E6%84%9B%E9%82%84%E6%98%AF%E5%A5%87%E8%B9%9F-230441402.html</a></p>",
      "level": 0,
      "highlight": false,
      "children": [
        {
          "id": "9f2d25d6dd31383be34f32f13e32fb83",
          "author": "andy",
          "time": "2018年09月25日 13:50",
          "content": "<p>謝謝你的分享，這樣的新聞，在很多國家都有發生過，至於如何解釋，那就沒有個定論。</p>",
          "level": 1,
          "highlight": true,
          "children": [
            {
              "id": "1cb81cc8459f54d45bf3fd23522e4343",
              "author": "魯豆腐",
              "time": "2018年09月25日 18:28",
              "content": "<p>也是啦！因為整個過程我們不知有沒有什麼外力界入，就是西醫藥之外的正向力量所致，也因此我只能推測應該是西醫學以外的正向力量介入，畢竟我們都不知道摻雜了什麼因素，謝謝您</p>",
              "level": 2,
              "highlight": false,
              "children": []
            }
          ]
        }
      ]
    },
    {
      "id": "7677921ec5a5f2c563b00600efd2a157",
      "author": "闫中天",
      "time": "2023年11月02日 20:05",
      "content": "<p>老师，桂枝炙甘草强心阳，生附子强心阳，补肝血间接强心阳。还有其他方式吗？</p>",
      "level": 0,
      "highlight": false,
      "children": [
        {
          "id": "53ec2ef8dffb9f91964219df72d7d852",
          "author": "李宗恩",
          "time": "2023年11月07日 10:01",
          "content": "<p>不要隨便想到什麼問題就一直在這裡發問，你自己應該先好好研讀倪老師的中醫教材。在你自己花時間好好研讀及尊重別人時間前，我不再回答你的問題。</p>",
          "level": 1,
          "highlight": true,
          "children": [
            {
              "id": "6c2f86a0d4c56bd1e673fd449251b9db",
              "author": "闫中天",
              "time": "2023年11月07日 17:47",
              "content": "<p>李老师莫生气，最近一段时间集中听您的广播，有也许疑问，但身边中医都不是正统经方出身，水平有限回答不了。身边也就只有您的网站这一个渠道可以提问，所以问的比较杂，影响您心情，浪费您时间了，我现在就从新再研究人纪。</p>",
              "level": 2,
              "highlight": false,
              "children": []
            }
          ]
        }
      ]
    },
    {
      "id": "2e6f514146e9958a1c8a22df91ec76d8",
      "author": "guizj",
      "time": "2024年04月12日 21:15",
      "content": "<p>李医师你好，现代到处宣传hpv感染是子宫癌的罪魁祸首，但是倪师的个人网站当中，说那并不是致癌的因素，认为hpv只是一种皮肤病，也就是菜花，是否感染了hpv不要过度治疗？母亲当年感染高危hpv，后来用激光治疗，但最近总是hpv复阳.实属紧张，望您能给予回复，非常感谢</p>",
      "level": 0,
      "highlight": false,
      "children": [
        {
          "id": "bf351045b46c84c72102046b1ee9568b",
          "author": "李宗恩",
          "time": "2024年04月15日 09:12",
          "content": "<p>大多數HPV感染病人會在一兩年內自癒，無需治療，只有很少比例的病人會導致癌症。在不成比例下過度強調HPV的危險性，強迫所有女性打HPV疫苗，實為商業行為，而非理智的醫療行為。抽菸有可能導致肺癌，喝酒有可能導致肝癌，那我們是不是也應該全面禁煙禁酒？</p>",
          "level": 1,
          "highlight": true,
          "children": [
            {
              "id": "1a9bcf2d96e0d93e663cbbcf6e64e736",
              "author": "guizj",
              "time": "2024年04月16日 09:49",
              "content": "<p>谢谢您的回复，非常正确，<br/>\nPS：个人不可理解的一点，疫苗的作用是让死病毒注入体内，让免疫系统识别后，将来遇到同样的病毒，免疫力能“精准识别并消除”，基于这个理论，那岂不是感染过HPV病毒且自愈者的免疫力同样有此功效？<br/>\n但是却有大量感染后自愈，而“再次感染”的案例出现。基于这个点，疫苗理论上就毫无意义</p>\n<p>再次感谢李医师的回复，实在是感激不尽，如果太忙了，也可不回复，非常感谢~，</p>",
              "level": 2,
              "highlight": false,
              "children": [
                {
                  "id": "cd40f95813ae06ea277976f0b1c56e32",
                  "author": "李宗恩",
                  "time": "2024年04月16日 13:55",
                  "content": "<p>這你得學習一些西醫的東西，不是所有病毒感染後，人體就能產生對其的抵抗力，更何況HPV是個通稱，至少有200多種不同的HPV病毒。</p>",
                  "level": 3,
                  "highlight": true,
                  "children": [
                    {
                      "id": "793a86632d8902564bc8fa842c727095",
                      "author": "guizj",
                      "time": "2024年04月16日 19:36",
                      "content": "<p>好的，谢谢您</p>",
                      "level": 4,
                      "highlight": false,
                      "children": []
                    }
                  ]
                }
              ]
            }
          ]
        }
      ]
    },
    {
      "id": "adbea60d1e5a49f554b7b31060d0f437",
      "author": "Grace",
      "time": "2024年10月20日 23:58",
      "content": "<p>李醫師您好，我本身是建築師，讀到您用建築物理環境來比喻人體運作的邏輯，覺得非常容易理解，謝謝您！<br/>\n想請教您關於白帶的問題：<br/>\n1）請問赤白帶的組成是《沒有排掉的乳水》或是《體內其他處的寒濕》滲漏進子宮的？（因為絕經多年的婦人也會有白帶，答案似乎是後者？）<br/>\n2）若白帶是因寒而生，為何還會分成赤帶與白帶呢？</p>\n<p>打擾了，謝謝！</p>",
      "level": 0,
      "highlight": false,
      "children": [
        {
          "id": "5e67060c432cf22d29f345f0c0ebccdc",
          "author": "李宗恩",
          "time": "2024年10月24日 14:00",
          "content": "<p>（1）濕，指的是該代謝處理掉的物質，沒有被處理掉，而不是什麼地方的水漏到哪裡了。（2）即使下焦整體寒，還是有許多原因可以造成下焦局部熱。</p>",
          "level": 1,
          "highlight": true,
          "children": [
            {
              "id": "0f98a2d3749e67b89f9bcd5683629b3b",
              "author": "Grace",
              "time": "2024年10月28日 02:08",
              "content": "<p>Thank you for answering!</p>",
              "level": 2,
              "highlight": false,
              "children": []
            }
          ]
        }
      ]
    }
  ],
  "page": 34,
  "order": 5,
  "filename": "data\\page34\\page34_order4_770c858f090cd07e228298d619a71ca2.json"
}