{
  "article_url": "https://andylee.pro/wp/?p=7353",
  "title": "微信講座：新冠肺炎的中醫經方治療",
  "content": "<p>上週六下午，應加拿大中醫針灸群的邀請，在微信上做了一個網上講座，簡單的討論了這次通許人民醫院治療新冠肺炎的思路，有興趣的讀者可以聽一聽。不過，因為是針對專業中醫師的講座，雖然我已經簡化很多，有些人反應聽不太懂一些中醫的名詞。另外，微信軟件有些問題，漏掉了好幾個段落，導致部分討論沒有銜接好。沒有關係，先聽聽就好，我們會陸陸續續回頭來討論這些新冠肺炎及其它流感肺炎的病例。</p>\n<p>另外，感謝很多人關心通許人民醫院救治新冠肺炎病人的情況。目前，第二位確診病人已經基因核酸檢測陰性兩次，肺部CT影像及血液檢查正常，符合國家痊癒鑑定標準，正準備出院，希望這次不再被一些非醫療因素給推延出院。第三及第四位確診病人，情況良好，預期一週內申請基因核酸檢測。</p>\n<p>錄影檔：新冠肺炎的中醫經方治療</p>\n<figure class=\"wp-block-audio\"><audio controls=\"\" src=\"https://andylee.pro/wp/wp-content/uploads/2020/02/课程0209_李宗恩武汉肺炎的中医经方治疗.mp3\"></audio></figure>\n<p>（注：第二個新冠肺炎確診病人，今天稍早已經為政府核准痊癒出院了。）</p>",
  "article_time": "2020年02月10日 12:46",
  "comments": [
    {
      "id": "585550326096f81d683e4f7992a3c5c2",
      "author": "子超RayZ",
      "time": "2020年02月10日 16:57",
      "content": "<p>谢谢分享！！</p>",
      "level": 0,
      "highlight": false,
      "children": []
    },
    {
      "id": "b44ab89cbdf79891f944ae155640adbc",
      "author": "刘剑彬",
      "time": "2020年02月10日 17:12",
      "content": "<p>您好，我是您的粉丝，自己也是学中医治病看中医接近三年结果还是治不好，您能帮我看看嘛？好多方剂都用过，越来越看不到希望，您有时间能帮忙看下嘛？</p>",
      "level": 0,
      "highlight": false,
      "children": []
    },
    {
      "id": "3545d4b90c8a3943b9e60de3dc85c868",
      "author": "刘剑彬",
      "time": "2020年02月10日 17:15",
      "content": "<p>李医师，您好，在大陆基本找得都是南派温病派中医，已经拜访过三十多个中医，每天也坚持学习倪师伤寒金匮视频，但是目前身体感觉不是很好，想找您看，不知道您近一年有回大陆的行程吗？</p>",
      "level": 0,
      "highlight": false,
      "children": []
    },
    {
      "id": "7e3c99670a71947fbc41085ab6c20e2f",
      "author": "Dennis Wu",
      "time": "2020年02月10日 19:51",
      "content": "<p>谢谢李医生。昨天就已经在千聊听了您的课程，也在朋友圈和群里分享了，感谢！希望以后可以能更多的学习。</p>",
      "level": 0,
      "highlight": false,
      "children": [
        {
          "id": "472de85dac153234a3a984799213ec76",
          "author": "andy",
          "time": "2020年02月12日 11:11",
          "content": "<p>我們本來想用千聊直播，但是來得及通知大家，就維持用微信來一句一句的講。</p>",
          "level": 1,
          "highlight": true,
          "children": []
        }
      ]
    },
    {
      "id": "a936ca900aa096f03f64a1a4086fed4d",
      "author": "患者感激您",
      "time": "2020年02月10日 20:39",
      "content": "<p>微信一次发言60秒以内，谢谢您李医师。</p>",
      "level": 0,
      "highlight": false,
      "children": [
        {
          "id": "fa1ad511b1505f5f715517f684c67faf",
          "author": "andy",
          "time": "2020年02月12日 11:13",
          "content": "<p>謝謝告知。我們知道微信一次60秒，我覺得是我的Pixel 4手機剛剛作業系統更新，微信App沒趕上最新的Android系統，造成一些以前沒遇到的問題。</p>",
          "level": 1,
          "highlight": true,
          "children": []
        }
      ]
    },
    {
      "id": "f62e80780bc379c4edf5a84cd3b2d6a5",
      "author": "冰山",
      "time": "2020年02月11日 02:52",
      "content": "<p>西医西药的医疗成本太大了，已经到了不堪重负的境地</p>",
      "level": 0,
      "highlight": false,
      "children": [
        {
          "id": "0b3f4b140ea679e07d3893fcf92fb3a1",
          "author": "andy",
          "time": "2020年02月12日 11:16",
          "content": "<p>是的，即使伊波拉病毒用藥被證實有效，西醫治療還是得有大量的其它治療來支持，費用非常高，會拖垮醫療系統，更會導致病人很多副作用，很多非典肺炎西藥治癒的病人，肺及骨頭壞死，十幾年來生不如死，非常可憐。</p>",
          "level": 1,
          "highlight": true,
          "children": []
        }
      ]
    },
    {
      "id": "6b825f4a832b6d4c64a3ee6ff25d8ec5",
      "author": "我是倪粉",
      "time": "2020年02月11日 06:53",
      "content": "<p>大青龙汤实为麻黄汤与越婢汤的合方，对照原文可知，不过这不是重点，李医师身在美国，心系大陆，为发扬经方不遗余力，让那么多病人看到希望，实在值得我们称赞！</p>",
      "level": 0,
      "highlight": false,
      "children": [
        {
          "id": "f2be61b0a1b2ab7a0d7dd4710bbcf0a1",
          "author": "andy",
          "time": "2020年02月12日 11:31",
          "content": "<p>如我所言，古書方劑只是為了教學解釋，平時用這些經典藥方來學習及交換意見，真的看診時，應該是一味一味藥開，知道每一味藥的用處、劑量、角色，藥方渾然天成，讓其他人去解釋藥方中包括哪些經典方劑，而不是腦子裡想著這個方劑兜上那個方劑。這也是倪海廈老師臨床看診開方的方式，倪老師常說：「張無忌無招勝有招」，</p>",
          "level": 1,
          "highlight": true,
          "children": []
        }
      ]
    },
    {
      "id": "35a71dc389b6c38314565580dffd382a",
      "author": "Leon",
      "time": "2020年02月11日 09:08",
      "content": "<p>感谢李医师的精彩讲课，我是个中医爱好者，在此大疫情况下，能以如此清晰的思路治疗新冠病毒真是国人大幸。希望中医国粹能由此开始发扬光大！</p>",
      "level": 0,
      "highlight": false,
      "children": [
        {
          "id": "c3e11b8523940d3b8db36ece2b9ab307",
          "author": "andy",
          "time": "2020年02月12日 11:31",
          "content": "<p>謝謝你的支持及鼓勵。</p>",
          "level": 1,
          "highlight": true,
          "children": []
        }
      ]
    },
    {
      "id": "737eb0ae720c1730f232445ab63ee4f3",
      "author": "Delonghsu",
      "time": "2020年02月16日 05:56",
      "content": "<p>謝謝您的分享</p>",
      "level": 0,
      "highlight": false,
      "children": [
        {
          "id": "05821a11cf0592719e5f845b14d55a93",
          "author": "Delonghsu",
          "time": "2020年02月16日 05:58",
          "content": "<p>感謝您為經方中醫貢獻@@</p>",
          "level": 1,
          "highlight": false,
          "children": [
            {
              "id": "2173b4f6fd0396bf18e48fc1975a6fbc",
              "author": "andy",
              "time": "2020年02月16日 17:59",
              "content": "<p>謝謝你的支持與鼓勵。</p>",
              "level": 2,
              "highlight": true,
              "children": []
            }
          ]
        }
      ]
    },
    {
      "id": "b070933fa550cb5d97fdddb526c3ae08",
      "author": "anita",
      "time": "2020年02月22日 12:49",
      "content": "<p>感謝您的知無不言的分享~</p>",
      "level": 0,
      "highlight": false,
      "children": []
    },
    {
      "id": "14e9373f08a7797c3a7b32c03093efe1",
      "author": "Selina",
      "time": "2020年02月25日 17:43",
      "content": "<p>学习倪师的视频已经两年了，不好意思不是正版。有幸听到您的声音，希望能先买到倪师的正版视频，学好之后去您的诊所跟诊。中医是人类的财富，中华文化的瑰宝，希望能为其传承、传播尽一己之力。</p>",
      "level": 0,
      "highlight": false,
      "children": []
    },
    {
      "id": "7ca864fe0a7ba35711e3be9d94903380",
      "author": "刚刚",
      "time": "2022年12月28日 06:11",
      "content": "<p>李老师，请教一下有一次您在直播中提到判断肺实肺虚的一种方法。是否是深吸一口气，憋住如果胸部出现疼痛是实，深吸一口气缓慢均匀吐出，如果不能均匀吐出是虚？</p>",
      "level": 0,
      "highlight": false,
      "children": [
        {
          "id": "1a155476d89e9303f3e23848e9111c82",
          "author": "李宗恩",
          "time": "2022年12月28日 17:59",
          "content": "<p>吐氣不順大多為虛，肺實和肺虛是可以同事存在的。</p>",
          "level": 1,
          "highlight": true,
          "children": [
            {
              "id": "415a34e4d84e567c35e2c73edf054f6d",
              "author": "暗香疏影",
              "time": "2024年03月24日 23:02",
              "content": "<p>李博士请教您，石膏磨成细粉冲服是不是用量上更精准一点？另外牡蛎、龙骨、代赭石这些矿物类的是否都可以磨粉冲服吗？如果可以用量如何把握？</p>",
              "level": 2,
              "highlight": false,
              "children": [
                {
                  "id": "16ce3b219f1c491b01de6070f2d00e6c",
                  "author": "李宗恩",
                  "time": "2024年04月11日 15:09",
                  "content": "<p>不是打粉沖服，需要水煮來水解。</p>",
                  "level": 3,
                  "highlight": true,
                  "children": []
                }
              ]
            }
          ]
        }
      ]
    },
    {
      "id": "0986187a60dff46057315eb4dd1abad7",
      "author": "暗香疏影",
      "time": "2024年03月24日 22:10",
      "content": "<p>李博士请问一下您网页的音视频其他国内的公共平台都有吗？比如微信、哔哩哔哩、百度等等，可能您是美国网站的原因，我这边基本都打不开，生怕错过任何一个跟你学习的机会！</p>",
      "level": 0,
      "highlight": false,
      "children": [
        {
          "id": "33d54179456f098904d6a209c03237b9",
          "author": "李宗恩",
          "time": "2024年04月11日 15:08",
          "content": "<p>被許多人轉發。</p>",
          "level": 1,
          "highlight": true,
          "children": []
        }
      ]
    }
  ],
  "page": 24,
  "order": 3,
  "filename": "data\\page24\\page24_order2_3545d4b90c8a3943b9e60de3dc85c868.json"
}