{
  "article_url": "https://andylee.pro/wp/?p=7276",
  "title": "河南確診病例中醫藥協同診療率達91.3%",
  "content": "<figure class=\"wp-block-image\"><img alt=\"\" class=\"wp-image-7280\" decoding=\"async\" fetchpriority=\"high\" height=\"363\" sizes=\"(max-width: 1011px) 100vw, 1011px\" src=\"https://andylee.pro/wp/wp-content/uploads/2020/02/Screen-Shot-2020-02-06-at-9.59.52-AM.png\" srcset=\"https://andylee.pro/wp/wp-content/uploads/2020/02/Screen-Shot-2020-02-06-at-9.59.52-AM.png 1011w, https://andylee.pro/wp/wp-content/uploads/2020/02/Screen-Shot-2020-02-06-at-9.59.52-AM-300x108.png 300w, https://andylee.pro/wp/wp-content/uploads/2020/02/Screen-Shot-2020-02-06-at-9.59.52-AM-768x276.png 768w\" width=\"1011\"/></figure>\n<p>歷經許多非醫療因素的延誤，我們醫療團隊以經方中醫快速有效治癒新冠肺炎確診病人的消息，總算被報導出來了。通許人民醫院感染科陸陸續續收治從武漢返回和親密接觸者發燒急診病人27人，其中4人確診為新冠肺炎，其他病人為A流感及其它種類肺炎。全部以中醫治療為主，西醫檢測，已治癒出院16人，包括一位武新冠炎確診病人。仍在院的11人，病情穩定，預計第二位新冠肺炎確診病人這週通過基因核酸檢測，第三及第四位新冠肺炎確診病人為新收治的病人，中醫治療下穩定進步，預計一週左右後申請基因核酸檢測。</p>\n<p><a href=\"https://mp.weixin.qq.com/s/pNXaAsC8uVo3JA5LYQWrhw\">https://mp.weixin.qq.com/s/pNXaAsC8uVo3JA5LYQWrhw</a></p>\n<p><a href=\"https://k.sina.com.cn/article_3177640383_bd66f1bf01900nl9l.html?from=health\">https://k.sina.com.cn/article_3177640383_bd66f1bf01900nl9l.html?from=health</a></p>\n<p>医药卫生报：河南确诊病例中医药协同诊疗率达91.3%</p>\n<p>截至2月5日24时，全省确诊病例中应用中医药的人数777人，中药参与比例达91.3%。其中，服用汤药620人，使用中成药522人，疑似病例使用中药780人。</p>\n<p>2月4日，河南省开封市通许县人民医院第一例确诊新型冠状病毒感染的肺炎患者痊愈出院。</p>\n<p>通许县人民医院接诊时，患者有发热、咳嗽的症状，肺部CT显示有片状阴影。该院感染性疾病科主任汤英立即对其辨证施治，应用大青龙汤、射干麻黄汤、千金苇茎汤加减两剂后，改用泽漆汤加茯苓四逆汤加减。用药后，患者的情况趋于稳定，体温恢复到36.5摄氏度，肺部CT及化验检查结果也都在正常范围内。连续监测8天，患者情况稳定，2月4日出院。</p>\n<p>汤英毕业于河南中医药大学，接诊患者后第一时间应用中医经方进行治疗。在对疑似患者的诊疗中，该院坚持应用中医方法救治。目前，他们情况均稳定，化验检查结果均在正常范围内，剩下3名确诊患者也已好转。</p>\n<p>连线开封，我们拿到了通许县人民医院整理出来的基本参考流程：</p>\n<p>（1）如果肺部CT无异常阴影，单纯低热、咳嗽、流清鼻涕，给予葛根汤（根据患者临床症状调整用药）；</p>\n<p>（2）如果肺部CT无异常阴影，高热，体温38摄氏度以上，无论有没有咳嗽、咯痰等，给予射干麻黄汤加大青龙汤（根据患者临床症状调整用药）；</p>\n<p>（3）如果肺部CT有异常阴影，肺部有感染情况，给予泽漆汤加茯苓四逆汤，或射干麻黄汤加千金苇茎汤（根据患者临床症状调整用药）。</p>\n<p>开封市卫生健康委员会中医科科长、市中医药管理局副局长齐洪喜说：“通许县人民医院在治疗确诊病例和疑似病例过程中，重视中医经方的运用，取得了非常好的效果。”做好中西医协同作战、让中医药参与患者诊疗，开封在组建市级、县级中医药专家组的情况下，设计了中医四诊信息采集模板，便于信息采集全面、准确。截至2月4日24时，开封确诊的17例患者全部用上了中医药，中医参与治疗率（包括使用汤药和中成药）达到100%。</p>\n<p>在医圣故里南阳，得益于多个专家指导小组的积极参与，截至到2月5日24时，中医药参与确诊病例109例，中医药参与疑似病例治疗97例。</p>\n<p>1月23日，全省建立新型冠状病毒感染的肺炎中西医协同机制以来，各地采取措施加强落实，濮阳、济源、许昌、鹤壁、三门峡等地的确诊病例中医辨证和中药汤剂使用率达到100%。截至2月5日24时，全省确诊病例中应用中医药的人数777人，中药参与比例达91.3%。其中，服用汤药620人，使用中成药522人，疑似病例使用中药780人。</p>\n<p>在1月27日召开的全省新型冠状病毒感染的肺炎中医药防治视频会上，河南省卫生健康委员会对全省新型冠状病毒感染的肺炎中西医结合救治工作进行了安排部署，要求确保所有确诊病例尽早、及时、全病程使用中医中药，确保中西医协同机制落实，有效发挥中医中药的治疗作用。</p>\n<p>河南中医药大学第一附属医院医务部主任、呼吸内科主任医师王海峰说，新型冠状病毒感染的肺炎目前尚无有效药物，主要是支持和对症治疗。该病早期表现为湿热，时间久了会伤气伤阴，很多患者湿热内蕴、气阴两伤，出现咳嗽、胸闷、胸痛、饮食差以及失眠等症状。因此，在常规的抗感染、提高免疫力等西医治疗基础上，有针对性地使用中医药，可以明显减轻患者的症状，减少住院天数，提高抵抗力，促进患者早日康复。</p>",
  "article_time": "2020年02月06日 10:03",
  "comments": [
    {
      "id": "9db8abb23de47d1a5c01c0ac8994e373",
      "author": "爱中医",
      "time": "2020年02月06日 12:26",
      "content": "<p>非常振奋人心的消息。最近几天全国不少地区都传来了中医作战的报道和方案，因为中医有效。</p>\n<p>武汉这23名新冠肺炎患者同一天出院，给中医诊疗提振信心: <a href=\"http://news.sina.com.cn/o/2020-02-06/doc-iimxxste9414202.shtml\" rel=\"nofollow ugc\">http://news.sina.com.cn/o/2020-02-06/doc-iimxxste9414202.shtml</a></p>\n<p>国家中医药管理局：中医药有效方剂筛选研究取得阶段性进展<br/>\n太原发布新型冠状病毒感染肺炎的中医药预防指南<br/>\n江西最新版预防新型冠状病毒感染的肺炎中药药方发布<br/>\n安徽推进新型冠状病毒感染肺炎中西医结合救治<br/>\n四川省新型冠状病毒感染的肺炎中医药防控技术指南<br/>\n浙江使用中医治疗新型肺炎覆盖率达67%</p>\n<p>大多数中医治疗都在医院最前线，有很多疑似病例在家隔离而无法治疗，还有更多易感染者或不知被感染者在外面走动。摆在中医面前的挑战还很大，可能需要尽快普及大众简单有效的中医方法和中医知识。</p>\n<p>下面这样的消息就有些令人担忧了。</p>\n<p>新疆援助武汉医院85.6吨牛奶抵汉</p>",
      "level": 0,
      "highlight": false,
      "children": [
        {
          "id": "f028ba7a2141f67e20c0135396838d37",
          "author": "andy",
          "time": "2020年02月06日 14:03",
          "content": "<p>各地開始使用中藥來抗疫是很好的事情，不過，最好還是以中醫治療、西醫檢測，而不是中西藥一起服用。</p>",
          "level": 1,
          "highlight": true,
          "children": []
        }
      ]
    },
    {
      "id": "c788e88f7453b95c01f03671755e1504",
      "author": "Oboe",
      "time": "2020年02月06日 15:57",
      "content": "<p>一缕阳光</p>",
      "level": 0,
      "highlight": false,
      "children": []
    },
    {
      "id": "dfc95f8ef80d563674343db62f2ac8bf",
      "author": "木叶",
      "time": "2020年02月06日 17:08",
      "content": "<p>不畏事障，而畏理障之难除。 不患垢病，而患洁病之难治。<br/>\n中医比西医先进得多，可现在西医是主流，我们这里的省中医院 虽然名为中医院但是对中医没有坚定的信心，医生和一般大众都认为西医更可靠。</p>",
      "level": 0,
      "highlight": false,
      "children": [
        {
          "id": "98f86b655f9b6064eb0f5eabc996ad52",
          "author": "andy",
          "time": "2020年02月07日 13:47",
          "content": "<p>如果中醫教授都無法對中醫有信心、無法臨床看好重症急症，那中醫學生如何能學得好、有信心呢？結果，一代比一代差。</p>",
          "level": 1,
          "highlight": true,
          "children": []
        }
      ]
    },
    {
      "id": "ac4c88d41245a75a624dc32166174634",
      "author": "陸仁賈",
      "time": "2020年02月06日 18:13",
      "content": "<p>“中醫藥協同診療”…唉…無奈</p>",
      "level": 0,
      "highlight": false,
      "children": [
        {
          "id": "f33e510f5258c4767b008c5541f0a77d",
          "author": "andy",
          "time": "2020年02月06日 20:51",
          "content": "<p>通許是中醫主治。</p>",
          "level": 1,
          "highlight": true,
          "children": [
            {
              "id": "d7d7d7a321603c1cd95f9bef114a19ac",
              "author": "Ernest Zhu",
              "time": "2023年12月19日 12:17",
              "content": "<p>請問李博士，在 YT 看過 李博士的一些 訪談說中國大陸正讓一些西醫生去學中醫。請問這只是在河南省這家醫院還是發生在全中國大陸? 感謝！</p>",
              "level": 2,
              "highlight": false,
              "children": [
                {
                  "id": "2da055ec1e1f96c8a26685349a58ff11",
                  "author": "李宗恩",
                  "time": "2023年12月19日 09:20",
                  "content": "<p>基於國家政策，大陸很多西醫院都開始推展中醫。</p>",
                  "level": 3,
                  "highlight": true,
                  "children": []
                }
              ]
            }
          ]
        }
      ]
    },
    {
      "id": "7a9d6c073994fcc6c6ae52d83f00ded7",
      "author": "hide77625",
      "time": "2020年02月06日 18:20",
      "content": "<p>罕见，人民日报新浪微博昨天报道伤寒杂病论、张仲景，https://s.weibo.com/weibo?q=%23中医药有效方剂筛选取得进展%23&amp;from=default</p>",
      "level": 0,
      "highlight": false,
      "children": [
        {
          "id": "603caa28b06219850a20c71c5a77e2db",
          "author": "andy",
          "time": "2020年02月07日 13:48",
          "content": "<p>是的，感謝分享。</p>",
          "level": 1,
          "highlight": true,
          "children": []
        }
      ]
    },
    {
      "id": "1e75ba844f937fc526e835f5b56d4daa",
      "author": "ieitZYB",
      "time": "2020年02月06日 20:01",
      "content": "<p>如倪师所说“来得太容易也不好”。</p>",
      "level": 0,
      "highlight": false,
      "children": []
    },
    {
      "id": "f173e60dd0b773761f8c431fb4b96093",
      "author": "龍鷹",
      "time": "2020年02月08日 19:01",
      "content": "<p>終於知道經方有用，而不是用那些只知亂清熱的西醫化中醫藥</p>",
      "level": 0,
      "highlight": false,
      "children": []
    }
  ],
  "page": 24,
  "order": 6,
  "filename": "data\\page24\\page24_order5_ac4c88d41245a75a624dc32166174634.json"
}