{
  "article_url": "https://andylee.pro/wp/?p=7292",
  "title": "FM96.1：新冠肺炎是“新型冠狀病毒”，抗生素能治麼？激素有用麼？",
  "content": "<figure class=\"wp-block-audio\"><audio controls=\"\" src=\"https://andylee.pro/wp/wp-content/uploads/2020/02/S-01232020武漢肺炎是“新型冠狀病毒”抗生素能治麼？激素有用麼？預防有方法麼.mp3\"></audio></figure>\n<p>（ 語音檔案由FM96.1電台提供，文章摘錄撰寫中，請稍加等待。謝謝。）</p>",
  "article_time": "2020年01月07日 15:18",
  "comments": [],
  "page": 25,
  "order": 6,
  "filename": "data\\page25\\page25_order5_8e1afcd6a0851b09e6f0488d208c1ec3.json"
}