{
  "article_url": "https://andylee.pro/wp/?p=7015",
  "title": "「拍打拉筋」蕭宏慈判刑10年",
  "content": "<p>幾位病人不約而同把這則新聞轉發給我：自稱「拍打拉筋自愈法」創始人的「大師」蕭宏慈，被澳洲以過失殺人罪被判處刑10年，7年半不得假釋。又是一位「神醫」行走江湖數年後，被趕下了神壇，到監牢內去過日子。</p>\n<p>我和蕭宏慈有一面之緣，他成名前，在朋友介紹之下，我們在柏拉阿圖（Palo Alto）小鎮的咖啡館裡聊了兩三個小時。那個時候，蕭宏慈對中醫充滿熱誠，希望能在世界各地推廣中醫，他沒和我多解釋他學習中醫的歷程，反而對我的背景及和倪海廈老師學習中醫的過程很感興趣。我們見面後沒有多久，他出版了「醫行天下」，書中還簡短地提及我的故事。沒有想到，幾年之內，蕭宏慈從中醫的「業餘愛好者」變成了「大師」，到處講學治病。不過，那個時候開始，許多人都看得出來，他那樣的胡搞瞎搞，遲早會因為害了人而入獄。</p>\n<p>為什麼會有那麼多的「神醫」在江湖上行走？「芒硝治百病」的胡萬林，「綠豆治百病」的張悟本，就連美國也有「鹼性體質治百病」的Robert O. Young（羅伯特·楊），這些還是已經判刑的，其他仍然在外面「傳教」的「大師」、「老師」一堆，雖然不一定直接害死人，誤導病人、耽誤病情是一樣嚴重的。</p>\n<p>其實，我們不太需要問為什麼有那麼多的「神醫」在江湖上行走，畢竟為了錢，什麼樣的壞人都有。我們應該問的是，為什麼有那麼多的「信徒」、「學生」？甚至許多報章雜誌、醫療單位也跟著追捧？就像「一滴血驗百病」Theranos創辦人Elizabeth Holmes一樣，騙倒了Forbes、Wall Street Journal等等報章雜誌，也騙倒了美國副總統、國務卿、四星上將等等。即使到現在，還有很多人相信蕭宏慈、胡萬林、張悟本是「偉大的神醫」，是被主流醫學嫉妒、迫害，才會被判刑入獄。而其他許許多多「小神醫」的社交媒體紅人，即使有再多的證據來檢視他們言論的合理性，「信徒」、「學生」們會群湧而上來保護、支撐著「神壇」。為什麼？</p>\n<p>這是群眾心理及行為學上一直在研究、討論的課題。這些行走江湖的人士及言論，都有幾個共同點：</p>\n<p>（1）以非常簡單的理論為核心。「芒硝攻便，把身體內毒素排掉，所以可以治百病」、「綠豆利濕，把身體內毒素排掉，所以可以治百病」、「拍打起紅疹，代表身體在排毒，所以可以治百病」等等。淺顯易懂，又似乎有些道理，即使完全沒有醫學背景的人，也可以朗朗上口，到處「轉告」、「教導」親朋好友。這點非常重要，人們都喜歡藉由教導其他人來肯定自己、確認自己（validation），這裡按一按、那裡壓一壓的治病方法，肯定有很多人學習及宣傳，而心臟外科醫師無論開刀手術多麼厲害，肯定沒有幾個信徒，因為沒人可以很快的學會，和他一樣去做心臟手術。</p>\n<p>（2）多多少少有些適用性。芒硝攻便、綠豆利濕、拍打拉筋等等，並非完全胡說八道，一千個病人中，總會有幾個給碰對了，多多少少有些療效，這幾個「有效」的病例就被拿來大肆宣傳，好像有了這麼幾個病例，就可以證明「包治百病」。而「信徒」、「學生」們很少會去深入研究、長期追蹤那些病例，每轉述一次就越加誇大一次，從幫助便秘變成了把肝癌細胞都拉出來排掉了！畢竟，如果轉述的病例不夠精彩，那怎麼能表現自己學習、推廣的東西的重要性？又怎麼能提升自我存在的價值？</p>\n<p>（3）都說不是為了錢，而是為了全世界七十八億人口的健康。就像所有宗教一樣，一定要有一個非常偉大的目標，這樣才可以讓「信徒」、「學生」們把自己的狂熱合理化，讓他們覺得不是在為「大師」宣傳，而是為了「全世界人類福祉」盡心盡力。或許，這麼多「大師」裡，真的有幾位不是為了自己的私利，而是實實在在相信自己提倡的簡單方法可以改變全世界，然而他們也嚴重缺乏學習及反省的能力，無法很快了解到，他們提倡的方法，可能在醫學知識裡佔不到千萬分之一，適用性可能也不到千萬分之一，雖然他們是誠心誠意的想幫助大眾，他們的無知反而害了很多人。</p>\n<p>簡而言之，真正的問題不在那些「神醫」、「大師」身上，而是在他們的「信徒」、「學生」身上。一個簡單易懂、易學的方法，可以大幅改進自己及親朋好友的健康，甚至增進全人類的福祉，捧著這樣的「聖杯（Holy Grail）」，不也就找到了自我意義及價值？雖然這樣的夢想很快就會破滅，只要大多數的人不斷想要快速的找到自我意義及價值，這樣的「神醫」、「大師」的故事就會不斷發生。這就像很多人追求偶像，無論是歌手、影視明星、球員等等，都是為了滿足自我的存在感，只不過追捧歌手、球員，最多學他們唱唱歌、打打球，無傷大雅，追捧「神醫」，不但耽誤了自己及家人的健康，更間接傷害了成千上萬無辜的病人，不可不察！</p>\n<p></p>",
  "article_time": "2019年12月13日 14:52",
  "comments": [
    {
      "id": "5dd840579ae3f1ae63e1034da5374ac0",
      "author": "QuaSyLaTic Andrew",
      "time": "2019年12月13日 16:05",
      "content": "<p>李医师分析的好。</p>\n<p>小弟之前也是非常迷「拍打拉筋」蕭宏慈，他的书我全部都买来看。 </p>\n<p>就像李医师说的，问题不在“神医”，而是在“信徒”。 是我自己这个“信徒”的问题。</p>\n<p>我自己如何解决自己的信念问题？</p>\n<p>是在我自己用了几年的时间研究古人的智慧，黄帝内经，让我更清楚认识许多“神医”的限制性，「拍打拉筋」也好，「原始点」也好，等等。</p>\n<p>在我来说，黄帝内经，最大的价值是在他的「整体观」。</p>\n<p>「整体观」是超越许多不同“神医”的提倡的秘方，或许多中医师的治疗。</p>\n<p>「整体观」包括心理，性格，思维模式，人生观，日常生活习惯，饮食，气的运行，人与人的关系，如何面对各种生活的挑战，。。。。古人总结为“养生,养心”。</p>\n<p>身为一个心理辅导师及培训老师，小弟也非常热诚的提倡黄帝内经给世界，应用视频课程。</p>\n<p>也有不少人批评小弟是不是又一个蕭宏慈？我只是轻松简单的说，你自己看了我的视频课程之前的介绍课程，Preview，你自己做判断了。</p>\n<p>自从发布了英语及华语的视频课程，有几百个西方人非常欣赏黄帝内经课程，他们非常惊讶有如此的理论。 </p>\n<p>华语课程的学生就寥寥可数。我想懂的华语的人，应该都认识了黄帝内经，那是好事。或是他们自己可以自己看书学习古人说的整体观。（黄帝内经的书，什么书店都有的）</p>\n<p>有兴趣直接用视频课程认识黄帝内经的，可以参考</p>\n<p>黄帝内经视频课程<br/>\n<a href=\"https://lnkd.in/exKbCYR\" rel=\"nofollow ugc\">https://lnkd.in/exKbCYR</a></p>",
      "level": 0,
      "highlight": false,
      "children": [
        {
          "id": "1ed3f3d07dbcc86b735d5b0e57d262d3",
          "author": "炎帝外經見習生",
          "time": "2020年01月18日 15:23",
          "content": "<p>既然有心在李醫的部落格內推廣你對黃帝內經的解讀，何不提供一個視頻課程與中醫同好分享? People may buy your other courses afterward if they feel they are great!</p>",
          "level": 1,
          "highlight": false,
          "children": []
        }
      ]
    },
    {
      "id": "734965b9750444dee8a682f0afedbd8a",
      "author": "瑞芳",
      "time": "2019年12月13日 19:10",
      "content": "<p>寒山问拾得：“世间有人谤我、欺我、辱我、笑我、轻我、贱我、恶我、骗我，如何处置乎？”</p>\n<p>拾得说：“只是忍他、让他、由他、避他、耐他、敬他、不要理他，再待几年，你且看他。”</p>",
      "level": 0,
      "highlight": false,
      "children": []
    },
    {
      "id": "1645d04a1d19d3026f861b256629c4fa",
      "author": "淳賓",
      "time": "2019年12月16日 13:13",
      "content": "<p>可能他最初的出發點是好的可是走着走着就迷失了(因為名因為利？)</p>",
      "level": 0,
      "highlight": false,
      "children": [
        {
          "id": "6faff8307695bc674334551f480f318b",
          "author": "andy",
          "time": "2019年12月31日 09:29",
          "content": "<p>許多人一開始都是想好好學習及推廣中醫來幫助大眾，然而中醫界亂象極多，只要稍稍把持不住，為了錢、為了名，就走偏了，自我沈迷在「大師」的假象裡。</p>",
          "level": 1,
          "highlight": true,
          "children": []
        }
      ]
    },
    {
      "id": "661f2c835a8984e03dfe290782a53536",
      "author": "JonsonKu",
      "time": "2020年01月01日 16:49",
      "content": "<p>新年好，李医师，请教一個問題，孕婦用手術腹產，打了麻醉藥，後遺症很厲害，腰部脊椎痛，脖子和肩背也痛，為何麻醉藥的後遺症那麼強烈，那麼得向那個方面去思考治症呢？謝謝。</p>",
      "level": 0,
      "highlight": false,
      "children": [
        {
          "id": "73b64efc58e694e1a8974be886bf99b3",
          "author": "andy",
          "time": "2020年01月03日 15:01",
          "content": "<p>臨床看到的病例，大多數是和肝腎有關，真的治療起來，得依照各種細節來判斷。</p>",
          "level": 1,
          "highlight": true,
          "children": []
        }
      ]
    },
    {
      "id": "dda95176c34b17ef848d6bfec1bf0448",
      "author": "落叶添薪",
      "time": "2020年04月21日 23:09",
      "content": "<p>印象中記得蕭曾在某節目說他碰到一個道士，然後道士告訴他你以後會出家當道士，還會行醫吧啦吧啦。。。現在想想覺得這不是功夫裡面的橋段？</p>",
      "level": 0,
      "highlight": false,
      "children": []
    },
    {
      "id": "52f533a0d8c4da116c4c8881aa2e1a66",
      "author": "明宏",
      "time": "2024年10月08日 10:19",
      "content": "<p>我發現台灣有一群人還繼續推廣拍打拉筋 – 道家拍打/黃帝內經研究社. 好奇的我, 最近回台就去體驗一下, 我找了一個拍打老師, 一周一次總共打了六次. 過程是驚天動地, 瘀青, 紅腫, 暈眩都有. 效果如何? 簡單講覺得自己好像年輕了十歲 (現齡67)以上. 以前爬個樓梯就氣喘如牛, 心跳加速 (我有AFib). 前幾天去爬個小山, 竟然輕鬆上去下來. 臉不紅, 氣不喘.</p>\n<p>我不是一個隨便相信未經證實的理論. Frankly, 你必須要有相當程度的氣血才能接受拍打, 每個人的疼痛忍受度也不同, 後效也不一樣. 跟據李醫師以上諸點, 我對道家拍打的看法:<br/>\n(1) 道家拍打也是以黃帝內經為基礎的中醫理論, 不簡單.<br/>\n(2) 療效, 病例皆來自「信徒」、「學生」, 看來大部分是口耳或Line相傳, Google/YouTube 沒有多少宣傳影片<br/>\n(3) 道家拍打雖然是黃老師起個頭, 但他個人非常低調. 台灣鄉鎮有很多團拍點. 似乎是個群體運動, 非個人崇拜.</p>\n<p>道家拍打網站是:　https://www.qibo.me/index.php</p>",
      "level": 0,
      "highlight": false,
      "children": []
    },
    {
      "id": "54a983e733d8d996d9f676fe8fd87ec9",
      "author": "Shirl",
      "time": "2024年12月06日 05:37",
      "content": "<p>蕭宏慈今天2024年12月6日在英國罪名成立，被判入獄15年。一名71歲患一型糖尿病女士在2016年接受蕭建議做拍打治療，並聽從他吩咐立即停了胰島素注射。不料幾天後，這位女士去世了。之前澳洲6歲男童也因為聽從蕭建議停用藥物，也去世了，相信大家也知道這事</p>",
      "level": 0,
      "highlight": false,
      "children": []
    },
    {
      "id": "3d088c0309951e1c4d3ee28f9cfa0008",
      "author": "ieitZYB",
      "time": "2024年12月06日 22:29",
      "content": "<p>真正的問題不在那些「神醫」、「大師」身上，而是在他們的「信徒」、「學生」身上。<br/>\n怎么说呢？「信徒」有读书多的，也有读书少的。所以，我想倪师的“假设-验证的过程-下结论”的方法是对的，读书多的人，逻辑会好些，但也不会精通特定的医学知识，比如AI教母李飞飞，是李医师朋友，认同中医理念，为李医师的书写过序或推荐，但并没有深入验证，也不会信太多的。</p>",
      "level": 0,
      "highlight": false,
      "children": []
    }
  ],
  "page": 25,
  "order": 9,
  "filename": "data\\page25\\page25_order8_52f533a0d8c4da116c4c8881aa2e1a66.json"
}