{
  "article_url": "https://andylee.pro/wp/?p=3558",
  "title": "工研院 4/27演講照片",
  "content": "<p>這次工研院演講的視頻已經傳給我們了，可是檔案太大，我們的伺服器及Youtube都無法直接上傳，得把原本的視頻切成幾個比較小的檔案才能上傳，目前診所工作同仁正在處理視頻檔案。</p>\n<p>工研院演講內容和4/28中國醫藥大學演講內容有許多重複，主要差別是我花了一些時間討論如何結合中醫經典智慧與現代生物科技。但是，提到的病例，在中國醫藥大學演講的投影片裡都有包含。所以，讀者可以直接觀看中國醫藥大學演講的視頻：<a href=\"https://andylee.pro/wp/?p=3547\">https://andylee.pro/wp/?p=3547</a>。</p>\n<p><a href=\"https://andylee.pro/wp/wp-content/uploads/2016/05/04270103.jpg\"><img alt=\"04270103\" class=\"alignnone size-large wp-image-3539\" decoding=\"async\" fetchpriority=\"high\" height=\"683\" sizes=\"(max-width: 1024px) 100vw, 1024px\" src=\"https://andylee.pro/wp/wp-content/uploads/2016/05/04270103-1024x683.jpg\" srcset=\"https://andylee.pro/wp/wp-content/uploads/2016/05/04270103-1024x683.jpg 1024w, https://andylee.pro/wp/wp-content/uploads/2016/05/04270103-300x200.jpg 300w, https://andylee.pro/wp/wp-content/uploads/2016/05/04270103-768x512.jpg 768w, https://andylee.pro/wp/wp-content/uploads/2016/05/04270103-480x320.jpg 480w\" width=\"1024\"/></a></p>\n<p><a href=\"https://andylee.pro/wp/wp-content/uploads/2016/05/04270116.jpg\"><img alt=\"04270116\" class=\"alignnone size-large wp-image-3540\" decoding=\"async\" height=\"683\" sizes=\"(max-width: 1024px) 100vw, 1024px\" src=\"https://andylee.pro/wp/wp-content/uploads/2016/05/04270116-1024x683.jpg\" srcset=\"https://andylee.pro/wp/wp-content/uploads/2016/05/04270116-1024x683.jpg 1024w, https://andylee.pro/wp/wp-content/uploads/2016/05/04270116-300x200.jpg 300w, https://andylee.pro/wp/wp-content/uploads/2016/05/04270116-768x512.jpg 768w, https://andylee.pro/wp/wp-content/uploads/2016/05/04270116-480x320.jpg 480w\" width=\"1024\"/></a></p>\n<p><a href=\"https://andylee.pro/wp/wp-content/uploads/2016/05/04270203.jpg\"><img alt=\"04270203\" class=\"alignnone size-large wp-image-3541\" decoding=\"async\" height=\"683\" sizes=\"(max-width: 1024px) 100vw, 1024px\" src=\"https://andylee.pro/wp/wp-content/uploads/2016/05/04270203-1024x683.jpg\" srcset=\"https://andylee.pro/wp/wp-content/uploads/2016/05/04270203-1024x683.jpg 1024w, https://andylee.pro/wp/wp-content/uploads/2016/05/04270203-300x200.jpg 300w, https://andylee.pro/wp/wp-content/uploads/2016/05/04270203-768x512.jpg 768w, https://andylee.pro/wp/wp-content/uploads/2016/05/04270203-480x320.jpg 480w\" width=\"1024\"/></a></p>\n<p><a href=\"https://andylee.pro/wp/wp-content/uploads/2016/05/13087308_10154062396840053_5038926862610967214_n.jpg\"><img alt=\"13087308_10154062396840053_5038926862610967214_n\" class=\"alignnone size-full wp-image-3562\" decoding=\"async\" height=\"960\" loading=\"lazy\" sizes=\"auto, (max-width: 720px) 100vw, 720px\" src=\"https://andylee.pro/wp/wp-content/uploads/2016/05/13087308_10154062396840053_5038926862610967214_n.jpg\" srcset=\"https://andylee.pro/wp/wp-content/uploads/2016/05/13087308_10154062396840053_5038926862610967214_n.jpg 720w, https://andylee.pro/wp/wp-content/uploads/2016/05/13087308_10154062396840053_5038926862610967214_n-225x300.jpg 225w\" width=\"720\"/></a></p>\n<p><a href=\"https://andylee.pro/wp/wp-content/uploads/2016/05/04270043.jpg\"><img alt=\"04270043\" class=\"alignnone size-large wp-image-3538\" decoding=\"async\" height=\"683\" loading=\"lazy\" sizes=\"auto, (max-width: 1024px) 100vw, 1024px\" src=\"https://andylee.pro/wp/wp-content/uploads/2016/05/04270043-1024x683.jpg\" srcset=\"https://andylee.pro/wp/wp-content/uploads/2016/05/04270043-1024x683.jpg 1024w, https://andylee.pro/wp/wp-content/uploads/2016/05/04270043-300x200.jpg 300w, https://andylee.pro/wp/wp-content/uploads/2016/05/04270043-768x512.jpg 768w, https://andylee.pro/wp/wp-content/uploads/2016/05/04270043-480x320.jpg 480w\" width=\"1024\"/></a></p>\n<p><a href=\"https://andylee.pro/wp/wp-content/uploads/2016/05/13055424_865275656949643_503421656910426696_n.jpg\"><img alt=\"13055424_865275656949643_503421656910426696_n\" class=\"alignnone size-full wp-image-3560\" decoding=\"async\" height=\"960\" loading=\"lazy\" sizes=\"auto, (max-width: 720px) 100vw, 720px\" src=\"https://andylee.pro/wp/wp-content/uploads/2016/05/13055424_865275656949643_503421656910426696_n.jpg\" srcset=\"https://andylee.pro/wp/wp-content/uploads/2016/05/13055424_865275656949643_503421656910426696_n.jpg 720w, https://andylee.pro/wp/wp-content/uploads/2016/05/13055424_865275656949643_503421656910426696_n-225x300.jpg 225w\" width=\"720\"/></a></p>\n<p><a href=\"https://andylee.pro/wp/wp-content/uploads/2016/05/13062289_865275653616310_3189039610370809841_n.jpg\"><img alt=\"13062289_865275653616310_3189039610370809841_n\" class=\"alignnone size-full wp-image-3561\" decoding=\"async\" height=\"960\" loading=\"lazy\" sizes=\"auto, (max-width: 720px) 100vw, 720px\" src=\"https://andylee.pro/wp/wp-content/uploads/2016/05/13062289_865275653616310_3189039610370809841_n.jpg\" srcset=\"https://andylee.pro/wp/wp-content/uploads/2016/05/13062289_865275653616310_3189039610370809841_n.jpg 720w, https://andylee.pro/wp/wp-content/uploads/2016/05/13062289_865275653616310_3189039610370809841_n-225x300.jpg 225w\" width=\"720\"/></a></p>",
  "article_time": "2016年05月05日 21:41",
  "comments": [
    {
      "id": "5b64b689a9b53cdc00bd6c4ebcf5797a",
      "author": "CAT",
      "time": "2016年06月21日 14:18",
      "content": "<p>請問這個部份的影片還有計畫要上傳 Youtube 嗎？</p>",
      "level": 0,
      "highlight": false,
      "children": [
        {
          "id": "8771d818e5b0af752b1e969220366494",
          "author": "andy",
          "time": "2016年06月22日 19:16",
          "content": "<p>因為中國醫藥大學那場演講比工研院這場演講詳細，加上工作同仁得花不少時間把檔案分割成許多小檔案才能上傳，所以，我們決定就請大家看中國醫藥大學那場演講的錄影，工研院這場演講就不花時間處理及上傳了。</p>",
          "level": 1,
          "highlight": true,
          "children": []
        }
      ]
    }
  ],
  "page": 46,
  "order": 4,
  "filename": "data\\page46\\page46_order3_b0d1979a20f17987c8490c57f3b6ea39.json"
}