{
  "article_url": "https://andylee.pro/wp/?p=6197",
  "title": "FM96.1：不孕症治療中的盲點",
  "content": "<figure class=\"wp-block-audio\"><audio controls=\"\" src=\"https://andylee.pro/wp/wp-content/uploads/2019/09/s-08202019不孕症治療中的盲點.mp3\"></audio></figure>\n<p><strong>（語音檔案由FM96.1電台提供，文章摘錄撰寫中，請稍加等待謝謝。）</strong></p>",
  "article_time": "2019年08月20日 17:47",
  "comments": [
    {
      "id": "de87df8ca4ec59300da4f25e642a49ec",
      "author": "gordon",
      "time": "2019年09月10日 20:52",
      "content": "<p>马上已经进入了秋季，虽然弯曲现在还有些秋老虎的热力，但是往往这个时候也开始进入秋季和冬季养生了，那么很多朋友也愿意从这个季节开始备孕，可是现在在湾区和其他的很多的世界各地都有同样的现象，就是年轻人不容易受孕，这方面您有那样的临床的经验吗！<br/>\n其实中医看不孕不育其实还蛮有效的，即使现在西医也都承认，很多时候即使他们要做IVF要早床要好，其实上很多时候也都要借用中医，中医还是希望能够自然生产，我们之前也提了蛮多的不孕症的治疗，所以想今天可以再重复提几个还不错的例子。年轻人跟年纪大的当然越年纪越长它的困难度越高了，所以我们提两个困难度比较高的案子，然后也检视他们之前为什么怀孕去治疗不孕不育，没有效果的盲点在哪里？ </p>\n<p>第一个例子:这个例子网站上稍微提过了，40多岁，原先来治疗是因为她流产了两次，她已经40出头了。她嫁给一个白人，所以他们蛮想要有小孩的好。他们觉得两个人生活挺单调的，所以一直想要生产。他没有去做IVF可是他就很不幸的自然怀孕后连续两次流产。流产原因其实不是很惊讶，因为它有两个很大的卵巢囊肿，左边的15公分右边的八公分。照一般西医来讲如果你有这么大的种落巢囊肿，其实会影响卵子的产生。<br/>\n其实本来要怀孕就已经是很困难很快乐这件事情了，她已经运气不错，既然还可以怀孕，但中医来讲说她因为她的体型比较稍微肥胖一些，水肿比较多，所以中医认为她中下焦寒是挺严重的，这个时候他中气会下陷，怀孕不到个两周就会流掉。小产其实也要注意，其实坐月子不需要像真的生产那么复杂，可是实际上他是一个调理身体的非常好的机会，如果小产之后不去注意，其实会让下一次更辛苦更难怀孕！<br/>\n小产一般是会用生化汤去让他把一些恶露排掉，西医也有做很多这种检查，就确定你真的把台胞他一都去掉，所以说其实这个问题不大，可是那时候我们就认为说他的寒湿很重，这会造成它的复原会差。<br/>\n所以除了一般我们在做所谓生化汤这一类的药剂之外，其实加了很多的热要跟利水的药物，希望她不要因为小产之后变胖，能变成有点很容易累是这一类的现象。结果四个礼拜之后发现一件很有趣的事情，他回去做复诊，发现她的卵巢囊肿不见了，15公分八公分一般是要开刀的，既然可以中药，而且包括小产的调整，总共四周以后不见了，她很亢奋。所以整个医生西医都叫起来，说怎么可能不可能不见，确实不见了。<br/>\n中医认为寒湿造成的病变很多，包括不孕症，实际上是一个寒湿占大多数为主的。卵巢囊肿大部分都是水。你50%以上大部分都是同一个肿瘤，卵巢囊肿大部分都是水，这种情况下它会影响生产的功能。中医认为这个时候其实它比像子宫肌瘤子宫异位要容易治很多，因为不需要什么攻坚的药，实际上东方都是利水跟热药就够了。临床上我们已经看到很多认为需要开刀，吃中药几个礼拜，卵巢囊肿消掉。<br/>\n\t她还有肠胃也不是特别好，我说你可以去试，但是不要有压力，因为我们不以怀孕为主，我们先以寒湿继续治疗，看不到它中间还有一些其他的问题，我们要帮他解决的话，他会反胃的严重，这一类的事情在那！突然这一次打电话来说她已经怀孕了。中医认为在怀孕之前你要补血补气，可能在怀孕的初期其实不应该强补气，怕太容易流产，只补血是可以的。</p>\n<p>第二个案子就更有意思了，46岁的女士你年纪很大，这不是我们看过年纪最大帮助怀孕的富人，但是他46岁他说他六年来就很想生小孩，埋怨他六年就是快40岁开始看过了很多西医做过好几次IVF。她在美国看中医，她觉得台湾应该比较多好中医就特别搬到台湾去住，想要能够调理，然后住一阵子回来一阵子注意的话，两边跑年来看过很多中医，基本上每一个都跟他讲说他的肾阴不行肾阳不行，因为中医很多会认为说生产跟肾有关吗？ 像很多大家也都这么变成一个尝试的这种想法，那就拼命帮他补。他说补到第一个没有怀孕，第二是脸都肿起来，变得上火牙痛然后舌头破，变得很燥热还是没有怀孕。<br/>\n她中下焦寒湿很重，这是她为什么吃这些中药会上火，因为她寒湿重的时候你吃这些当归这些所谓补肾的药，杜仲这一类的药吃下去它热力不能往下到肾，反而会反映出来，等于说像很多人说虚不受补。例如在中国南方很多女士吃四物汤就开始燥热上火，吃了一个菊花茶就开始拉肚子，实际上这是在中下焦寒湿的现象，当你热药下去他没有办法透达往下走就往上逆，所以脸上会肿起来。<br/>\n这个案子是比较特别一点，他来找我们说他已经停经好几个月了，西医说你找不到卵子了，你根本不可能怀孕了。如果下焦寒湿去得掉的话，就有可能怀孕。她才吃中药三个礼拜，就跑回去检查，希望验证中医有没有效，他这次竟然可以有找到两颗卵子，然后这次月经顺利出来了。<br/>\n西医对卵巢囊肿现在治法就是把它切掉。现在很多中医医治不孕不育，就认为是肾阳不足，有些人一生是肾阴不足，既然是肾阳肾阴不足就去补。这不是一个正统中医看病的方式，其中一，看病不是看病症，而是看这个人，所以中医主张望闻问切，你不管你是看什么病，都应该把望闻问切做足了，知道你的人体处于在一个哪一个平衡位置。 当然有些时候我们要急着要治标，所以比如他今天水肿很严重，造成他心脏负担太重，要先消水肿，但是后面的原因要慢慢补回来。<br/>\n李医师刚才提到的是两个女生这种情况，现在大家的工作压力都特别的大，那么不受孕是不是只是女生，有没有男生或者夫妻两个人。当然有，实际上就是一般来讲，西医说精子动能不足，有很多方法去看，如果西医经觉得不好，当然就怀孕就难，可是我们常会遇到一个情况，认为这个男的精子话题没有不好，数量也是几个亿了，然后几百万个再出来，然后也都游得很快，就动能足够，因为你还需要在子宫颈游动吗！<br/>\n西医认为这没有可能不怀孕，他太太也很正常，那我们中医看法却不一样，这男的脚都是冷的冰的，代表它心阳下不了，他的小肠会冷的可能性就很高。中医认为小肠是心脏的得是一个配小肠要是新的热是从心脏来，两个心脏跟小肠都属火，身上的火只有从心脏产生移转到小肠，那小肠很辛苦，他不只是要热自己小肠，还要把热大肠膀胱，中医有个叫精宫。中医跟西医不太一样，西医认为没有精宫这东西就是在睾丸里面产生的精子就排出来吗！<br/>\n当你在心阳很虚的时候，这个原因可能很多，比如说很多晚睡肝血会不足玩iPhone玩的很多，所以它浪费很多的肝血，这个时候心脏会虚弱之后小肠就会开始冷了，所以难就开始也有频尿！ 先生晚上需要上厕所，脚是冷的基本上就应该来治疗了。 </p>\n<p>来电1：肠癌切除后化验可能是杀草剂损害了身体。<br/>\n中医认为其上肠胃道的就是胃大肠小肠的癌症其实是比较阳一些，不会阴实，所以基本上比较好治，至少可以比较能够维持生命。<br/>\n第二个部分就是这个毒不是自然界的产生物品，所以你中医再怎么厉害，今天如果是神经毒或是某些特别制作化学药剂进到人体里面，你是很难用中西药去把它排出来。中药更是一个比较自然的方法，她应该找个医生去看怎么延长生命。</p>",
      "level": 0,
      "highlight": false,
      "children": [
        {
          "id": "ddbf0ffafebf0b28a3d7380b802ece35",
          "author": "andy",
          "time": "2019年09月11日 13:33",
          "content": "<p>非常感謝你幫忙把廣播轉成文字襠！</p>",
          "level": 1,
          "highlight": true,
          "children": []
        }
      ]
    },
    {
      "id": "22e49395c2d99f57d117fe8164bfac96",
      "author": "h",
      "time": "2019年12月23日 12:54",
      "content": "<p>請問多囊跟卵巢囊腫是一樣的病因嗎?寒濕?謝謝</p>",
      "level": 0,
      "highlight": false,
      "children": [
        {
          "id": "69e23bfb19af9b7bc8ddac6cb32dde21",
          "author": "andy",
          "time": "2019年12月31日 11:13",
          "content": "<p>中醫不是直接拿西醫病名來對應，只能說許多的卵巢問題，都和中下焦寒濕有關。</p>",
          "level": 1,
          "highlight": true,
          "children": []
        }
      ]
    },
    {
      "id": "96bddaaec890248be9c64900ee89d637",
      "author": "老浩",
      "time": "2025年02月20日 04:58",
      "content": "<p>本段广播音频中所说，这男的脚都是冷的冰的，这种脚冷是一种怎样的程度？比如说大冷天的坐久了脚会冷，但吃饱饭后或跑到床上盖上棉被后会慢慢变暖，这种算是脚冷吗？脚冷是指24小时无论穿衣服盖被子都无法变暖吗？</p>",
      "level": 0,
      "highlight": false,
      "children": [
        {
          "id": "df0252b47ed9721eb84ab4ac0df4a144",
          "author": "李宗恩",
          "time": "2025年02月20日 15:32",
          "content": "<p>正常室溫下，不穿襪子，腳感覺冷或摸起來不溫，就是腳冷。</p>",
          "level": 1,
          "highlight": true,
          "children": []
        }
      ]
    }
  ],
  "page": 28,
  "order": 5,
  "filename": "data\\page28\\page28_order4_6d139c31a68796b5b460b565ce75dce9.json",
  "timestamp": 1741406622.0884264
}