{
  "article_url": "https://andylee.pro/wp/?p=8449",
  "title": "倪海厦老師吉他彈唱的舊影片",
  "content": "<p>這幾天整理舊檔案，翻出一些倪海厦老師吉他彈唱的視頻，是當年在倪老師家開派對，晚餐後倪老師心血來潮，開了一個即興的小型個人演唱會。我不記得是哪位學生拍攝的，而那個時候手機的拍攝效果很差，影像黑暗不清。但是，很多倪老師學生都非常懷念跟診的日子，這些舊影片有很大的紀念價值，特意拿出來和大家分享。</p>\n<figure class=\"wp-block-video\"><video controls=\"\" src=\"https://andylee.pro/wp/wp-content/uploads/2020/07/倪老師吉他彈唱-01.mp4\"></video></figure>\n<figure class=\"wp-block-video\"><video controls=\"\" src=\"https://andylee.pro/wp/wp-content/uploads/2020/07/倪老師吉他彈唱-02.mp4\"></video></figure>\n<figure class=\"wp-block-video\"><video controls=\"\" src=\"https://andylee.pro/wp/wp-content/uploads/2020/07/倪老師吉他彈唱-03.mp4\"></video></figure>\n<figure class=\"wp-block-video\"><video controls=\"\" src=\"https://andylee.pro/wp/wp-content/uploads/2020/07/倪老師吉他彈唱-04.mp4\"></video></figure>\n<p></p>",
  "article_time": "2020年07月26日 21:02",
  "comments": [
    {
      "id": "1641c341a4ff3036eff884f60e162c0f",
      "author": "卢晨",
      "time": "2020年07月27日 17:36",
      "content": "<p>太珍贵，太好了！感谢李博士分享啊！</p>",
      "level": 0,
      "highlight": false,
      "children": []
    },
    {
      "id": "688fb31a9c0048e0c7fc3ebe2938b7de",
      "author": "山西-杨柳春风",
      "time": "2020年07月29日 01:47",
      "content": "<p>太珍贵了，怀念倪师！</p>",
      "level": 0,
      "highlight": false,
      "children": []
    },
    {
      "id": "3e54e21afcae777b84cfc68e75e0bb1c",
      "author": "无名",
      "time": "2020年07月30日 01:32",
      "content": "<p>太珍贵了，感谢李博。</p>",
      "level": 0,
      "highlight": false,
      "children": []
    },
    {
      "id": "38a2b62b9c3702f0e456d487bffe3d1e",
      "author": "李晨",
      "time": "2020年07月30日 02:25",
      "content": "<p>李博士，有沒有比較會斗數的老師推薦一下呢？徐律師的斗數很厲害，能有機會和他網絡交談一些嗎？我覺得在斗數這方面我還可以有一些天賦，客戶反饋鮮少有不滿意的。<br/>\n我想開一個業餘的斗數命裏諮詢管，想聽下你的建議。</p>",
      "level": 0,
      "highlight": false,
      "children": []
    },
    {
      "id": "caa150662f371543cd285feda3758f18",
      "author": "sam.c",
      "time": "2020年08月12日 02:47",
      "content": "<p>多么熟悉的声音，无限追思。谢谢倪老师在我自学中医路上的启发。</p>",
      "level": 0,
      "highlight": false,
      "children": []
    },
    {
      "id": "2330a7fdbc5694aac5e96e549ebe7def",
      "author": "觀象道人",
      "time": "2021年11月20日 20:28",
      "content": "<p>李醫師想請問您一下倪老師最後一個影片中彈奏的是什麼歌曲？鄙人也想和倪師神交，多謝！</p>",
      "level": 0,
      "highlight": false,
      "children": [
        {
          "id": "f2b4efe586e2cd6fcb932827bf3fe217",
          "author": "李宗恩",
          "time": "2021年11月30日 19:35",
          "content": "<p>我不確定。</p>",
          "level": 1,
          "highlight": true,
          "children": [
            {
              "id": "9a0f9a7bf7009a548d33e7897d49a068",
              "author": "觀象道人",
              "time": "2022年06月18日 16:28",
              "content": "<p>找到這首歌了，是《Have you ever seen the rain》</p>",
              "level": 2,
              "highlight": false,
              "children": [
                {
                  "id": "7886e97ca8dc8fb2ab64d7ada45d8e37",
                  "author": "李宗恩",
                  "time": "2022年06月20日 09:14",
                  "content": "<p>謝謝你告訴我。</p>",
                  "level": 3,
                  "highlight": true,
                  "children": []
                }
              ]
            }
          ]
        }
      ]
    }
  ],
  "page": 20,
  "order": 2,
  "filename": "data\\page20\\page20_order1_688fb31a9c0048e0c7fc3ebe2938b7de.json"
}