{
  "article_url": "https://andylee.pro/wp/?p=11522",
  "title": "Omicron的預防與治療方向",
  "content": "<p>世界各地大多因爲Omicron流感化而大幅開放，回到新冠疫情前的正常生活，中國大陸和台灣卻被Omicron搞得天翻地覆、人心惶惶。雖然我們已經討論過幾次，還是有許多讀者來函詢問該如何準備中藥來對抗Omicron，那麽我們就再來討論一次如何以中醫藥對Omicron的預防及治療方向。</p>\n<p>首先，很確定的是中醫藥可以很有效地對抗新冠疫情。從一開始武漢爆發的Type B病毒株、Delta變種、到目前流傳的Omicron，很多地區的中醫師皆參與抗疫治療工作，累積了非常多的成功病例。我個人也治療了數百個確診病例，從ICU急重症到輕症都有，目前治愈率依然為百分之百，同時無一有所謂的Long-Haul Covid後遺症。</p>\n<p>然而，中醫藥有效對抗新冠的前提是，必須按照正統中醫辨證論治的思維來應付，而不是哪幾味中藥材有所謂的天然抗生素或有抑制病毒分裂的化學成分，那樣的做法是本末倒置、外行指導内行，還不如直接靠西醫化學藥劑來得實際。</p>\n<p>我們先討論中醫預防新冠的部分。中醫預防瘟疫的重點在於加强自身的抵抗力，而不是針對某些可能發生的症狀，畢竟每個病人及各個區域對瘟疫的反應不同，加上病毒變種快速，不能因爲許多確診病人痰多咳嗽，就先給沒得病的人服用化痰止咳的中藥方劑，「超前治療」可能讓身體失去平衡，更不容易對抗瘟疫的打擊。</p>\n<p>中醫怎麽加强自身的抵抗力？在不知道每個人確切的情況下，共同的交集在於通利水道及平衡陰陽。人體内部的資源及廢物大多得依賴三焦水道來運輸，通利水道好比確保道路及下水管通暢，後勤做得好，前線才容易打勝仗。因此，從古至今， 通利水道的五苓散一直為預防瘟疫的首選。另一方面，現代人缺乏戶外運動，大多數的人坐辦公桌、玩手機，適當服用加强陰陽平衡的桂枝湯，可以幫忙身體整體功能運作，提升對抗瘟疫的能力。我從兩年多新冠疫情剛爆發時，就到處教導大家使用桂枝湯加五苓散來預防瘟疫，很多讀者在親朋好友之間、住家小區、工作環境等等推廣，反饋非常良好。當然，即使桂枝湯加五苓散藥性平和，適用於大部分的大人及小孩，有慢性病或其它健康問題的人，還是得先咨詢專業中醫師，不能貿然長期服用。</p>\n<p>討論中醫治療新冠的部分比較麻煩。大多數人對中醫不甚了解，不理解正統中醫的思維是辨證論治，每個病人的情況不一樣，使用的中藥方也就不一樣，不是針對某個西醫病名就使用什麽中藥方。然而，在瘟疫大流行時，中醫資源不足，加上有能力及信心治愈新冠的中醫師相對較少，對每一位輕重症的病患都深入辨證論治幾乎是不可能、不實際的做法。在左右兩難的情況下，自古在瘟疫大流行時，只好針對多數病人症狀抓個大概，於是出現了所謂的 「通方」 。 通方的概念是在緊急下沒有辦法的辦法，先給大多數病人類似的中藥方，希望能幫助一半以上的病人康復，減緩醫療負擔，再把醫療資源轉到那些通方效果不佳的病人上，也讓臨床經驗充足的中醫師能專注在急重症病患。換句話説， 通方不是特效藥，而是不得已情況下的權宜之計，至於一個通方的適用範圍有多大、有效性有多高，那就得看開立通方那位中醫師的臨床功力了。</p>\n<p>從2020年一月指導通許人民醫院治療確診病人，到後來的Delta變種，我都是以射干麻黃湯、大青龍湯、葶藶大棗瀉肺湯等加減來開立通方，比中國大陸的 「清肺排毒湯」 藥性強一些，各地反饋效果相當不錯。Omicron變種出現後，大多數病人症狀比之前武漢流傳的Type B及Delta等變種輕許多，很多也只影響到咽喉部分，肺臟的傷害相對有限。因此， Omicron通方的藥性不需要如以前那麽強，反而多以半夏厚朴湯、苓桂朮甘湯等輕劑來加減，如果有發燒等其它一般感冒常見的症狀，再配合一些葛根湯、小柴胡湯等的加減即可。少部分Omicron病人本身肺家虛弱或有其它疾病，即使Omicron本身不直接攻擊肺臟，卻因Omicron消耗人體抵抗力，肺部感染其它病毒或細菌，而導致肺炎及其它併發症（complications），出現和Delta類似的症狀，目前回頭使用射干麻黃湯、大青龍湯、葶藶大棗瀉肺湯等等加減的通方，臨床效果也依然良好。當然，最好還是找臨床功力良好的專業中醫師看診，畢竟任何的通方都只是不得已的情況下，爲了應急而使用的。</p>\n<p>台灣許多讀者詢問 「清冠一號」 的效果，尚未得病及不對症的病人服用清冠一號是錯誤的。許多人服用清冠一號後瀉肚子，這已經是個警訊了。中醫認爲外感時，必須讓外邪停留在表，病進或誤治而導致瀉肚子，不僅僅是 「藥比較寒涼」，而是表邪入裏、外邪轉化為裏邪的現象，就算沒有什麽嚴重的不適，也會虛耗正氣。有些人說服用清冠一號後比較舒服，代表有效。很可惜，那只是一個誤解，好像一個人咽喉燒熱疼痛時，喝冰水也會讓咽喉比較舒服，但是大概所有對中醫有一點點認識的人，都不會用喝冰水的方式來解決咽喉燒熱疼痛 。</p>\n<p>總之，中醫可以有效預防及治療新冠，但是得依據正統中醫的生理、病理及治療方式。如果一位中醫師一聼到新冠病人，想都不想、望聞問切也省略了，直接給病人清冠一號，那很肯定這位中醫師沒有什麽臨床看診的功力，你不但這次不應該找他治療新冠，以後也不應該找他看其它健康問題。</p>\n<p></p>",
  "article_time": "2022年05月12日 17:24",
  "comments": [
    {
      "id": "22e9853d6f1f8cf0908dcea9fa66fe28",
      "author": "lkk",
      "time": "2022年05月12日 23:00",
      "content": "<p>李醫師您好:<br/>\n  向您報告一下，我想連結您這篇文章分享給其他人，還望您允准。您說的夠清楚明白了，感謝您這盞明燈。現在的亂象，痛心不足以形容。但願藉由您的知識及文章，帶領人們安渡這些紛亂。感謝您!</p>",
      "level": 0,
      "highlight": false,
      "children": [
        {
          "id": "c13688236004dcf1d140b74eed2e4e26",
          "author": "李宗恩",
          "time": "2022年05月13日 10:55",
          "content": "<p>可以，説明出處即可。</p>",
          "level": 1,
          "highlight": true,
          "children": [
            {
              "id": "3adcc0315e779f03de207c67a90a147b",
              "author": "露露",
              "time": "2022年05月30日 07:10",
              "content": "<p>李医生，您好，我是大陆的一位宝妈，久仰大名，千里迢迢，我想请教您一个问题:我家三个小孩，每一个孩子都是从一出生月子里就发现孩子身体呈c型扭曲平躺，你给她摆正又歪了，然后身体侧歪那侧肌肉特别紧张，我开始以为是喂奶姿势不对，后发现不是的，去了医院说斜颈，可是身体也是歪的，拍片了，骨骼结构没有畸形，就是骨盆有旋转，后来康复科医生说是在宫内长期保持一个姿势导致的。也就是子宫内被压的。一直到现在还是没有好，跑遍了全国各地做按摩康复效果不好……我想请教这方面中医有什么好方法？导致的原因是不是，我们父母肾先天不足？</p>",
              "level": 2,
              "highlight": false,
              "children": [
                {
                  "id": "f286da0c44526884e3356def6949d210",
                  "author": "露露",
                  "time": "2022年05月30日 07:11",
                  "content": "<p>我们这样的孩子越来越多，请医生帮忙指点。跪谢</p>",
                  "level": 3,
                  "highlight": false,
                  "children": []
                },
                {
                  "id": "48168806da935909ea4aa1e9ddf42668",
                  "author": "李宗恩",
                  "time": "2022年05月30日 21:22",
                  "content": "<p>沒有看診深入了解病人情況，無法知道問題所在，同時，我也無法在網上針對個案一一討論。</p>",
                  "level": 3,
                  "highlight": true,
                  "children": []
                }
              ]
            }
          ]
        }
      ]
    },
    {
      "id": "4c75b03bc2306729967626a02888663e",
      "author": "中医愛好者",
      "time": "2022年05月13日 12:47",
      "content": "<p>Omicron的確把大陸不僅僅是雞飛狗跳，而是封城，上海是大城市，關注度高，其他中小城市還有N多，上海2500萬左右人口，每天核酸檢測，以某個數值來分陰陽，好想是CT值35.很有意思的是抗原檢測試劑，有人用可樂以及其他液體做測試，可樂就呈現陽性，而其他偏鹼性的液體測試結果是陰性，難道可樂也中了Omicron？實在荒唐，就是對人類智商的侮辱。以現在都市生活的人，飲食，生活習慣，亂吃滋補品，包括西藥吃多，如果用中醫手法檢測的話，能及格的很少，有些人常年容易感冒，不管是否有Omicron，流感，說明人體的敗壞程度很多，但檢測後是陰性，是不是很搞笑？不得不說Omicron是西醫或衛生部門特意製造的病毒，今年是A，明年是B，後年是C，可以永續地製造。用些常識和簡單邏輯推理，就很明白這是政府在故意搞事。這個世界太荒謬。</p>",
      "level": 0,
      "highlight": false,
      "children": []
    },
    {
      "id": "853e598c07ec198bfdcc0aeee6c81636",
      "author": "淳賓",
      "time": "2022年05月13日 17:19",
      "content": "<p>張仲景在傷寒論不斷批評的那些庸醫在不該用下法時瀉下，現在反而成為主流扶正祛邪才應該是中醫的王道！</p>",
      "level": 0,
      "highlight": false,
      "children": [
        {
          "id": "de522f4524b9c09fdc39593ebe606e96",
          "author": "李宗恩",
          "time": "2022年05月24日 09:24",
          "content": "<p>還沒得病，就讓病人先瀉肚子，更是傷害病人正氣。</p>",
          "level": 1,
          "highlight": true,
          "children": []
        }
      ]
    },
    {
      "id": "6714b45f337087a2e53aa5209114a9d9",
      "author": "魯豆腐",
      "time": "2022年05月13日 18:45",
      "content": "<p>感謝Dr.李又出來拯救受危的世人<br/>\n看您花在打字校對也得花上好久時間和心思<br/>\n能否就以錄音檔案來代替辛苦的文字輸入<br/>\n我們也好利用聆聽來吸收知識<br/>\n年紀愈大對用耳聽好過用眼去閱讀<br/>\n真的是非常感謝您的貢獻和付出</p>",
      "level": 0,
      "highlight": false,
      "children": [
        {
          "id": "d4e6caa3e449d55f9d4bc31a31ee33a9",
          "author": "Ben",
          "time": "2022年05月22日 01:53",
          "content": "<p>如能使用Win10電腦並開啟Edge瀏覽器來閱讀李大夫文章，就以滑鼠先拖曳標示本文，再開啟”大聲朗讀”功能就可聆聽了! Edge是以AI人工朗讀，有些中文話語、詞彙之讀音- 如”地”、”散”(或語尾讀音)等會稍有偏差，就自己再稍對照本文，理解、澄清一下。(朗讀有發現：第2段之”癒”及中間段”癒”，皆顯示愈，當改正。)</p>",
          "level": 1,
          "highlight": false,
          "children": [
            {
              "id": "dd9a4cac0f466f02a3a7fb59148ebbea",
              "author": "內經初學者",
              "time": "2022年05月22日 21:23",
              "content": "<p>還有一個笨辦法：把文章拷貝到谷歌翻譯網頁，然後用它的“聽”功能。試了一次，這整片文章都可以一次聽完的。</p>",
              "level": 2,
              "highlight": false,
              "children": [
                {
                  "id": "fd36eb81819a59769c8b098f6bb85e81",
                  "author": "魯豆腐",
                  "time": "2022年05月23日 17:58",
                  "content": "<p>感謝兩位學長的指導</p>",
                  "level": 3,
                  "highlight": false,
                  "children": []
                }
              ]
            }
          ]
        },
        {
          "id": "15d40eca283cf97a39e33f39315c1d8e",
          "author": "李宗恩",
          "time": "2022年05月24日 09:22",
          "content": "<p>我通常是利用看診中間斷斷續續寫文章，往往寫不到一段就又得回去看診，錄音無法如此斷斷續續地製作，得一氣呵成，需要一段完整的時間。</p>",
          "level": 1,
          "highlight": true,
          "children": [
            {
              "id": "d6e4b5a533ab91aa0a69a9d848c7f5cc",
              "author": "魯豆腐",
              "time": "2022年05月24日 18:01",
              "content": "<p>Dr.李，您的辛苦我瞭解了。基本上跟我們是差不多的，我們跑外務工作回去還得做報告，在製作報告時最怕思緒被打斷，無奈電話一進來或臨時交辦一來，整個工作報告的思緒全被打亂，很難再接續之前的靈感和思緒，所以時常還得把工作報告帶回家編排打字。</p>\n<p>感謝您利用零散的休息時間還在為我們作解答和撰文的工作，非常謝謝您的辛勞</p>",
              "level": 2,
              "highlight": false,
              "children": []
            }
          ]
        }
      ]
    },
    {
      "id": "e27f2021bd3a14e0aeffcad1cfc559a7",
      "author": "內經初學者",
      "time": "2022年05月14日 20:44",
      "content": "<p>經方中醫人面臨的現狀：<br/>\n1 面對強勢的西醫及其利益集團；<br/>\n2直面被西醫和西藥洗禮的民眾；<br/>\n3上古天真論對壘現代厚黑學的險境；<br/>\n4治病救人同時的自我保護。</p>",
      "level": 0,
      "highlight": false,
      "children": []
    },
    {
      "id": "ba1048c879da940cb6e24487c4557301",
      "author": "彭儿",
      "time": "2022年05月15日 18:14",
      "content": "<p>感谢宗恩老师的无私，会转给家人。</p>",
      "level": 0,
      "highlight": false,
      "children": []
    },
    {
      "id": "47782c7bb6c3ab0856564d3b7c0ab796",
      "author": "YYY",
      "time": "2022年05月20日 04:01",
      "content": "<p>李医师，这两天有新闻报道西方出现了新的猴痘病毒传播，新闻报道感觉挺可怕的，不知道李医师有没有看到相关新闻，还望有时间李医师可以分享一下相关看法，谢谢</p>",
      "level": 0,
      "highlight": false,
      "children": [
        {
          "id": "f87ec0158a9b15bdb99f1e4f6696b15a",
          "author": "李宗恩",
          "time": "2022年05月24日 09:30",
          "content": "<p>沒有足夠臨床資料，目前還無法評論。</p>",
          "level": 1,
          "highlight": true,
          "children": []
        }
      ]
    },
    {
      "id": "6ae3ebf03f5660ed1991ff1dc4af2f91",
      "author": "Ian Chen",
      "time": "2022年05月20日 04:46",
      "content": "<p>請問李醫師，之前文章說，診所每人每天都會喝你調配的處方，那現在的omicron，如果每天我想要服用那個處方，是不是就像你文章內容所示，沒有改變？</p>",
      "level": 0,
      "highlight": false,
      "children": [
        {
          "id": "0bffd022fba09c26241cd7fef19bf8fb",
          "author": "李宗恩",
          "time": "2022年05月24日 09:34",
          "content": "<p>桂枝湯和五苓散的加減，可以適度服用，治療通方不能在沒有症狀或不對症的情況下服用。</p>",
          "level": 1,
          "highlight": true,
          "children": []
        }
      ]
    },
    {
      "id": "09cd4870de7e166e1e72c3792399c3dd",
      "author": "热爱中医",
      "time": "2022年05月27日 06:25",
      "content": "<p>李医师您好，这个网站留言内容让我学到了太多，可否把留言回答内容也加入到可以搜索出来的地方，这样大家同样的问题有的可能就不用问第二次，谢谢您</p>",
      "level": 0,
      "highlight": false,
      "children": [
        {
          "id": "9b8e889ef2365c78135c7f100efb2435",
          "author": "李宗恩",
          "time": "2022年05月28日 08:13",
          "content": "<p>這我得查一下WordPress該如何設定。</p>",
          "level": 1,
          "highlight": true,
          "children": []
        },
        {
          "id": "8da937230eeb43b842fad6eee63aedce",
          "author": "Yingnan",
          "time": "2022年06月08日 12:59",
          "content": "<p>我都用谷歌的站内搜索关键字来搜索，这样所有评论留言也会被检索到。<br/>\n例如搜索 头痛 ，那么在谷歌搜索框里输入：<br/>\n头痛 site:andylee.pro</p>",
          "level": 1,
          "highlight": false,
          "children": []
        }
      ]
    },
    {
      "id": "70dce97301e197e8b2b9b95d3cb1758f",
      "author": "雷霆半月斩",
      "time": "2022年06月06日 02:29",
      "content": "<p>老铁们，如果中了奥密克戎喝大青龙汤还是清肺排毒汤？</p>",
      "level": 0,
      "highlight": false,
      "children": [
        {
          "id": "6d5d4e00a2e936b2c451a98417331aa5",
          "author": "Yingnan",
          "time": "2022年06月08日 01:03",
          "content": "<p>请仔细阅读上文，李医师都有写啊。</p>\n<p>“因此， Omicron通方的藥性不需要如以前那麽強，反而多以半夏厚朴湯、苓桂朮甘湯等輕劑來加減，如果有發燒等其它一般感冒常見的症狀，再配合一些葛根湯、小柴胡湯等的加減即可。”</p>\n<p>我有在日本的同学，Omicron阳性，日本医院处理方式就是要求他自我隔离+发了几盒葛根汤。他吃了几天就好了。<br/>\n当然如果身体仍有其他问题还是需要找专业医师了。</p>",
          "level": 1,
          "highlight": false,
          "children": []
        }
      ]
    },
    {
      "id": "4765df3e048f01abbce8df6c0a115518",
      "author": "葛根",
      "time": "2022年12月15日 07:49",
      "content": "<p>請教李老師，剛出生不久的也可以用這個方預防嗎，有沒有不喝藥的方法，謝謝李老師</p>",
      "level": 0,
      "highlight": false,
      "children": [
        {
          "id": "e9ab02fdd9c2ba290b8b0ee47620a876",
          "author": "李宗恩",
          "time": "2022年12月17日 10:32",
          "content": "<p>得看個案決定。</p>",
          "level": 1,
          "highlight": true,
          "children": []
        }
      ]
    },
    {
      "id": "f0fabf4426ecee527436b2c95aae4164",
      "author": "經放愛好者",
      "time": "2022年12月15日 18:09",
      "content": "<p>李医师您好，大陆放开疫情管控后身边陆续有阳性病例了。学习倪老师伤寒论有两三年了，您的部落格很多都看過，學習了很多臨床知識，衷心感謝您的無私分享！學習期間为自己和家人诊治感冒，效果还不错，對表證有點治療經驗，因此決定自己治療Omicron家人。用李医师给的预防方让家人朋友服用，让家人们准备葛根汤和半夏厚朴汤储备，防止大爆发后买不到药。目前遇到了3個病例，治療情況請教一下李醫師。<br/>\n陽性1：15嵗，輕症，無汗、不發燒，喉嚨痛、輕微咳嗽、一點痰、流鼻涕，無其它症狀。<br/>\n於是給了葛根湯，加半夏厚樸湯，1劑症狀去一大半，還有點點咳嗽、有點痰，又开了1剂半夏厚朴汤，痊愈了。<br/>\n阳性2：<br/>\n第一天<br/>\n发烧38.5℃，恶寒、无汗、腰痛、喉咙不舒服，一点痰。<br/>\n当晚服家里备用药，喝了一碗，发一点汗，症状减少80%，但出现了恶心呕吐的现象，朦胧睡一晚，<br/>\n第二天<br/>\n第二天早上喝水就吐。当时想会不会是水逆了，该用五苓散了。我想还是再观察一下。后来吃早餐不吐了，下午体温有升到38.3，背心有点冷、口不渴、喉咙有点痒，无汗、小便黄、量少，感觉膀胱涨，然后又开发小青龙汤+茯苓。睡觉前喝一碗，有点热，未发汗，这一晚一觉到天亮。<br/>\n第三天<br/>\n第三天症状和第二天差不多，嘱咐再喝一碗小青龙汤加茯苓，喝完后睡着了，背上出了很多汗，衣服都湿了。到中午体温降到37度以下，症状基本都消失，胃口恢复，精神和感染前差不多。<br/>\n阳性3：<br/>\n37.5 喉咙痛 痒 有味觉 全是关节痛 无汗 怕冷 不流鼻涕 口不渴  白痰 早上起床有 起床以后就没有痰了<br/>\n开了<br/>\n葛根18克，麻黄12克，桂枝9克，白芍9克，生姜4片，大枣15克（切开）、炙甘草9克，五味子15克、杏仁15克（捣碎）、连翘15、金银花15 1付。我分析是典型的麻黄汤症，但是她喉咙痛得厉害又加了葛根、连翘、金银花。<br/>\n上午开方嘱咐尽快拿药煮药吃，新冠病进很快，耽误久了方子可能就不适合了。<br/>\n一整天在我的催促下到了傍晚才把药煮好，可是因为种种原因药到嘴边了还没有喝，这时她告诉我烧到41度了，把我也吓住了，问烦躁不，她说烦躁。我想应该是转成大青龙汤了，方子不适合，换方也来不及了。让她马上去医院治疗，不吃中药了。她和阳性2是同一天发症状的，目前症状还挺严重的<br/>\n这里请教三个问题：<br/>\n1、阳性2服药后恶心呕吐，我分析是病人素虚，发汗动经把中下焦的湿气发出来了，引起恶心呕吐还是我开的药方不对症？第三天喝第二碗小青龙汤+茯苓发汗太多正常吗？<br/>\n2、阳性3她耽误一天没吃中药，我想应该是不相信中医或不相信我。这个病例我想问，如果当时她把这药喝了会不会有问题，能有好的疗效还是会耽误病情？<br/>\n3、家里还有91岁的奶奶，身体硬朗，如果她感染新冠后用中医治疗有什么注意的吗？<br/>\n谢谢李医师！</p>",
      "level": 0,
      "highlight": false,
      "children": []
    },
    {
      "id": "8c07306a65d118fe883a61fb02d3574f",
      "author": "經方愛好者",
      "time": "2022年12月17日 07:55",
      "content": "<p>随着疫情管控放开，身边阳性越来越多。虽然网上有各种段子娱乐，但实际感染了并不好受，特别是对一些有基础病的病人。请教李医师一个问题，在以往治疗普通外感时的喉咙痛，我一般用的是葛根汤或桂枝加葛根汤。而现在Omicron我所了解身边的大多是恶寒、无汗、头痛、身体痛、喉咙痛、口渴、发高烧38度以上甚至40度，这比较符合太阳伤寒的表现，用“麻黄汤”合适，而伤寒论第六条：“太阳病”，发热而渴、不恶寒者为‘温病’，倪老师说葛根汤就是对应的温病的处方，您指出发烧高时可使用葛根汤加减发烧自然会退，使用葛根汤与实际中的恶寒相矛盾啊。在选择治疗方向的时候是用葛根汤还是用麻黄汤好，按条辩及症状我觉得是麻黄汤比较适合，这一些列症状是伤寒引起的可以理解，但喉咙痛怎么处理呢？服用麻黄汤后喉咙痛会一起消失还是需要加入葛根、连翘、金银花来辅助？又或者是用葛根汤加减，去白芍加杏仁来变成葛根汤与麻黄汤的加减变方？请李医师指导一下，谢谢！</p>",
      "level": 0,
      "highlight": false,
      "children": [
        {
          "id": "48603c95b9c1ecc25b612eaa27339866",
          "author": "李宗恩",
          "time": "2022年12月17日 10:42",
          "content": "<p>葛根湯加白术茯苓、半夏朴厚湯等。</p>",
          "level": 1,
          "highlight": true,
          "children": [
            {
              "id": "45e74c2638d60d241c60b71ea9422720",
              "author": "經方愛好者",
              "time": "2022年12月18日 02:13",
              "content": "<p>谢谢李医师！</p>",
              "level": 2,
              "highlight": false,
              "children": []
            }
          ]
        }
      ]
    }
  ],
  "page": 11,
  "order": 1,
  "filename": "data\\page10\\page10_order10_dd9a4cac0f466f02a3a7fb59148ebbea.json"
}