{
  "article_url": "https://andylee.pro/wp/?p=11305",
  "title": "邏輯思維能力（1/2）",
  "content": "<p>我一直強調學習中醫必須加強邏輯思維的能力，不是認得書上寫的每個中文字就以為理解了，更不是症狀和方劑的連連看、便秘就加大黃、高燒就加石膏等等。常常有病人及讀者問我，什麼是邏輯思維能力？如何增強<meta charset=\"utf-8\"/>邏輯思維能力？<meta charset=\"utf-8\"/>邏輯思維能力是需要長期訓練培養的，面對各種不同的問題，不要立即下結論，不僅僅從正面、反面、第三方等等不同角度來思考，更得從未知因素來挑戰自己的推論等等。為了讓大家有一些感覺，我們找個好玩的小題目，來看看大家的反應如何。</p>\n<p>「Alex和Tina到墨西哥旅行，不幸被毒梟綁架了。<meta charset=\"utf-8\"/>Alex和Tina向<meta charset=\"utf-8\"/>毒梟老大求情，說他們行醫救人，不分國界及好壞人，懇求<meta charset=\"utf-8\"/>毒梟老大網開一面放了他們。<meta charset=\"utf-8\"/>毒梟老大想了想說也行，我出一道題目，你們答對了就放你們走，<meta charset=\"utf-8\"/>答錯了代表你們能力不足，放了你們，你們傷害的病人比我殺的人還多。<meta charset=\"utf-8\"/>毒梟老大說，我分別給你們一個零到十的整數，你們彼此不知道對方的數字，也不准交換任何信息，但我告訴你們，你們兩個數字加起來是八或十。然後，從<meta charset=\"utf-8\"/>Alex開始回答到底兩個<meta charset=\"utf-8\"/>數字的合是<meta charset=\"utf-8\"/>八還是十，Alex可以選擇回答，或者選擇pass，讓<meta charset=\"utf-8\"/>Tina回答。換Tina回答時，Tina也可以選擇回答，<meta charset=\"utf-8\"/>或者選擇pass，再讓<meta charset=\"utf-8\"/>Alex回答。這樣回答或pass的步驟可以重複下去，但是，如果答錯了、無法解釋地亂猜、作弊、要我解釋更多條件等等，我就把你們殺了，如果你們一個小時內無法解答，我也會<meta charset=\"utf-8\"/>把你們殺了。接下來，Alex和Tina被分別關在兩間雜亂的地下室，Alex打開信封，看到<meta charset=\"utf-8\"/>毒梟老大給他的數字是六，而Tina<meta charset=\"utf-8\"/>打開信封，看到<meta charset=\"utf-8\"/>毒梟老大給他的數字是四。<meta charset=\"utf-8\"/>毒梟老大宣布時間開始。」</p>\n<p>你有一個小時的時間來救<meta charset=\"utf-8\"/>Alex和<meta charset=\"utf-8\"/>Tina，解釋他們如何解開毒梟老大的問題。如果你一個小時內無法正確解答，不代表你不適合學習中醫，只是說明你還得多加強<meta charset=\"utf-8\"/>邏輯思維的能力。但是，如果你想不出來就放棄了，代表你沒有足夠的毅力來學好中醫，那麼，請你認真反思自己為什麼要學習中醫。</p>\n<p>P.S. 題目改編於大學低年級程度的Discrete Math課程內容。沒有看清楚題目，沒有仔細思考，不要亂回答，不然只代表你連病人情況都搞不清楚，就急匆匆下手治療，不適合當醫生。</p>",
  "article_time": "2022年03月09日 10:31",
  "comments": [
    {
      "id": "59e871afb5742a8d76f221de12b84789",
      "author": "ieitZYB",
      "time": "2022年03月09日 15:15",
      "content": "<p>我来答一下：<br/>\nAlex说：pass。（对方可能是二或四）<br/>\nTina说：六。（因为手上是四，八、十二选一是十，十-四=六）</p>",
      "level": 0,
      "highlight": false,
      "children": [
        {
          "id": "ea6e69b86b3cb84e635954802342023e",
          "author": "李宗恩",
          "time": "2022年03月09日 16:09",
          "content": "<p>錯誤，毒梟老大已經告訴你兩個數字合是8或10，Tina還回答6？你害死了Alex和Tina，毒梟老大把他們殺了。即使你的意思是Tina認為Alex拿到的是6，你的答案還是錯的，理由不合邏輯。</p>",
          "level": 1,
          "highlight": true,
          "children": [
            {
              "id": "9cb1b2aac676e2cbdfa5ec8eb62c640b",
              "author": "李曉錦",
              "time": "2022年06月10日 12:30",
              "content": "<p>第一回合A：pass，T：pass<br/>\n第二回合A：pass，T：pass<br/>\n第三回合A：10<br/>\n前两回合A和T用暗语自己非1、2，所以A判断出T是4</p>",
              "level": 2,
              "highlight": false,
              "children": [
                {
                  "id": "00119020fa80791c71d2e8be98709662",
                  "author": "伍婷",
                  "time": "2025年06月16日 15:46",
                  "content": "<p>我和你答案一样。</p>",
                  "level": 3,
                  "highlight": false,
                  "children": []
                }
              ]
            }
          ]
        }
      ]
    },
    {
      "id": "d1b9e2619f8837d69bdc2fa1722ca4b5",
      "author": "三一",
      "time": "2022年03月09日 17:19",
      "content": "<p>第一种情况<br/>\nalex答8，tina答pass<br/>\ntina答10，alex答10<br/>\n第二种<br/>\nalex答10，tina答10</p>\n<p>对alex来说，对方不是2就是4<br/>\n对tina而言，对方不是4就是6<br/>\n都是二选一的结果，先假设，再验证</p>",
      "level": 0,
      "highlight": false,
      "children": [
        {
          "id": "4ff703c208bb73e7d14cdffe1c66fad6",
          "author": "李宗恩",
          "time": "2022年03月09日 17:52",
          "content": "<p>你沒有看清題目，只要有人答錯，兩人就被殺了，你害死了Alex和Tina。</p>",
          "level": 1,
          "highlight": true,
          "children": [
            {
              "id": "be63f78b176d0ea73b87f37309f92555",
              "author": "在网上学中医",
              "time": "2025年02月15日 01:10",
              "content": "<p>A站在T的角度推测A可能是 4,6,8<br/>\nT站在A的角度推测T可能是 2,4,6<br/>\nA  pass，说明A不是4<br/>\nT  pass，说明T不是2<br/>\nA 回答10</p>",
              "level": 2,
              "highlight": false,
              "children": []
            }
          ]
        }
      ]
    },
    {
      "id": "a76820a80494b784515e287c4d06ea97",
      "author": "Ashley",
      "time": "2022年03月09日 17:23",
      "content": "<p>Alex：pass（Tina可能是2或4）<br/>\nTina：10（Alex可能是4或6，但是毒梟老大分別給一個零到十的整數，可能兩人拿到的數字是不同的，所以4就被排除）</p>",
      "level": 0,
      "highlight": false,
      "children": [
        {
          "id": "641e1a9580f2e1e71623869479342720",
          "author": "李宗恩",
          "time": "2022年03月09日 17:53",
          "content": "<p>錯誤，毒梟老大沒說不能是同一個數字，題目都沒看清楚就回答，你害死了Alex和Tina。</p>",
          "level": 1,
          "highlight": true,
          "children": []
        }
      ]
    },
    {
      "id": "b4446bfcbf3a92820b975de2505751f1",
      "author": "samakev",
      "time": "2022年03月09日 18:08",
      "content": "<p>不知道我理解的對不對,<br/>\n分別給一個零到十的整數意思是數字不會重複的話,<br/>\n那麼應由手上拿4的tina作答,且只能選合為10的答案.</p>",
      "level": 0,
      "highlight": false,
      "children": [
        {
          "id": "8bed7372121ad8488c3d563ff8134d7e",
          "author": "李宗恩",
          "time": "2022年03月09日 18:59",
          "content": "<p>錯誤，毒梟老大沒說不能是同一個數字，題目都沒看清楚就回答，你害死了Alex和Tina。</p>",
          "level": 1,
          "highlight": true,
          "children": []
        }
      ]
    },
    {
      "id": "898965c07252f1a9ab5e1a8fafcf0336",
      "author": "三一",
      "time": "2022年03月09日 19:39",
      "content": "<p>告诉他们数字是几就pass几次，alex可以pass六次，tina可以pass四次，alex开始回答，只要tina第2次pass后，就可以确定结果是10</p>",
      "level": 0,
      "highlight": false,
      "children": [
        {
          "id": "09e3c2f829c5243fd62a4334012eca6b",
          "author": "李宗恩",
          "time": "2022年03月09日 22:00",
          "content": "<p>你得解釋為什麼，另外，也不需要這麼麻煩。</p>",
          "level": 1,
          "highlight": true,
          "children": []
        }
      ]
    },
    {
      "id": "7ef52b819a0c787cca694df2ba7fe404",
      "author": "生",
      "time": "2022年03月09日 20:39",
      "content": "<p>（1）Alex不答，Alex想，若Tina是4，必知我是6或4；若Tina是2，必知我6或8。（2）Tina不答，Tina想Alex不答说明他的数＜8。（3）Alex想，若Tina是2必定可以排除我是8、知道我是6，但是他不答，说明他是4，所以Alex答了出来！…… 题目都看了好几遍，我在想为什么Alex先说，思路有点乱请多担待。</p>",
      "level": 0,
      "highlight": false,
      "children": [
        {
          "id": "47b7ae8b644340f5f6dc47d89cba5407",
          "author": "李宗恩",
          "time": "2022年03月09日 22:02",
          "content": "<p>你的步驟是對的，但解釋有瑕疵且不完整。譬如，Tina拿到4，就已經知道Alex只可能是4或6。</p>",
          "level": 1,
          "highlight": true,
          "children": []
        },
        {
          "id": "90819caa47f534cbe66f67b125f80316",
          "author": "曾宇",
          "time": "2022年09月29日 02:59",
          "content": "<p>我也是这么想的，但总感觉怪怪的，这站在Alex的角度上非常清晰，但是在Tina的角度上是完全不知所以然的感觉。</p>",
          "level": 1,
          "highlight": false,
          "children": []
        },
        {
          "id": "5a46dca0cd79049f38392416094224b5",
          "author": "曾宇",
          "time": "2022年09月29日 03:29",
          "content": "<p>我知道问题出在哪了，我们没有考虑到Tina是0的情况，Alex不答并不能说明他的数小于8，因为Tina的数字可以是0，所以（2）不成立</p>",
          "level": 1,
          "highlight": false,
          "children": []
        }
      ]
    },
    {
      "id": "74d32dfcc8c779b5876a949bfc761eb3",
      "author": "內經初學者",
      "time": "2022年03月09日 23:20",
      "content": "<p>希望這個答案不是把他倆給害了：<br/>\nA方拿到6，他需要2 或4才能得8或10。<br/>\nT方拿到4，他需要4 或6才能得8或10。<br/>\n他們可以用passing的次數傳遞他們的期盼的數字<br/>\n－－<br/>\n1.A方 先pass，T方也pass1<br/>\n2.A方 再pass（可得8），T方也pass2，（因為他還需要2次，可得8）<br/>\n3.A方 3pass，T方也pass3，（因為他還需要1次 才能達到）<br/>\n4.A方 4pass（可得10），T方也pass4，（因為他還需要1次 才能達到8）<br/>\n5.A方可知T方應該是4，和為10</p>",
      "level": 0,
      "highlight": false,
      "children": [
        {
          "id": "cfdd4d7ada37c4ca202ae475ec6f3d30",
          "author": "李宗恩",
          "time": "2022年03月10日 09:13",
          "content": "<p>錯誤，你害死了Alex和Tina，毒梟老大把他們殺了。</p>",
          "level": 1,
          "highlight": true,
          "children": []
        }
      ]
    },
    {
      "id": "a130bf7eadcc4e429433f2a52c41b8a9",
      "author": "Ashley",
      "time": "2022年03月09日 23:30",
      "content": "<p>Alex：連續pass 4次，第5次說10(因為Tina也已經pass 4次，而Tina可能是2或4，Tina用pass的次數來暗示自己拿到的數字，已經可以很確定是Tina是拿4）<br/>\nTina：連續pass 4次（Alex可能是4或6，用pass的次數暗示來Alex，自己拿到的數字）</p>",
      "level": 0,
      "highlight": false,
      "children": [
        {
          "id": "a1222ca1577f76c73048e804e4ef9dc4",
          "author": "李宗恩",
          "time": "2022年03月11日 11:32",
          "content": "<p>錯誤，什麽暗示不暗示，毒梟老大把他們殺了。</p>",
          "level": 1,
          "highlight": true,
          "children": []
        }
      ]
    },
    {
      "id": "3f3073e06052d2114842550b1b908531",
      "author": "zidong",
      "time": "2022年03月10日 01:38",
      "content": "<p>1:Alex 假设Tina 拿到的数字是2，则Alex 在第一次pass后Tina会猜到 Alex拿到的数字是6，否则Tina拿到是数字就是4<br/>\n2.Tina Tina  pass过后如果Alex 在第一次pass后,第二次猜到了Tina手上的数字是4则说明Alex 手上的数字是6</p>",
      "level": 0,
      "highlight": false,
      "children": [
        {
          "id": "235eb430a9f63b2f72657540f928d58c",
          "author": "李宗恩",
          "time": "2022年03月10日 09:14",
          "content": "<p>錯誤，你害死了Alex和Tina，毒梟老大把他們殺了。</p>",
          "level": 1,
          "highlight": true,
          "children": []
        }
      ]
    },
    {
      "id": "b57ca6052d1cc562a4e3d98d14927ee0",
      "author": "三",
      "time": "2022年03月10日 05:59",
      "content": "<p>都不选择回答，如果不能确定，不回答比回答更好</p>",
      "level": 0,
      "highlight": false,
      "children": [
        {
          "id": "47937df79a8457e2302a69612d5d978a",
          "author": "李宗恩",
          "time": "2022年03月10日 09:15",
          "content": "<p>錯誤，一個小時時間到了，毒梟老大把他們殺了。</p>",
          "level": 1,
          "highlight": true,
          "children": [
            {
              "id": "6a02d6b56445a3d9a85b81c983d0ca67",
              "author": "DDT",
              "time": "2022年06月10日 12:57",
              "content": "<p>Alex第一次pass，代表他不是9 10，Tina第一次pass，代表她不是0 1 9 10，Alex第二次pass，代表他不是0 1 7 8 9 10，Tina第二次pass，代表她不是0 1 2 3 7 8 9 10，Alex第三次pass，代表他是4，这时Tina无论如何都可以根据自己手上的牌确认双方和作答了。</p>",
              "level": 2,
              "highlight": false,
              "children": [
                {
                  "id": "3cc26d9eb0cbca11bbe26e1d78146340",
                  "author": "DDT",
                  "time": "2022年06月10日 01:09",
                  "content": "<p>这个解法涵盖任何可能，不需要预设Alex拿到什么牌，只需要如题从Alex开始作答。每一轮都分两种情况：一是可以根据之前的双方的pass情况和自己手中的牌作答，二是信息不足以作答以至pass。所以，运气最差的情况会在Alex第三次pass之后，由Tina作答。</p>",
                  "level": 3,
                  "highlight": false,
                  "children": []
                }
              ]
            }
          ]
        }
      ]
    },
    {
      "id": "7d39eede1dfd9048d37cd5e9d3b15bd5",
      "author": "林小淳",
      "time": "2022年03月10日 09:01",
      "content": "<p>第一回：Alex pass -&gt;如果Tina拿著2，她會認為我拿的是6或8。如果我拿著8，我會直接說10；如果我pass，說明我拿的是6，她就會直接說8。如果Tina說pass,說明她拿著4。<br/>\n第二回：Tina pass -&gt;Alex 拿著4或者6。<br/>\n第三回：Alex回答10。</p>",
      "level": 0,
      "highlight": false,
      "children": [
        {
          "id": "fdf275ee58c17deab1c6c58b4e726c1e",
          "author": "李宗恩",
          "time": "2022年03月10日 09:19",
          "content": "<p>步驟是對的，但你的解釋是錯的，如果Alex拿8，他無法確定Tina是0還是2。</p>",
          "level": 1,
          "highlight": true,
          "children": []
        }
      ]
    },
    {
      "id": "27c2d408f2b3e901baef39636bb9a95f",
      "author": "playxx",
      "time": "2022年03月10日 10:28",
      "content": "<p>前提是 2 人都会用pass次数去表明、超过，接近手上的数字。</p>\n<p>Tina pass 2次（圈）后， Alex 知道Tina 拿了4. （大于2），第三圈Alex 就答 10.</p>\n<p>Alex pass 4次（圈）后，Tina 知道 Alex 拿了6. （大于4），第四圈Tina就可答10.</p>\n<p>2人共有2次机会猜到是  10.</p>\n<p>这只能是对这特殊case。</p>\n<p>也有问题：如2人都拿了4，没人能猜到是8的。</p>",
      "level": 0,
      "highlight": false,
      "children": [
        {
          "id": "dd4c9dbf1dd5391f17a92c9a849111f8",
          "author": "playxx",
          "time": "2022年03月10日 10:36",
          "content": "<p>好像这只能是在答 10 时才能用。。。<br/>\n结果是8， 好像没啥招。。。</p>",
          "level": 1,
          "highlight": false,
          "children": []
        },
        {
          "id": "e4a2b2cf2883c4f27be2fb2b9a06d31a",
          "author": "李宗恩",
          "time": "2022年03月10日 17:00",
          "content": "<p>錯誤，什麽暗示不暗示，毒梟老大把他們殺了。</p>",
          "level": 1,
          "highlight": true,
          "children": []
        }
      ]
    },
    {
      "id": "ef7c332cb905c78e86b91783af47728e",
      "author": "Ashley",
      "time": "2022年03月10日 16:25",
      "content": "<p>Alex：連續pass 3次，第4次說10(因為Tina也已經pass 3次，而Tina可能是2或4，Tina用pass的次數來暗示自己拿到的數字，又Tina已經pass超過2的次數，故已經可以很確定是Tina是拿4）<br/>\nTina：連續pass 3次（Alex可能是4或6，用pass的次數暗示來Alex，自己拿到的數字）</p>",
      "level": 0,
      "highlight": false,
      "children": [
        {
          "id": "6d4a680884013619bc23a0da49a5ee19",
          "author": "李宗恩",
          "time": "2022年03月10日 17:00",
          "content": "<p>錯誤，什麽暗示不暗示，毒梟老大把他們殺了。</p>",
          "level": 1,
          "highlight": true,
          "children": []
        }
      ]
    },
    {
      "id": "b5da2e48c092b387529205583ceff886",
      "author": "陳雷公",
      "time": "2022年03月10日 17:52",
      "content": "<p>洛書<br/>\n294<br/>\n753<br/>\n618<br/>\n甲5答乙5<br/>\n乙2答甲8<br/>\n甲9答乙1<br/>\n乙4答甲6<br/>\n甲7答乙3<br/>\n乙9答甲1<br/>\n老大釋放我倆人吧</p>",
      "level": 0,
      "highlight": false,
      "children": [
        {
          "id": "0c36e96e330d821122ad02c161067477",
          "author": "李宗恩",
          "time": "2022年03月10日 18:50",
          "content": "<p>不要亂回答</p>",
          "level": 1,
          "highlight": true,
          "children": []
        }
      ]
    },
    {
      "id": "74fccfdfb616d33662dbb44f22e3d7fa",
      "author": "zidong",
      "time": "2022年03月10日 18:17",
      "content": "<p>第一轮：<br/>\n1.Alex拿到的是6所以Alex猜测Tina拿到的是2或4，所以从Tina角度看Alex拿到的是6或8或4，<br/>\nAlex如果拿到的是4则会直接说和为8，如果拿到的是8则直接说出和数为10，否则说pass拿到的数为6<br/>\n2.Tina拿到的是4所以Tina猜测Alex拿到的是6或4，所以从Alex角度看Tina拿到的是2或4或6，<br/>\nTina如果拿到的是2则会直接说和为8，如果拿到的是6则直接说出和数为10，否则说pass拿到的数为4<br/>\n第二轮：<br/>\nAlex和Tina都猜出对方的数字，第二轮直接给出答案10</p>",
      "level": 0,
      "highlight": false,
      "children": [
        {
          "id": "09f7e833d921c20fc5cb06c9b44d6b39",
          "author": "李宗恩",
          "time": "2022年03月10日 18:49",
          "content": "<p>錯誤，「Alex如果拿到的是4则会直接说和为8，如果拿到的是8则直接说出和数为10，否则说pass拿到的数为6」是錯誤的。</p>",
          "level": 1,
          "highlight": true,
          "children": []
        }
      ]
    },
    {
      "id": "d4209a813230866d3215c88218f132d2",
      "author": "東東",
      "time": "2022年03月10日 20:21",
      "content": "<p>已知Alex拿6，Tina拿4<br/>\n第一回：Alex答pass<br/>\n第二回：Tina問數字可否重複？<br/>\n如果可：Tina答pass<br/>\n如果不可：Tina答總和為10(淘汰4只剩6，那和必為10）</p>\n<p>接續如果可重複Tina pass之後：<br/>\nAlex已知Tina提出是否重複的問題，則推理Tina為4，則回答總和為10<br/>\n理由：總和8或10，自知手上拿6對方一定是2或4，既然會問是否重複就一定是4不可能為2，這樣才能和為8或10</p>",
      "level": 0,
      "highlight": false,
      "children": [
        {
          "id": "f1b35f321b7b23167ace68cec7289c31",
          "author": "李宗恩",
          "time": "2022年03月11日 05:57",
          "content": "<p>錯誤，已經說不能再問條件，毒梟老大把他們殺了。</p>",
          "level": 1,
          "highlight": true,
          "children": []
        }
      ]
    },
    {
      "id": "65d8366058f7a6fb2c41c3af5d6df553",
      "author": "Vincent.Do",
      "time": "2022年03月10日 21:38",
      "content": "<p>1、alex手中为6， 知道 tina为4或2，那么如果tina是4，则认为自己是4或6，如果tina是2，认为自己是8或6，也就是说alex猜tina认为自己手中的数字为8或6或4；同样tina手中为4，知道alex为4或6，如果alex是4，则认为自己是4或6，如果alex是6则认为自己是2或4，也就是说，tina认为alex猜自己手中是2或4或6.<br/>\n2、alex先表态，由于无法确定，只能pass。<br/>\n3、tina认为，alex猜自己是8或6或4，tina自己手中是4，因和只能是8或10，所以只能在6或4之中猜，但手中为4，还是无法确定，所以pass.<br/>\n4、alex看tina无法确定，则认为8或6或4无法确定，但自己是6，不可能是6或8，则肯定可确定为4.所以alex可以回答为和是10，从而解救两人。</p>",
      "level": 0,
      "highlight": false,
      "children": [
        {
          "id": "1a529501a4ea279ecd342012405cbd60",
          "author": "李宗恩",
          "time": "2022年03月11日 06:00",
          "content": "<p>你寫得很亂，解釋有瑕疵。</p>",
          "level": 1,
          "highlight": true,
          "children": [
            {
              "id": "03fb8c7abaae699e74eca5c7ee703bb4",
              "author": "Vincent.Do",
              "time": "2022年03月11日 18:14",
              "content": "<p>再重新将我上次花了45分钟的冥思苦想整理一下：（只是个人思路，不涉及其他人的想法。尽管延误了病情，可能让病人受了很多苦，但希望最终难解决病人痛苦，而且希望能进一步提高临床思路）：<br/>\n1、alex和tina都能够根据自己手中的数字推断出对方可能的数字和对方对自己的推断。alex手中为6， 知道 tina为4或2，那么如果tina是4，则认为自己是4或6，如果tina是2，认为自己是8或6，也就是说alex猜tina认为alex手中的数字为8或6或4。（同样tina手中为4，知道alex为4或6，如果alex是4，则认为自己是4或6，如果alex是6则认为自己是2或4，也就是说，tina认为alex猜tina手中是2或4或6.）<br/>\n2、alex先表态，由于无法确定tina是4或2，只能pass。<br/>\n3、tina认为，alex认为alex猜自己是8或6或4，tina自己手中是4，因和只能是8或10，还是无法确定alex猜的6还是4，所以pass.<br/>\n4、alex看tina无法确定，则认为8或6或4无法确定，但自己是6，不可能是6或8，则肯定可确定为4.所以alex可以回答为和是10，从而解救两人。</p>",
              "level": 2,
              "highlight": false,
              "children": [
                {
                  "id": "20afee95e886d955a93107bf751104ee",
                  "author": "Vincent.Do",
                  "time": "2022年03月11日 18:21",
                  "content": "<p>想想确实解释得有些乱，太绕了。。。思路还不够开阔。。。</p>",
                  "level": 3,
                  "highlight": false,
                  "children": []
                }
              ]
            }
          ]
        }
      ]
    },
    {
      "id": "51e016a834d3011e937d381707570e40",
      "author": "adau",
      "time": "2022年03月11日 01:02",
      "content": "<p>1.Alex pass  (因為Tina 可能是4或2，猜錯不行）<br/>\n2.Tina 答10  （因為Tina 手上是4 所以Alex不會是4，只有6的可能）</p>",
      "level": 0,
      "highlight": false,
      "children": [
        {
          "id": "98403d0579f3c4b9bf904e068724000a",
          "author": "李宗恩",
          "time": "2022年03月11日 06:01",
          "content": "<p>錯誤，沒說兩個數字不一樣，你害死了Alex和Tina。</p>",
          "level": 1,
          "highlight": true,
          "children": []
        }
      ]
    },
    {
      "id": "3f9a1320c0fbd94f65f9b83247392ccf",
      "author": "Yingnan",
      "time": "2022年03月11日 01:09",
      "content": "<p>对话应该是<br/>\nAlex: pass<br/>\nTina: pass<br/>\nAlex: 10<br/>\n因为每个人的视角内只有两条合理链路<br/>\n作为Alex的6 有 6-2-6-2  （和为8）   6-4-6-4   （和为10）</p>\n<p>作为Tina的4 有 4-4-4-4  （和为8）   4-6-4-6   （和为10）<br/>\n所以当Tina回答pass的时候，Alex就知道不是6-2组合了，而是6-4组合了，也就是10。</p>",
      "level": 0,
      "highlight": false,
      "children": []
    },
    {
      "id": "65e00735237a05d569590da2e17b7256",
      "author": "金喜鸟",
      "time": "2022年03月11日 05:33",
      "content": "<p>我来回答,首先毒枭不可能给Alex和TINA同样的数字,因为他们两个人得到的数字合为8或10.所以判断出他们是不同的数字.那么ALEX拿到6,那么判断TINA是4或2. TINA拿到4,会判断ALEX为6或4,因为TINA认为ALEX不可能是4,所以TINA认为4是不可能的.TINA会首先回答到结果判断ALEX为6.</p>",
      "level": 0,
      "highlight": false,
      "children": [
        {
          "id": "d8966f0e0e60cc09cc86c1d2f3d3b5c8",
          "author": "李宗恩",
          "time": "2022年03月11日 06:05",
          "content": "<p>錯誤，毒梟老大為什麼不會給同樣的數字？Tina拿到4，她無法知道Alex不是4。</p>",
          "level": 1,
          "highlight": true,
          "children": []
        }
      ]
    },
    {
      "id": "acb829f95c8bba71914fe96dada71ddd",
      "author": "金喜鸟",
      "time": "2022年03月11日 17:03",
      "content": "<p>老师：我重新回答：    ALEX对TINA说是10,TINA回答PASS.TINA判断ALEX数字为5以上的数字,因为TINA数字是4.到TINA说是10,ALEX就知道TINA是4了.  这是一个分析.<br/>\n 另外一个分析是,ALEX对TINA说是8,TINA回答PASS,TINA判断对方说数字和为8,说明对方数字与自己一样为4. TINA说是10来验证下对方，ALEX判断对方TINA是4，ALEX回答PASS。 ALEX说是10，TINA判断对方只能是6.ALEX回答PASS。TINA说是8,ALEX判断对方只能是2。双方一轮互判后，ALEX判断出对方的数字为2或4.  TINA判断出对方数字为4或6.    （ ALEX判断自己的数字6加TINA的数字2为8，加4为10； 同样TINA判断自己的数字4加ALEX的数字4为8，加6为10；） 接着下一轮的判断：ALEX说是8，TINA就认为自己是2了，所以TINA就回答PASS. TINA说10.ALEX就此判断出TINA是4.</p>",
      "level": 0,
      "highlight": false,
      "children": []
    },
    {
      "id": "c31a5740d86b42885bed00e20379abe4",
      "author": "Andychan",
      "time": "2022年03月12日 04:35",
      "content": "<p>假设自己只是T或者A,而不知道另外一个.<br/>\n從Alex開始回答到底兩個數字的合是八還是十.</p>\n<p>T:自己被分到6那对方就是四或二.<br/>\n对方既然是四或者二,那么他可能要猜我是6/4或者8/6</p>\n<p>——————————-<br/>\nA:自己被分到四对方可能就是6或者4.<br/>\n既然对方是6或者4,那么他可能要猜我是 2/4 和4/6</p>\n<p>可能是数字是 2 / 4 /6 /8</p>\n<p>T:假如和是8,那么A就是2<br/>\n假如和是10 A就是4.</p>\n<p>T:和是10?   A:No<br/>\n(你怎么知道No,这是信号)</p>\n<p>A:和是10?  T:Poss (有可能)<br/>\nT:和是8?  A:poss<br/>\nA:和是8?  T:No<br/>\nT:和是8?  A:No<br/>\n————–</p>\n<p>算了没机会跟随你们学医.我直接看答案去</p>",
      "level": 0,
      "highlight": false,
      "children": []
    },
    {
      "id": "47f494e7d1b77d41be076af4c9429498",
      "author": "行者",
      "time": "2022年03月17日 03:00",
      "content": "<p>Alex 看時間，看到時間是16分，26，36，46，56分的時候回答 pass，Tina 就知道 Alex是 6，然後 Tina 就回答 10</p>",
      "level": 0,
      "highlight": false,
      "children": [
        {
          "id": "7b156f034c7de19b3618c6f94407077d",
          "author": "李宗恩",
          "time": "2022年03月17日 20:16",
          "content": "<p>你怎麼知道Alex和Tina有機會事先商量好，或兩人手錶手機沒被毒梟搶走？不要有投機取巧的想法，臨床上抱有僥倖心理，是很危險的。</p>",
          "level": 1,
          "highlight": true,
          "children": []
        }
      ]
    },
    {
      "id": "5969d2f595ba72229b4f6c8ff4003597",
      "author": "中医学生",
      "time": "2022年03月18日 06:40",
      "content": "<p>李医师，我是一名大四中医生，在面临着考研的选择，经过本科的学习，我总感觉大陆学院里培养不出一名好的中医，中医里的老师没有比倪老师和你更好的了，所以不太想去考中医的研究生，想早点出来工作，不断研读倪老师和你的东西，请问你可以给我一点建议吗？万分感谢。</p>",
      "level": 0,
      "highlight": false,
      "children": [
        {
          "id": "306eafc6b3223d27c0f65215368f444c",
          "author": "李宗恩",
          "time": "2022年04月11日 09:57",
          "content": "<p>雖然大陸中醫碩博士不能訓練你的臨床醫術，大陸醫療體系下有許多的現實的考量，你必須考慮自己的條件及願景，在理想和現實中取得平衡。</p>",
          "level": 1,
          "highlight": true,
          "children": []
        }
      ]
    },
    {
      "id": "c79e9bf47856ea7edf8181212187fef5",
      "author": "陳建賢",
      "time": "2022年03月19日 11:27",
      "content": "<p>用洛書直觀命題，直接了當答題。不用pass對方去猜。<br/>\n命題口+口=10<br/>\n或者口+口=8<br/>\n10-8=2（差距數）<br/>\n492<br/>\n357<br/>\n816<br/>\nA君拿西北隅6，直答T君為東南隅4，6-4差距數2，符合命題。6+4=10。<br/>\n其他排序都不符合。</p>",
      "level": 0,
      "highlight": false,
      "children": []
    },
    {
      "id": "1ddf0cee645eaff82ddbcf243c404fcc",
      "author": "陳建賢",
      "time": "2022年03月19日 19:16",
      "content": "<p>直觀洛圖術數<br/>\n492<br/>\n357<br/>\n816<br/>\n命題口+口=10<br/>\n或者口+口=8<br/>\n10-8=2（差數）<br/>\n1）四角隅數2，4，6，8，0排序，因隅數+隅數=隅數。奇數1，3，5，7，9排序出局。因奇數+隅數=奇數。違反命題。但可奇數+奇數=偶數。<br/>\n2）角6與角4，差數2。角4與角2，差數2。選6+4=10合乎命題。<br/>\n3）角8+角2=10，角與8+0=8雙方可直答，可惜都不在雙方手中，出局。<br/>\n3）A君拿6與T局拿4，最住搭檔。能滿足命題，其他排序出局。<br/>\n4）A君拿6，第一時間決定斷定T君拿4成配。</p>",
      "level": 0,
      "highlight": false,
      "children": [
        {
          "id": "90e0d1ebe09fda4041ae02ed8d9a09a7",
          "author": "內經初學者",
          "time": "2022年03月21日 12:52",
          "content": "<p>你能不能用同樣的理論去解釋一下: 如果A拿到的是奇數, 如5, 你是如何判斷對方拿到的是3還是5？</p>",
          "level": 1,
          "highlight": false,
          "children": [
            {
              "id": "62b402db68666092c143314f8b14fc0c",
              "author": "陳建賢",
              "time": "2022年03月22日 22:37",
              "content": "<p>如陳雷公於3月22日所答。A君拿奇數5；T君一定是拿5。宿命。</p>",
              "level": 2,
              "highlight": false,
              "children": [
                {
                  "id": "4f579da4e941c34baff3ccd10f195418",
                  "author": "內經初學者",
                  "time": "2022年03月26日 07:08",
                  "content": "<p>謝謝你的回复。我覺得4與5 在這裡是很特別的，如果你用11張撲克牌排列組合一下就可以看到。當然，團隊合作也是不可忽略的。</p>",
                  "level": 3,
                  "highlight": false,
                  "children": []
                }
              ]
            }
          ]
        }
      ]
    },
    {
      "id": "a1fa8c0c0f3e84143f590532ac5cfffb",
      "author": "周江浩",
      "time": "2022年03月19日 22:18",
      "content": "<p>第一回合：A：pass，<br/>\n第二回合：A：pass，<br/>\n第三回合：A：pass，<br/>\n第四回合：A：请T回答（4十6＝10）<br/>\n回答顺序：始终以A开始，当A请T回答时，T才可说答案。A 只能以pass次数来暗示自己的次数为4，因为A只知道自己的数字。</p>",
      "level": 0,
      "highlight": false,
      "children": []
    },
    {
      "id": "c60cb49c699382bf7aa6ec38851e129b",
      "author": "周江浩",
      "time": "2022年03月19日 22:28",
      "content": "<p>Your comment is awaiting moderation.<br/>\n第一回合：A：pass，<br/>\n第二回合：A：pass，<br/>\n第三回合：A：pass，<br/>\n第四回合：A：pass，<br/>\n第五回合：A：pass,<br/>\n第六回合：A请T回答<br/>\n回答顺序：始终以A开始，当A请T回答时，T才可说答案。T已知自己是数字4，而A在第6回合才请T回答，可推测为6，4＋6＝10，故T可答：10</p>",
      "level": 0,
      "highlight": false,
      "children": []
    },
    {
      "id": "c55c634b4751a7cf47d8a8edcb66fd6f",
      "author": "陳建賢",
      "time": "2022年03月20日 07:25",
      "content": "<p>「洛圖」更正為「洛書」。河圖、洛書，為天地定方位的圖案。地球向太陽公轉及自轉，因角度的不同，隨時產生全球各地溫度的變化及接受四方波場的不同。四季的更迭，風、寒、暑、溼、燥、火生焉，人居其中，調和、中和為首要。</p>",
      "level": 0,
      "highlight": false,
      "children": []
    },
    {
      "id": "c9ca8ec8fe5ef7f7ca2dd81aa7cafb94",
      "author": "陳建賢",
      "time": "2022年03月20日 16:13",
      "content": "<p>6+4=10，經過5母數，成立。A君直答T君是4<br/>\n6+2=8，沒經過5母數，不選2。<br/>\n如洛書圖可查證。其他2、4、8隅數可以此類推。<br/>\n492<br/>\n357<br/>\n816</p>",
      "level": 0,
      "highlight": false,
      "children": []
    },
    {
      "id": "c855128fc65edc79701ca4e70bf29492",
      "author": "陳建賢",
      "time": "2022年03月20日 23:04",
      "content": "<p>口+口=10<br/>\n或<br/>\n口+口=8<br/>\n492<br/>\n357<br/>\n816<br/>\n洛書隅角配對術數<br/>\n1）2+8=10；2+6=8。取2對8，經過中央5。即A拿2;T拿8。<br/>\n2）4+6=10；4+4=8。取4對6，經過中央5。即A拿4;T拿6。<br/>\n3）6+4=10；6+2=8。取6對4，經過中央5。即A拿6;T拿4。本文答案。<br/>\n4）8+2=10；8+0=8。取8對2，經過中央5。即A拿8;T拿2。<br/>\n5）6+4=10<br/>\n     6+2=8</p>",
      "level": 0,
      "highlight": false,
      "children": []
    },
    {
      "id": "1a24caa9a5539f94006ba1d5c8903e77",
      "author": "陳雷公",
      "time": "2022年03月22日 05:11",
      "content": "<p>口+口=10<br/>\n或<br/>\n口+口=8<br/>\n492<br/>\n357<br/>\n816<br/>\n洛書奇數配對術數<br/>\n1）1+9=10；1+7=8。取1對9，經過中央5。即A拿1;T拿9。<br/>\n2）3+7=10；3+5=8。取3對7，經過中央5。即A拿3;T拿7。<br/>\n3）5+5=10；5+3=8。A拿5；T拿5。<br/>\n4）7+3=10；5+3=8。取7對3；經過中央5。即A拿7；T拿3。<br/>\n5）9+1=10；7+1=8。取9對1；經過中央5。即A拿9；T拿1。</p>",
      "level": 0,
      "highlight": false,
      "children": []
    },
    {
      "id": "3810ae35c697297d2101eeabdbec7266",
      "author": "空",
      "time": "2022年03月28日 01:26",
      "content": "<p>双方都 pass 4次后，就能知道结果了<br/>\n第一轮pass  可以知道双方都没9或10<br/>\n第二轮pass  可以知道双方都没0<br/>\n第三轮pass  可以知道双方都没1和8<br/>\n第四轮pass  可以知道双方都没2和7<br/>\n这样四轮之后，Alex就能说出答案了。<br/>\n不知道李医生，是这个逻辑吗，大概想了20分钟</p>",
      "level": 0,
      "highlight": false,
      "children": []
    },
    {
      "id": "382abfa6749d389daf48c13f24c03174",
      "author": "空",
      "time": "2022年03月28日 01:59",
      "content": "<p>在第二篇逻辑文章中已经看到了答案</p>",
      "level": 0,
      "highlight": false,
      "children": []
    },
    {
      "id": "ae551d0c77531edd8f4cebcbf3a8772e",
      "author": "Ray",
      "time": "2022年06月10日 12:35",
      "content": "<p>Round1:<br/>\nAlex pass 代表他的數字&lt;8,否則它可以直接猜10,因為Tina&lt;0<br/>\nTina Pass 代表他的數字&lt;8,同時他的數字不會是1也不會是2, 因為假設是1or2,則答案為8</p>\n<p>Round2:<br/>\nAlex 已知 Tina 數字&lt;7且不等於1 or 2,那只有3,4,5,6, Alex自己為6 所以Tina只有可能是4</p>\n<p>答對可以換得李醫師的易經思維簽名書一本嗎?<br/>\n台灣已經沒有存貨了</p>",
      "level": 0,
      "highlight": false,
      "children": [
        {
          "id": "d04902de3bf150c95162e8276f83305a",
          "author": "李宗恩",
          "time": "2022年06月10日 13:04",
          "content": "<p>我沒有出版易經思維的書，你可能搞錯了。</p>",
          "level": 1,
          "highlight": true,
          "children": []
        }
      ]
    },
    {
      "id": "3d9066445ba4322c3e27f67b538c6907",
      "author": "王士嘉",
      "time": "2022年06月14日 16:39",
      "content": "<p>0\tTina 做第二次pass\t如果是0合就是8，1就是10<br/>\n1\tTina 做第二次pass\t如果是0合就是8，1就是10<br/>\n2\tTina 做第四次pass\t如果是2就确定了8<br/>\n3\tTina 做第四次pass\t3就是8<br/>\n4\tAlex做第五次\tPass就是Tina 做第六次等于十<br/>\n5\tAlex做第五次\t只能是10<br/>\n6\tAlex做第五次\t只能是10<br/>\n7\tAlex做第三次pass\t如果是7就是10<br/>\n8\tAlex做第三次pass\t如果他是8只能是10<br/>\n9\tAlex做第一个pass\t如果是10.9就确定了<br/>\n10\tAlex做第一个pass\t如果是10.9就确定了</p>\n<p>李医生好，不知道这个答案对不对，我有以下两个问题想请教您<br/>\n1.我看您在回答中有提到Tina 拿到4后就知道了，Alex只能是6或者4，那么是否存在更快速的解法呢？<br/>\n2.我对诸如此类的逻辑思维问题特别感兴趣，有哪些网站有这种的训练吗？<br/>\n如果您能抽空回复的话，不胜感激！期待ing.</p>",
      "level": 0,
      "highlight": false,
      "children": [
        {
          "id": "b8ac247d36e4799bfb51fbaa40aaee27",
          "author": "王士嘉",
          "time": "2022年06月14日 16:48",
          "content": "<p>看到了 《逻辑思维能力（2/2）》这篇文章知道了是对的，好好奇大佬花了多久解出来的这个问题哈哈，<br/>\n如果是针对题目的6，4还有更快速的解法吗？</p>",
          "level": 1,
          "highlight": false,
          "children": []
        }
      ]
    },
    {
      "id": "fd817a67c5eaf3aa8e4b87fc2790b73d",
      "author": "Daviddavid",
      "time": "2022年06月24日 11:36",
      "content": "<p>Alex6認Tina為4種可能： 若為4則. <br/>\n       4+6=10<br/>\n       4+4=8<br/>\n若為2則 2+6=8<br/>\n       2+8=10                      Tina4認為Alex為兩種可能  4+4=8 <br/>\n       4+6=10   所以Alex,tina各pass二次後alex若pass第三次，則tina就可推測alex超過第三種可能所以4刪除（alex若為4,只有兩種可能），所以選6和則為10</p>",
      "level": 0,
      "highlight": false,
      "children": []
    },
    {
      "id": "4a1bec215cc31bd562c681e0132adbf6",
      "author": "hansen",
      "time": "2022年10月22日 02:13",
      "content": "<p>这个题目我还有些疑问：<br/>\n1. Tina 和Alex 是要分析出他们两个数字的和是8还是10， 而不需要分析出对方手上是数字几对吗？<br/>\n2. 我来解救他们，是说我可以跟他们单独沟通，然后告知回答流程吗？<br/>\n3. Tina 和 Alex 拿到数字后，在完全不知道对方的数字情况下，就要直接回答是总和是哪个数字或者选PASS 是吗？</p>",
      "level": 0,
      "highlight": false,
      "children": []
    },
    {
      "id": "ac5a61f45754ef9a2b120fddb532d55e",
      "author": "杏林修身",
      "time": "2022年10月30日 04:50",
      "content": "<p>答：<br/>\n第一轮：A：pass，（A认为T可能为2、4）<br/>\nT：10（T分析A可能为4、6；但因为1～10数字唯一，那结果不可能为8，只能为10，A拿到的只能为6）</p>",
      "level": 0,
      "highlight": false,
      "children": []
    },
    {
      "id": "86295a5f171513c7c10bd09db493b7b7",
      "author": "vadomlore",
      "time": "2023年02月19日 18:28",
      "content": "<p>由于给每个人的数字师0-10，并且这两个数字不会重复。<br/>\nAlex看到自己的数字是6<br/>\nTina看到自己的数字是4<br/>\nAlex猜测Tina可能的数字是2,4<br/>\nTina猜测Alex的数字可能是4,6，但是Tina已经拿到了4，所以必然Alex拿到的数字是6，</p>\n<p>过程是这样：<br/>\n1. Alex Pass<br/>\n2. Tina 选择回答<br/>\n3. Alex知道Tina回答了，那猜测Tina一定是有足够的信息才能回答出来，Tina的数字只能从4,6中选择，由于自己的数字是6，Tina的数字如果是2，那Tina就会猜测Alex的数字是6或者4，不能确定答案。如果Tina拿到的数字是4，那么就会猜测Alex的数字是4或者6，但是4和Tina自身的数字重复了，因此得到唯一答案，Tina的数字就是4<br/>\n那Alex就选择回答 猜测答案是10<br/>\n总共经过3次回答</p>",
      "level": 0,
      "highlight": false,
      "children": []
    },
    {
      "id": "b86f6c687e620c00dda7c7295f6b279d",
      "author": "送你座帆船",
      "time": "2023年09月14日 19:07",
      "content": "<p>假如一个是6一个是2，就是慢慢跳过那个数字是6的人已经跳过6次了然后对面继续跳过，然后是6的人就让对方回答(因为我这边的想法是以跳过的次数代表自己的数，只要对方让你回答就把自己的数加上对面跳过的次数即可）</p>",
      "level": 0,
      "highlight": false,
      "children": []
    },
    {
      "id": "f3001c14b522523647dbf9270e4bbfc1",
      "author": "潇航",
      "time": "2023年10月18日 02:00",
      "content": "<p>首先说一下抱歉很可惜没有救到A和T  虽然答案想出来了 但是已经超过1个小时其次我也不知道思路对不对  我是用概率和双方心里想法来给出答案 A拿到的是6而两个数字相加等于8或10那么T则是2或4  用A的角度想如果T拿到的是2那么T的答案选择是6和8反之T拿到的是4那么T的答案选择是4和6 在T的四个答案中6出现两次答对概率为一半那么T肯定选6  T选择6则代表T是4</p>",
      "level": 0,
      "highlight": false,
      "children": []
    },
    {
      "id": "636aa1c616d4ac3a1887a3aab5a0e870",
      "author": "潇航",
      "time": "2023年10月18日 04:15",
      "content": "<p>我想再说详细些上面的回答还过于粗造已经知道答案只能是8或10那么用排除法来做可以一步到位 A拿到的是6 T的数字只能是2或4 站在T角度想他的答案只有684直接用A手中的加T所能选的答案很明显6和8直接排除那么答案只能是4</p>",
      "level": 0,
      "highlight": false,
      "children": []
    },
    {
      "id": "a21cef49d5147b5a3752ecc0b537ce8a",
      "author": "潇航",
      "time": "2023年10月18日 04:37",
      "content": "<p>所以答案可以一次就得出 之前想了一个多小时完全没必要 之前一直陷入脑筋急转弯类型中去了 后面仔细想了想李博士不可能弄个无聊的脑筋急转弯之类的来考我们 后面继续回到审题  从各方面思考是不是把问题搞复杂了比如毒枭会不会守信用.房子有没有其他逃跑路线 脱离了正常路线  最终还是要回归问题本身寻求答案 从有限的信息中寻找答案 并一一验证是否合理  从我个人角度呼吁各位不要胡思乱想啊 不要有那些离题的奇奇怪怪想法 延误了时间</p>",
      "level": 0,
      "highlight": false,
      "children": []
    },
    {
      "id": "7c921e873454c05a64c185a34378596c",
      "author": "淹死的鱼",
      "time": "2023年12月26日 06:26",
      "content": "<p>李宗恩博士，您好！這是晚輩的拙見，您看看這個答案合不合適<br/>\n「首先我們要明確兩點：<br/>\n❶Alex的拿到是6和Tina 拿到是4；<br/>\n❷那麼對於Alex來說只關心Tina 拿到是4或2；<br/>\n❸對於Alex來說只關心Tina 拿到是4或6；<br/>\n那麼<br/>\n❶第一回合：由於Alex無任何信息，所以只能pass；<br/>\n❷ 第一回合：由於Tina無任何信息，所以只能pass；<br/>\n但對於Alex來說，Tina不是2，不然Tina會回答8<br/>\n❸Alex知道Tina只能是4，Alex自己拿6，兩人的數字合只有可能是10」</p>",
      "level": 0,
      "highlight": false,
      "children": []
    },
    {
      "id": "01bf437e2c3163eb92a7772eeda3ffd7",
      "author": "淹死的鱼",
      "time": "2023年12月26日 14:27",
      "content": "<p>不好意思，李博士，我的表述中出現了一個低級錯誤；<br/>\n糾正過後應該是：<br/>\n「首先我們要明確兩點：<br/>\n❶Alex的拿到是6和Tina 拿到是4；<br/>\n❷那麼對於Alex來說只關心Tina 拿到是4或2；<br/>\n❸對於Tina來說只關心Alex 拿到是4或6；<br/>\n那麼<br/>\n❶第一回合：由於Alex無任何信息，所以只能pass；<br/>\n❷ 第一回合：由於Tina無任何信息，所以只能pass；<br/>\n但對於Alex來說，Tina不是2，不然Tina會回答8<br/>\n❸Alex知道Tina只能是4，Alex自己拿6，兩人的數字合只有可能是10」</p>",
      "level": 0,
      "highlight": false,
      "children": []
    },
    {
      "id": "e35cf0379dd8ce29b402808161d59228",
      "author": "Along",
      "time": "2024年01月31日 05:53",
      "content": "<p>既然能在1小时之内无限pass，那么为什么不能这样。<br/>\nAlex是主动的一方，Alex只要知道tina拿到的是几就足够了。<br/>\n那么可以这么做<br/>\n第一轮<br/>\n一开始A 直接先pass，T也跟着PASS<br/>\n然后A再PASS，T可以犹豫久一点时间再pass，只要察觉出来时间有点久就行了<br/>\n接下来再来回做3次，这3次两个人的PASS频率都比较快。<br/>\n第二轮<br/>\n重复第一轮的步骤，A就摸索出了规律，直接确定T是4</p>\n<p>然后A答10</p>",
      "level": 0,
      "highlight": false,
      "children": []
    },
    {
      "id": "a53fa6f077de5a10cce8c7a969be22c7",
      "author": "chr1234",
      "time": "2024年05月18日 03:06",
      "content": "<p>因为他们有一个小时，所以Tina可以通过pass的时间来暗示Alex，例如Tina的前三次选择的机会都快速跳过，到第四次的时候拖个20分钟或者甚至30分钟再pass，借此暗示Alex他自己的数字是4（这个时候也是总回合的第八回合，但是因为Tina不会知道他们两个人数字的和是多少，所以并不会让Alex误以为是在暗示他答8。）如果Tina没有想到这个方法，Alex可以在他自己第六次决定的时候拖长一点时间，第一到第五次则快速pass掉，借此暗示Alex他的数字是6。</p>",
      "level": 0,
      "highlight": false,
      "children": []
    },
    {
      "id": "3845f94fcca9d686e5a246263573b5d8",
      "author": "坚心",
      "time": "2024年05月31日 07:53",
      "content": "<p>李博士，我没有看答案，解题如下：对于Alex来说Tina是4或者2，Alex回答不知道；对于Tina来说Alex是4或者6，如果Alex是4，那么Tina是4或6，如果Alex是6，那么Tina是4或2，这样就可以排除Alex不是2，应该是4或者6；Tina来说就能判断出和不是8，因为Alex是4或者6，2+4只能是6,2+6才能是8，所以肯定和不是8，那肯定是10，那么那么Alex肯定是6,。</p>",
      "level": 0,
      "highlight": false,
      "children": []
    },
    {
      "id": "a8b6595fd5c8b0c87209fc4274b4724b",
      "author": "坚心",
      "time": "2024年05月31日 08:10",
      "content": "<p>再详细描述一下：<br/>\nA=6,B=4;A+B=10;对于A来说，B=2/4；对于B来说A=4/6；<br/>\nA回答Pass，那么B分析如下：<br/>\n如果A=4，那么A会推断出：我自己（B）=6/4；<br/>\n如果A=6，那么A会推断出：我自己（B）=2/4；<br/>\n这样，就可以得出B≠2，如果B=2那么A=4就不成立，所以A=6.<br/>\n然后B就可以正确的回答和为10.</p>",
      "level": 0,
      "highlight": false,
      "children": [
        {
          "id": "2c7969c23abf384dd2e593fc7168ae69",
          "author": "坚心",
          "time": "2024年05月31日 21:00",
          "content": "<p>1</p>",
          "level": 1,
          "highlight": false,
          "children": []
        }
      ]
    },
    {
      "id": "495f9f44c6754e9eeab7038cb066f42a",
      "author": "送你座帆船",
      "time": "2024年12月08日 09:34",
      "content": "<p>ALEX是6，那么对面有两种情况就是2和4， 对面如果是4的话会一直跳过，这时候等待几个回合就直接回答10。<br/>\nTINA是4，那么对面就可能是4和6，假如对面是4那我也是4，假如对面是6那我还是4。所以tina无法推断alex到底是什么，只好一直跳过，如果alex也一直在跳过，那alex也是4，tina就回答8。</p>",
      "level": 0,
      "highlight": false,
      "children": []
    },
    {
      "id": "7d757003fc7f2d743403c45fc5d41047",
      "author": "多米",
      "time": "2024年12月13日 01:49",
      "content": "<p>因为不能直接回答8或者10，所以一回答就是猜，就有可能被杀。所以需要通过PASS的次数来猜。可以告诉A和T，你们各自PASS的次数代表你们自己拿到的数字，当你们PASS的次数正好等于自己手上拿的数字时，就保持沉默，不要出声，对方就知道你是数字几，就可以根据自己手上的数字算出合为多少。已知T是4，A是6。</p>\n<p>举例：T先表态<br/>\nT:PASS  第一次<br/>\nA:PASS  第一次<br/>\nT:PASS  第二次<br/>\nA:PASS  第二次<br/>\nT:PASS  第三次<br/>\nA:PASS 第三次<br/>\nT:PASS 第四次<br/>\nA:PASS 第四次<br/>\n因为T拿的是4，所以他PASS到第4次后，就等于告诉对方，我的数字是4，此时T保持沉默，不要再表达PASS了，也不要回答合是8或10。这样A知道了T是4，就可以回答合是10.</p>\n<p>举例：A先表态<br/>\nA:PASS 第一次<br/>\nT:PASS  第一次<br/>\nA:PASS  第二次<br/>\nT:PASS  第二次<br/>\nA:PASS  第三次<br/>\nT:PASS  第三次<br/>\nA:PASS  第四次<br/>\nT:PASS  第四次</p>\n<p>一样的，T已经第4次PASS了，等于告诉对方自己拿的是4。所以他保持沉默，不需要再表达PASS了，也不要回答合是8或10。这样A就知道T是4，就可以回答合是10.</p>",
      "level": 0,
      "highlight": false,
      "children": []
    },
    {
      "id": "ee6317c37e527f681d929d070f6181b0",
      "author": "Sterne",
      "time": "2025年01月03日 10:42",
      "content": "<p>Alex拿到的是6，那么他就知道Tina拿到的是2或者4，Tina是4，那么Tina就知道Alex拿到的是4或者6.<br/>\n此时，Alex会想“如果Tina拿到的是2，会想到我拿到的是6或者8，如果Tina拿到的是4，就会想到我拿到的是4或者6。也就是说他不知道我拿到的是哪个数字的情况下，他会猜我手上的数字是4，6，8，我的数字是6，我清楚的知道他的数字是2或者4”<br/>\n同时Tina会想，如果Alex拿到的是4，会想我到拿到的是4或者6，如果Alex拿到是是6，就会想我到拿到的是2或者4，也就是说他不知道我拿到的是哪个数字的情况下，他就会猜我手上的数字是2，4，6，我的数字是4，我清楚的知道他的数字是4或者6“，基于以上，可得：<br/>\nAlex pass&gt;&gt;Alex表示自己手上没有8，因为他知道Tina拿的是2或者4，如果自己是8，则可以直接报数字10了；<br/>\nTina pass&gt;&gt;Tina表示自己手上没有6，，因为他知道Alex拿的是4或者6，如果自己是6，则可以直接报数字10了；<br/>\n此时第一轮pass完，双方都告诉了对方范围，Alex手上是4与6，Tian手上是2与4.<br/>\nAlex pass&gt;&gt;此时知道，Alex手上的是6了，如果Alex手中是4，则会直接报8；<br/>\nTian：10！！！！<br/>\n两人获救</p>",
      "level": 0,
      "highlight": false,
      "children": []
    },
    {
      "id": "b79ffe57da97a7171b90f60308293500",
      "author": "LauFlux",
      "time": "2025年06月30日 23:50",
      "content": "<p>老师我有一个比较简单的方法，因为无法交换信息导致不能获知取值范围，因此确定对面数字是复杂且没有实际意义的。<br/>\n于是我从和8和10之间是“+2”关系入手，这个+2应该发生在A\\T上，由此来做假设证明。（A代表Alex，T代表Tina）</p>\n<p>当A=6，<br/>\n若+2在A上，则T是4，4+6=10（命中）。<br/>\n若+2不在A上，则T是8，6+8=14（不存在）。<br/>\n所以和是10</p>\n<p>同理<br/>\n当T=4，<br/>\n若：+2是在T上，则A是2，4+2=6（不存在）<br/>\n若：+2不在T上，则A是6，4+6=10（命中）<br/>\n所以和是10</p>\n<p>也可以用停机理论…找一个程序p使图灵机在有限步骤内停机。<br/>\n当A=6时，猜T是2/4,由此得到左子树是2，右子树是4，再循环往复AT互猜。<br/>\n到最后会呈现做左子树遇新节点，右子树停机。</p>\n<p>所以A只能猜T是4，由此得出和是10。</p>",
      "level": 0,
      "highlight": false,
      "children": []
    }
  ],
  "page": 11,
  "order": 7,
  "filename": "data\\page11\\page11_order6_4085eebd8965b805b09d5a844e497129.json",
  "timestamp": 1753421230.412834
}