{
  "article_url": "https://andylee.pro/wp/?p=7930",
  "title": "從藥方看中醫師的思路",
  "content": "<p>連續好多篇討論新冠肺炎的文章，今天我們換個主題，來談談如何從藥方看中醫師的思路。</p>\n<p>常常有人拿中藥方給我看，問我開方的中醫師功力如何？這個藥方開得對不對？其實，這是一個很有爭議性的問題。沒有直接看到病人，沒有和主治中醫師討論，單憑藥方來解讀中醫師的功力，是很不公正的。即使我們事後直接看到病人，我們不會知道病人當初的病情，更不知道原來主治中醫師的全盤戰略，是打算直搗黃龍的進攻，還是先做好後勤補給呢？是決定直接治本，除去病根，還是先治標，減少病人當下的痛苦呢？所以，我不喜歡評論其他中醫師開的藥方，我們應該給開該藥方的中醫師基本的尊重。</p>\n<p>不過，從一個中藥方中，我們還是可以多多少少看出一些端倪，譬如中醫師偏重病人什麼方面的問題、主要想要做什麼、顧慮什麼可能的負面影響、次要考量是什麼等等。許多老字號的中藥店，看過非常多的藥方，可以從藥方中看出中醫師的個性、師承、派別等等，甚至會直接問病人是不是某位中醫師開的藥方。</p>\n<p>我們就拿最近很有名的「清肺排毒湯」來做個例子，中國中醫藥管理局公佈「清肺排毒湯」時，寫著：「麻黄9g、炙甘草6g、杏仁9g、生石膏15～30g（先煎）、桂枝9g、澤瀉9g、猪苓9g、白术9g、茯苓15g、柴胡16g、黄芩6g、薑半夏9g、生薑9g、紫菀9g、冬花9g、射干9g、细辛6g、山药12g、枳實6g、陳皮6g、藿香9g」我不知道是哪位中醫專家開的藥方，不知道是不是有一群專家幫忙修改，也不知道是不是有什麼非醫學因素的考量。但是，如果只是按照字面上的藥方來看，婉轉的說，是位「四平八穩」的中醫專家開的。說直接一點，是位「研究型」的中醫專家開的，偏向做研究、寫論文，臨床治療重症急症的經驗卻不一定那麼多。</p>\n<p>為什麼這麼說？中藥方有所謂的「君臣佐使」，雖然臨床看診開方時，沒時間那麼講究，藥方中藥材的順序卻很容易反應出中醫師的思路。重症急症經驗多的中醫師，一定把最主要治療的方向寫在最前面，畢竟那是他心裡最急著想做的動作。「清肺排毒湯」的第一段是「麻杏石甘湯」，第四段是「射干麻黃湯」。「麻杏石甘湯」通常用來治療外感轉好時，肺家仍微微發熱。「射干麻黃湯」通常用來治療肺家開始出現大量痰飲、濃稠液體的問題。相比之下，「射干麻黃湯」比「麻杏石甘湯」嚴重許多。如果醫家認為開始有肺癰了，自然會以「射干麻黃湯」為首，「麻杏石甘湯」僅僅為次要的輔助。治療重症急症經驗多的醫家，心思不會是反過來的。如果醫家認為肺熱嚴重，出現肺痿，以「大青龍湯」為首，「射干麻黃湯」為輔，也算合理，只是藥材劑量及中醫藥管理局後來的說明，都表明是基於「麻杏石甘湯」。</p>\n<p>「清肺排毒湯」的第二段是「五苓散」。「五苓散」為不錯的瘟疫預防方，然而，在治療方劑中，往往扮演著輔助的角色，不會擺在「射干麻黃湯」的前面，也很少原方照抄。而既然藥方以中上焦為主，除非病人排尿有問題，通常會省去猪苓與澤瀉。這也是為什麼金匮要略中，治療肺家問題的方劑不少用到茯苓，卻很少用到猪苓與澤瀉。如果真的要使用澤瀉，劑量得大過猪苓和白术，甚至大過茯苓，才能達到想要的效果。另外，真的治療重症急症多的中醫師會使用「生半夏」，而不是「薑半夏」，藥性不足，緩不濟急。如果非得以「薑半夏」代替「生半夏」，那劑量也得增加不少。</p>\n<p>換句話說，從「清肺排毒湯」的藥材組合及順序看來，中醫專家並非依照自己臨床治療重症急症的經驗來開方，而是廣納四方意見，「研究協商」之下，把「麻杏石甘湯」、「五苓散」、「小柴胡湯」、「射干麻黃湯」一個一個擺在一起，再加上山药、枳實、陳皮、藿香來應付一下部分病人可能有腸胃道的症狀。所以，前面會說開藥方的中醫專家，看起來是偏向做研究、寫論文的研究學者。</p>\n<p>當然，這裡只是為了討論方便，拿「清肺排毒湯」做個例子，針對藥方公佈的字面來解說而已。我們並不知道「清肺排毒湯」到底是如何產生的，也可能是位功力很高、治療重症急症經驗很多的中醫專家開了藥方後，為了不得罪其他中醫專家，為了能夠引經據典，為了各種非醫療因素的顧忌，藥方歷經多人多次修改才發佈出來。更可能是本來想使用效果好很多的「生半夏」，卻擔心大家買不到，不得已改成一般市場上的「薑半夏」。畢竟，這次對抗新冠疫情，「清肺排毒湯」為各省各市發佈那麼多的通方中，最到位的一個方劑，也確實造成了很大的貢獻，值得大家的贊許與敬重。</p>",
  "article_time": "2020年04月09日 17:44",
  "comments": [
    {
      "id": "63dc61f08aa69ba4438a9078675f16b3",
      "author": "shawn",
      "time": "2020年04月09日 18:07",
      "content": "<p>我猜测五苓散的用意是针对部分新冠症状拉肚子情况。公开方剂还要担心不对症的人自行买来喝，官僚机构永远是四平八稳</p>",
      "level": 0,
      "highlight": false,
      "children": [
        {
          "id": "6ccbf98a4c61f710d3004276b45baa18",
          "author": "李宗恩",
          "time": "2020年04月09日 19:44",
          "content": "<p>部份新冠肺炎病人的腹瀉症狀，偏向葛芩連湯證，一般流感葛根湯證也常常導致葛芩連湯證而腹瀉。清肺排毒湯裡的五苓散是應該還是希望全身水道順暢，減少胸腔積液、肺積水的可能，然而，除非病人小便不利，使用白朮和茯苓即可，藥越精簡越好。</p>",
          "level": 1,
          "highlight": true,
          "children": [
            {
              "id": "5135e84fe90f3a069cc2a3bb9c9f2826",
              "author": "沈煇峰",
              "time": "2020年04月09日 21:10",
              "content": "<p>有位病人先有葛根湯證，但我看到的時候表證已少，主證變成熱利（已一週），裏急後重，肛門灼熱，大便腥臭，飯後2小時後即下利，下脘壓痛，但上焦舌苔一派寒象，有時小畏寒，我想給葛芩連湯但又沒把握，最後猶豫的給了半夏瀉心湯，一日後利止。但我覺得我只是運氣好，因為我的思路並不是很清晰，李醫師您能否從這案例中提供我一些思路上的建議，感恩。</p>",
              "level": 2,
              "highlight": false,
              "children": [
                {
                  "id": "a1f6d7ef05000862effc077b3ddccf16",
                  "author": "李宗恩",
                  "time": "2020年04月10日 09:36",
                  "content": "<p>只看你的敘述，應該是葛芩連湯證。表寒下還是有可能有葛芩連湯證，適度使用葛芩連湯救急。</p>",
                  "level": 3,
                  "highlight": true,
                  "children": [
                    {
                      "id": "9e44ad45bcc14865a95d019045de2b06",
                      "author": "沈煇峰",
                      "time": "2020年04月10日 19:16",
                      "content": "<p>謝謝李醫師的指導！</p>",
                      "level": 4,
                      "highlight": false,
                      "children": []
                    }
                  ]
                }
              ]
            }
          ]
        }
      ]
    },
    {
      "id": "9b68a9b23d7a0e020db5b5a7930e03b6",
      "author": "shawn",
      "time": "2020年04月09日 18:14",
      "content": "<p>至于霍香那一段，大概率是“吸收了其他专家的意见”，很难想象开出了之前那一段药方的医师，非要加上这一段，既然不伤大雅，那就加在末尾..</p>",
      "level": 0,
      "highlight": false,
      "children": [
        {
          "id": "436db1ca0ce0fe0bd9ff12a81cce45b7",
          "author": "shawn",
          "time": "2020年04月09日 19:23",
          "content": "<p>唯独柴胡黄芩比较莫名其妙，还加重了柴胡的量，新闻报道中暂时没看到典型的少阳证。虽然也说得过去，患了新冠的人哪个不是忧心忡忡而中医师都常见用小柴胡疏肝，或者有更深层次的考虑，但第一眼看确实让人感觉很组方生硬稍显杂乱</p>",
          "level": 1,
          "highlight": false,
          "children": [
            {
              "id": "8723ef8cb92b618ce7c926067248c809",
              "author": "李宗恩",
              "time": "2020年04月09日 19:47",
              "content": "<p>許多新冠肺炎病人住院治療期間出現肝指數飆高的情況，部份專家認為是病毒攻擊肝臟，我和不少專家討論，覺得也有可能是大量使用西藥的結果，譬如干擾素的副作用就包括肝臟損傷。所以，加入柴胡和黄芩，是有些道理的。</p>",
              "level": 2,
              "highlight": true,
              "children": []
            }
          ]
        },
        {
          "id": "9de651eb9bf777fbc6c2238b445628c8",
          "author": "李宗恩",
          "time": "2020年04月09日 19:44",
          "content": "<p>多少得顧慮時方專家的意見。</p>",
          "level": 1,
          "highlight": true,
          "children": []
        }
      ]
    },
    {
      "id": "a48ef44b5624f34585b311de1aa6cb1a",
      "author": "TonyTransit",
      "time": "2020年04月10日 11:31",
      "content": "<p>《中华医药 抗击疫情》报道过，“清肺排毒汤”专家组的组长是北京中医药大学副校长王伟教授。所以说“清肺排毒汤”是一位偏向研究型的中医专家设计的分析完全正确。</p>",
      "level": 0,
      "highlight": false,
      "children": [
        {
          "id": "4198a6978888d1dc8e66a0ffa10bd7f0",
          "author": "李宗恩",
          "time": "2020年04月10日 12:37",
          "content": "<p>謝謝你告訴我。</p>",
          "level": 1,
          "highlight": true,
          "children": [
            {
              "id": "ff33bf201c2850ff7d40a90e8d3baf2c",
              "author": "Karunavihari",
              "time": "2020年04月10日 17:04",
              "content": "<p>李老师，这链接里有一清肺排毒汤的诞生记，https://m.sohu.com/sa/383902718_120044958?from=singlemessage&amp;isappinstalled=0<br/>\n谨供您参考。非常感恩您无私的奉献，愿您和诊所的仝仁都平安吉祥。</p>",
              "level": 2,
              "highlight": false,
              "children": [
                {
                  "id": "b403572bb8fbdd15f4e87c171c4aa687",
                  "author": "李宗恩",
                  "time": "2020年04月13日 08:54",
                  "content": "<p>謝謝你告訴我。</p>",
                  "level": 3,
                  "highlight": true,
                  "children": [
                    {
                      "id": "5554c90a510bdb578bbe3f0ceb44b55d",
                      "author": "王彦强",
                      "time": "2024年05月22日 12:55",
                      "content": "<p>李医师，清肺排毒汤的拟方人是葛又文，是一位中医票友，经方爱好者，就像倪师的野生弟子一样，他本人在大陆没有行医资格证，为了避免尴尬中医药管理局给葛一个中医药研究院特聘研究员的名份。从这点看经方多历害。</p>",
                      "level": 4,
                      "highlight": false,
                      "children": []
                    }
                  ]
                }
              ]
            }
          ]
        }
      ]
    },
    {
      "id": "eda11c25fb55dcb3aa646f4cf5f880d6",
      "author": "Hzdx Wu",
      "time": "2020年04月10日 18:01",
      "content": "<p>李医师您好！倪师以肝癌治疗为例，对泄南补北作了详细的讲解。对于补水后，水对木的生，和水对火的克，这二种作用都分析了。但对于培土，他只提到了，补土只有一个好处，就是土生金。但对于土能否克水却未加说明。是否在这种情况下，土不会克到水，还是别的原因。如能克到水，这对整体效果将会产生什么样的影响，对肝癌，又会产生什么样的影响？<br/>\n望在百忙中不吝赐教！谢谢！</p>",
      "level": 0,
      "highlight": false,
      "children": [
        {
          "id": "ead1c26b3bb62094c64bff719632a49b",
          "author": "姑射山清风",
          "time": "2020年04月10日 23:38",
          "content": "<p>我理解倪师讲的意思是补土可以防止木对土的过分克制，同时补土也是使脾胃恢复正常，从而把五行的关系推向相生方向</p>",
          "level": 1,
          "highlight": false,
          "children": []
        },
        {
          "id": "d8cc0da17eb938f793620cc01ba38803",
          "author": "李宗恩",
          "time": "2020年04月13日 10:32",
          "content": "<p>「剋」並非「傷害」，而是「協助管理」，管太多管太少都會出問題。我建議你不要把問題太理論化，五行是一個概念，並非像工程師硬邦邦的調整五個變數。</p>",
          "level": 1,
          "highlight": true,
          "children": []
        }
      ]
    },
    {
      "id": "35a8dda4745a6195a2948a08fbf33240",
      "author": "姑射山清风",
      "time": "2020年04月10日 23:38",
      "content": "<p>我理解倪师讲的意思是补土可以防止木对土的过分克制，同时补土也是使脾胃恢复正常，从而把五行的关系推向相生方向</p>",
      "level": 0,
      "highlight": false,
      "children": []
    },
    {
      "id": "d1d9addb4611372a2dba1e9486a525cb",
      "author": "Karunavihari",
      "time": "2020年04月11日 08:22",
      "content": "<p>李老师，您好！今天刚收到一讯息，希望能向您求救的，有一位88岁的老人家，患直肠癌，大便带血及肛门流血多，靠输血维持。因年龄和体质原因不能重受手术治疗了，多名教授见意选择放疗，下周二开始放疗。恳请在她化疗前能给意见，如果有中国国内的医师介绍那就好，已经截图您关于癌症化疗与中医相关的资讯给她友人了。谢谢您。</p>",
      "level": 0,
      "highlight": false,
      "children": [
        {
          "id": "8514f01e2c4331967147a4d45e87ccb8",
          "author": "李宗恩",
          "time": "2020年04月13日 11:40",
          "content": "<p>我對大陸的情況不了解。</p>",
          "level": 1,
          "highlight": true,
          "children": []
        },
        {
          "id": "c6d50e876ba7732a162418a275256b95",
          "author": "毛",
          "time": "2020年04月13日 20:58",
          "content": "<p>那个要化疗的88岁老人为什么不在当地找个好中医师看看，为什么要那么急就用西医的方式治疗？</p>",
          "level": 1,
          "highlight": false,
          "children": []
        }
      ]
    },
    {
      "id": "28a9dfc299ce04650b932cdea7ff431f",
      "author": "陳先生",
      "time": "2020年05月10日 03:16",
      "content": "<p>李老師您好 因為家父被診斷為舌癌第四期有併發淋巴腫患，目前家人很掙扎，但是還沒有做過化療跟電療， 正在嘗試使用中藥，但是因為我們對於中藥怎麼煎煮並不熟悉，希望能請教您所用的煎煮方式， 家裡目前有高耐燒陶鍋跟不鏽鋼鍋， 想要請教您，我應該放多少水，要煎煮多少時間， 或是怎樣的方式是比較正確的，非常感謝您，藥方如下，目前的藥方如下，抓藥的單位是錢</p>\n<p>柴胡 3<br/>\n鬱金 3<br/>\n白芍 4<br/>\n黃芩 2<br/>\n龍膽草 3<br/>\n黃連 2<br/>\n鱉甲 3<br/>\n茜草 3<br/>\n補骨脂 3<br/>\n知母 2<br/>\n川揀子3<br/>\n桃仁 2<br/>\n丹皮 2<br/>\n牡蠣 10<br/>\n瓦楞子 5<br/>\n酸棗仁 3<br/>\n當歸 2<br/>\n絡石藤 4<br/>\n澤瀉 5<br/>\n茯苓 3<br/>\n防己 8</p>\n<p>大黃1.5 另外裝 5份</p>",
      "level": 0,
      "highlight": false,
      "children": [
        {
          "id": "f7aa6c272f7db57762f75f3be6f338ec",
          "author": "陳先生",
          "time": "2020年05月10日 04:08",
          "content": "<p>另外我也會擔心，是否用自來水煮藥是不對的，因為有氯，請教李老師，煮藥的水是否用純水或離子水會比較好呢？謝謝</p>",
          "level": 1,
          "highlight": false,
          "children": []
        },
        {
          "id": "6539b6e95bc2deda814b72da6dda855e",
          "author": "李宗恩",
          "time": "2020年05月10日 20:28",
          "content": "<p>這你得問幫你父親看診開藥方的醫生。</p>",
          "level": 1,
          "highlight": true,
          "children": []
        }
      ]
    },
    {
      "id": "2abf952b93d4f5c5f297f12e1e9d7ffe",
      "author": "李梁",
      "time": "2023年09月18日 12:27",
      "content": "<p>还是要感恩倪师，感恩李医师，这个怎么说呢！其实高手过招，一个病人在了解清楚病情后，开出来的方子，互相都能知道道行深浅。你怎么下手的，先后顺序等等一目了然。鄙人作为一个自学中医爱好者，学习了一年的中医，后面去看我前些年去我们湖北省中医院看病跟我开的方子，一目了然，这才让我不免对大陆中医产生很大的失望！</p>",
      "level": 0,
      "highlight": false,
      "children": []
    }
  ],
  "page": 21,
  "order": 7,
  "filename": "data\\page21\\page21_order6_436db1ca0ce0fe0bd9ff12a81cce45b7.json"
}